operation,stage,owner,target_recall,ef,recall,labels_sha256,distances_sha256
insert,0,initial,0.95,10,0.7276,180099c4bddffb0acd0ea25d8b6321836beed4fe5b298226eb55170d04b16622,98e5c479acbf9cc9f427d739c9cd8cc95125f2eb72a709c57f5f200febda0b96
insert,0,initial,0.95,11,0.752,02bca2f159b68ffa855eff3ca704bd33f87f6920c008c5dd8812a85270c79209,83eae5cc0c35a86e486520c5745707c779a9c223c891ac054b4fc1e2d89befc2
insert,0,initial,0.95,12,0.7729,972c4429c52261dea82c2c559d0ae4d9530f794983cb093b30a4820234bbaf91,60ad42678797f49c90cd86035a7ea65f2d66a23ee3291896de206a83df3d8659
insert,0,initial,0.95,13,0.7888,d4831a22ea1a0de5896ffc5bfd243534dadc73cdb0393c400989394abba5d96f,1879f11fb0fe9ae87417119626611263f39c53121c3c1e837aaa6a9fbcf64cfc
insert,0,initial,0.95,14,0.8041,d056d379b440183cbab98861d550068e050a7f3678f6de1bbca2f3ad53d5d3f7,50582cfe3fbd580d36ee80b3768da795a8e29940984133cd2f91ff082dae7bc3
insert,0,initial,0.95,15,0.8164,5d4f65b1e2d3c5baae6a8d88afd6be1ddcb7bc8b4e02578007d13471638dca35,32ff38bbaa2058aa62490aa20bacfbeab5a52b9e58b45339593217013bd41979
insert,0,initial,0.95,16,0.8289,b9868fe2065850ebb35787321c158ad842ddaf85f4db379f5b7aeea3438e9989,a13f80e36e644a9856375680dc8d8125d9d137389be8155890890332935860e8
insert,0,initial,0.95,17,0.8398,5f2a7da6270074c3ac3c4955eb2f8bebb1c90e29b35debc4510b0cda02c17a5f,d06288776a0e79feebe1a8da07c06e319f10c75dfb89dfcd42392fe28147d571
insert,0,initial,0.95,18,0.8505,dad79d21602af331f5d69a72b4065e2ddffcee879a8db053fbe3bf2c04b1b213,2ec2150f137615312e21d835d882f7924be7fe9affcf6ceef6b3a23bc4291787
insert,0,initial,0.95,19,0.8589,0ac88349cbef3a78a0cac925437455966a9a502a7a959d3e23ce938a3a13aa96,0374bc421bece47cc1a1c979e2c4dd82f625e345fd2003d5c293910645383820
insert,0,initial,0.95,20,0.8663,9e477349764d87cfa020ccd6bbac170cc15a43e9724bba9a9212d42c5e5e7e43,950817c176c1ee0eeea4c4a64c1adb16c0c1c5047c770c012eb4971da8a2fdcf
insert,0,initial,0.95,21,0.874,25e136480fd6d5fcd9c98fdc5fa86aad78e0f6b8195594aade62d856dd7ee6da,2221467f48da2b7ffcb8d98923d8b18a153eb0f29f9f78843979958aee0d49e7
insert,0,initial,0.95,22,0.8821,09b4d62db000a6077add2c2614bbf53879ade1533a429d1ccfff058cae4f2277,b9fce8f727679829dce1c0f6b325faebb8816fd6ffb1516568ca059e76c02d74
insert,0,initial,0.95,23,0.8888,9db381c2274037e9bd3f2e2d1b7b359d07fc368c588954a50a115474cde368ed,32b7e7f9d66343936372395279103256f32d16472e238a3ae37d1da07db32816
insert,0,initial,0.95,24,0.8943,4f4d3636e74b156f6d1b6ec8195d14fb0beee7a6a1c2c92512290a2c6faab43b,b1b1281772671ca22405a72bff0ed4ae210ff4802e9fdc704a32134778437a90
insert,0,initial,0.95,25,0.8976,2df1316b3cf3bb278ce9943951afaa8fbc3eb2b91affc8f0e7ddbbd1b6eb5eee,28a541518e99ce72c516467baacceedc955ffe8e110e69aadfb43e4dcd50bc4f
insert,0,initial,0.95,26,0.9029,5470ea2fee8d25e4e418fb074737d1e4fd9e3afcfe154ce430c484432a74ee34,a43331f8b7d966bc1b218d0ae1585b903dbed27c62ce07e8c5fa8d5abb767c54
insert,0,initial,0.95,27,0.9084,a34b48a01dab29b93845e73fc871eb9e898977b5b9df0d4e39b316ad8e7a3fce,daf1cfdb2383522ce82ce6a1d00c333282a7c0faded87bd67efb2d22ecadf521
insert,0,initial,0.95,28,0.9109,896f67dde478c5a03a21971fc8337158bed79ece7f835755fe5b8e4e038718de,5876a806cb661d620c5ffb64eea9a1343e3020eb34ab77e3de64cc5315b45254
insert,0,initial,0.95,29,0.9158,a84bb6959ca7dd6472dfc27d0980aef3b954e7c1a6e1079a7934f9d6553098a4,cc6f6b4f85e7c123ed7d15963ff96619991a6129c368b8185f1a68f0f51a9874
insert,0,initial,0.95,30,0.9207,41d00ea56612bded88719adcc1d4435483548ef467d080ef21bceec6a2a95c60,29a9aca7891dc0f0ac3d4198543c89b9a821b2cad6c7620baf954ec58c8cfa99
insert,0,initial,0.95,31,0.9241,2833e60b1d0c782a8f5bd3d4136c8fe70d9664c842f633262b76cfa6b1f648a6,fac81a8c104dc135bc2636e9c5e6cf7e07497f8169f51979d5ba64fdd6ae5f3d
insert,0,initial,0.95,32,0.9275,a98558b79f1f67dbadaa0c5323662306ad9ee6e0358b04a90117d93aaa9b8be0,2324b05fec3fa5053ac7f9a787c40d89724e16e201a28d3878796a050f8863a5
insert,0,initial,0.95,33,0.9317,65fc926ea63ad5cde8c440606b1023bfff3ce012dfbbdaa818a0d1f7ee2838b3,8e72ee027a6366523aa3c31a6c88107a69df4c71faf972b9422c999ac119e2b6
insert,0,initial,0.95,34,0.9343,6ed521d4315859918de1bb1c9b19adc89c97bef6b8d1db182bbe98776dae4d3e,25eb17f0afb50495f7dc13e76d70573bb8d1ca56619f67b0114a89575263e40d
insert,0,initial,0.95,35,0.9368,2c9cf102ac5bdbdce882503649dfbcab6544d19d26c669d7cbc106cf1f782856,676d907801ff7ea491119254df782a9cc4d013a6e7fb4cf6fe048644ce37fdb9
insert,0,initial,0.95,36,0.939,6603666470cd9dc7f1b8a7c254dc67be18a3fd04a7a9a897d5727e5c9dc4337f,cfa51207c4c613763bf9f365443e951b20180614bc9e021a83be1f23cb209b10
insert,0,initial,0.95,37,0.9415,487b7cbedaeb2198a2d10462adac698a8daeff8ccaa732dbca2d98cbab87bcd2,44e8729b1f4a3e7ca7bd9bd2f15b141bfab9c0326543bef6de2daafac2112460
insert,0,initial,0.95,38,0.9432,8e812e84eb798d6838d5c0448e1c1751f1d156d9e792c899d2960383776690d4,7528df6d0c95cd733bc3e143b404ec6c3b4d3b3b52d2775ef1bbc6f5c4864d59
insert,0,initial,0.95,39,0.9457,2592ffc3fe7a2bf821df869d98391c84fb4c55b0c2cf31ff3b7d5929dc9cffb9,34d66d8a19b57dd67a6ba7601582a7966efe4b8be7a114c3b0834c1dc2a4fb26
insert,0,initial,0.95,40,0.9484,5043a26480e9b00c40d4e73325f9f64a4f95092c34e26b6c9c20d71c8dedeb80,d2c993e54a6cb4b3ece915c138e59dd19446b73435c4474ec01dbb796e2e21fe
insert,0,initial,0.95,41,0.9509,75ff3d6e9bafad3a9008a5a29266e81b8deb8763d3689ee102b7771796a1d451,756ab1f3a169f1e601e55cb6c078fd74710baa3c1a9c3083b45091264293d534
insert,0,current,0.95,10,0.7276,180099c4bddffb0acd0ea25d8b6321836beed4fe5b298226eb55170d04b16622,98e5c479acbf9cc9f427d739c9cd8cc95125f2eb72a709c57f5f200febda0b96
insert,0,current,0.95,11,0.752,02bca2f159b68ffa855eff3ca704bd33f87f6920c008c5dd8812a85270c79209,83eae5cc0c35a86e486520c5745707c779a9c223c891ac054b4fc1e2d89befc2
insert,0,current,0.95,12,0.7729,972c4429c52261dea82c2c559d0ae4d9530f794983cb093b30a4820234bbaf91,60ad42678797f49c90cd86035a7ea65f2d66a23ee3291896de206a83df3d8659
insert,0,current,0.95,13,0.7888,d4831a22ea1a0de5896ffc5bfd243534dadc73cdb0393c400989394abba5d96f,1879f11fb0fe9ae87417119626611263f39c53121c3c1e837aaa6a9fbcf64cfc
insert,0,current,0.95,14,0.8041,d056d379b440183cbab98861d550068e050a7f3678f6de1bbca2f3ad53d5d3f7,50582cfe3fbd580d36ee80b3768da795a8e29940984133cd2f91ff082dae7bc3
insert,0,current,0.95,15,0.8164,5d4f65b1e2d3c5baae6a8d88afd6be1ddcb7bc8b4e02578007d13471638dca35,32ff38bbaa2058aa62490aa20bacfbeab5a52b9e58b45339593217013bd41979
insert,0,current,0.95,16,0.8289,b9868fe2065850ebb35787321c158ad842ddaf85f4db379f5b7aeea3438e9989,a13f80e36e644a9856375680dc8d8125d9d137389be8155890890332935860e8
insert,0,current,0.95,17,0.8398,5f2a7da6270074c3ac3c4955eb2f8bebb1c90e29b35debc4510b0cda02c17a5f,d06288776a0e79feebe1a8da07c06e319f10c75dfb89dfcd42392fe28147d571
insert,0,current,0.95,18,0.8505,dad79d21602af331f5d69a72b4065e2ddffcee879a8db053fbe3bf2c04b1b213,2ec2150f137615312e21d835d882f7924be7fe9affcf6ceef6b3a23bc4291787
insert,0,current,0.95,19,0.8589,0ac88349cbef3a78a0cac925437455966a9a502a7a959d3e23ce938a3a13aa96,0374bc421bece47cc1a1c979e2c4dd82f625e345fd2003d5c293910645383820
insert,0,current,0.95,20,0.8663,9e477349764d87cfa020ccd6bbac170cc15a43e9724bba9a9212d42c5e5e7e43,950817c176c1ee0eeea4c4a64c1adb16c0c1c5047c770c012eb4971da8a2fdcf
insert,0,current,0.95,21,0.874,25e136480fd6d5fcd9c98fdc5fa86aad78e0f6b8195594aade62d856dd7ee6da,2221467f48da2b7ffcb8d98923d8b18a153eb0f29f9f78843979958aee0d49e7
insert,0,current,0.95,22,0.8821,09b4d62db000a6077add2c2614bbf53879ade1533a429d1ccfff058cae4f2277,b9fce8f727679829dce1c0f6b325faebb8816fd6ffb1516568ca059e76c02d74
insert,0,current,0.95,23,0.8888,9db381c2274037e9bd3f2e2d1b7b359d07fc368c588954a50a115474cde368ed,32b7e7f9d66343936372395279103256f32d16472e238a3ae37d1da07db32816
insert,0,current,0.95,24,0.8943,4f4d3636e74b156f6d1b6ec8195d14fb0beee7a6a1c2c92512290a2c6faab43b,b1b1281772671ca22405a72bff0ed4ae210ff4802e9fdc704a32134778437a90
insert,0,current,0.95,25,0.8976,2df1316b3cf3bb278ce9943951afaa8fbc3eb2b91affc8f0e7ddbbd1b6eb5eee,28a541518e99ce72c516467baacceedc955ffe8e110e69aadfb43e4dcd50bc4f
insert,0,current,0.95,26,0.9029,5470ea2fee8d25e4e418fb074737d1e4fd9e3afcfe154ce430c484432a74ee34,a43331f8b7d966bc1b218d0ae1585b903dbed27c62ce07e8c5fa8d5abb767c54
insert,0,current,0.95,27,0.9084,a34b48a01dab29b93845e73fc871eb9e898977b5b9df0d4e39b316ad8e7a3fce,daf1cfdb2383522ce82ce6a1d00c333282a7c0faded87bd67efb2d22ecadf521
insert,0,current,0.95,28,0.9109,896f67dde478c5a03a21971fc8337158bed79ece7f835755fe5b8e4e038718de,5876a806cb661d620c5ffb64eea9a1343e3020eb34ab77e3de64cc5315b45254
insert,0,current,0.95,29,0.9158,a84bb6959ca7dd6472dfc27d0980aef3b954e7c1a6e1079a7934f9d6553098a4,cc6f6b4f85e7c123ed7d15963ff96619991a6129c368b8185f1a68f0f51a9874
insert,0,current,0.95,30,0.9207,41d00ea56612bded88719adcc1d4435483548ef467d080ef21bceec6a2a95c60,29a9aca7891dc0f0ac3d4198543c89b9a821b2cad6c7620baf954ec58c8cfa99
insert,0,current,0.95,31,0.9241,2833e60b1d0c782a8f5bd3d4136c8fe70d9664c842f633262b76cfa6b1f648a6,fac81a8c104dc135bc2636e9c5e6cf7e07497f8169f51979d5ba64fdd6ae5f3d
insert,0,current,0.95,32,0.9275,a98558b79f1f67dbadaa0c5323662306ad9ee6e0358b04a90117d93aaa9b8be0,2324b05fec3fa5053ac7f9a787c40d89724e16e201a28d3878796a050f8863a5
insert,0,current,0.95,33,0.9317,65fc926ea63ad5cde8c440606b1023bfff3ce012dfbbdaa818a0d1f7ee2838b3,8e72ee027a6366523aa3c31a6c88107a69df4c71faf972b9422c999ac119e2b6
insert,0,current,0.95,34,0.9343,6ed521d4315859918de1bb1c9b19adc89c97bef6b8d1db182bbe98776dae4d3e,25eb17f0afb50495f7dc13e76d70573bb8d1ca56619f67b0114a89575263e40d
insert,0,current,0.95,35,0.9368,2c9cf102ac5bdbdce882503649dfbcab6544d19d26c669d7cbc106cf1f782856,676d907801ff7ea491119254df782a9cc4d013a6e7fb4cf6fe048644ce37fdb9
insert,0,current,0.95,36,0.939,6603666470cd9dc7f1b8a7c254dc67be18a3fd04a7a9a897d5727e5c9dc4337f,cfa51207c4c613763bf9f365443e951b20180614bc9e021a83be1f23cb209b10
insert,0,current,0.95,37,0.9415,487b7cbedaeb2198a2d10462adac698a8daeff8ccaa732dbca2d98cbab87bcd2,44e8729b1f4a3e7ca7bd9bd2f15b141bfab9c0326543bef6de2daafac2112460
insert,0,current,0.95,38,0.9432,8e812e84eb798d6838d5c0448e1c1751f1d156d9e792c899d2960383776690d4,7528df6d0c95cd733bc3e143b404ec6c3b4d3b3b52d2775ef1bbc6f5c4864d59
insert,0,current,0.95,39,0.9457,2592ffc3fe7a2bf821df869d98391c84fb4c55b0c2cf31ff3b7d5929dc9cffb9,34d66d8a19b57dd67a6ba7601582a7966efe4b8be7a114c3b0834c1dc2a4fb26
insert,0,current,0.95,40,0.9484,5043a26480e9b00c40d4e73325f9f64a4f95092c34e26b6c9c20d71c8dedeb80,d2c993e54a6cb4b3ece915c138e59dd19446b73435c4474ec01dbb796e2e21fe
insert,0,current,0.95,41,0.9509,75ff3d6e9bafad3a9008a5a29266e81b8deb8763d3689ee102b7771796a1d451,756ab1f3a169f1e601e55cb6c078fd74710baa3c1a9c3083b45091264293d534
insert,1,initial,0.95,10,0.7276,180099c4bddffb0acd0ea25d8b6321836beed4fe5b298226eb55170d04b16622,98e5c479acbf9cc9f427d739c9cd8cc95125f2eb72a709c57f5f200febda0b96
insert,1,initial,0.95,11,0.752,02bca2f159b68ffa855eff3ca704bd33f87f6920c008c5dd8812a85270c79209,83eae5cc0c35a86e486520c5745707c779a9c223c891ac054b4fc1e2d89befc2
insert,1,initial,0.95,12,0.7729,972c4429c52261dea82c2c559d0ae4d9530f794983cb093b30a4820234bbaf91,60ad42678797f49c90cd86035a7ea65f2d66a23ee3291896de206a83df3d8659
insert,1,initial,0.95,13,0.7888,d4831a22ea1a0de5896ffc5bfd243534dadc73cdb0393c400989394abba5d96f,1879f11fb0fe9ae87417119626611263f39c53121c3c1e837aaa6a9fbcf64cfc
insert,1,initial,0.95,14,0.8041,d056d379b440183cbab98861d550068e050a7f3678f6de1bbca2f3ad53d5d3f7,50582cfe3fbd580d36ee80b3768da795a8e29940984133cd2f91ff082dae7bc3
insert,1,initial,0.95,15,0.8164,5d4f65b1e2d3c5baae6a8d88afd6be1ddcb7bc8b4e02578007d13471638dca35,32ff38bbaa2058aa62490aa20bacfbeab5a52b9e58b45339593217013bd41979
insert,1,initial,0.95,16,0.8289,b9868fe2065850ebb35787321c158ad842ddaf85f4db379f5b7aeea3438e9989,a13f80e36e644a9856375680dc8d8125d9d137389be8155890890332935860e8
insert,1,initial,0.95,17,0.8398,5f2a7da6270074c3ac3c4955eb2f8bebb1c90e29b35debc4510b0cda02c17a5f,d06288776a0e79feebe1a8da07c06e319f10c75dfb89dfcd42392fe28147d571
insert,1,initial,0.95,18,0.8505,dad79d21602af331f5d69a72b4065e2ddffcee879a8db053fbe3bf2c04b1b213,2ec2150f137615312e21d835d882f7924be7fe9affcf6ceef6b3a23bc4291787
insert,1,initial,0.95,19,0.8589,0ac88349cbef3a78a0cac925437455966a9a502a7a959d3e23ce938a3a13aa96,0374bc421bece47cc1a1c979e2c4dd82f625e345fd2003d5c293910645383820
insert,1,initial,0.95,20,0.8663,9e477349764d87cfa020ccd6bbac170cc15a43e9724bba9a9212d42c5e5e7e43,950817c176c1ee0eeea4c4a64c1adb16c0c1c5047c770c012eb4971da8a2fdcf
insert,1,initial,0.95,21,0.874,25e136480fd6d5fcd9c98fdc5fa86aad78e0f6b8195594aade62d856dd7ee6da,2221467f48da2b7ffcb8d98923d8b18a153eb0f29f9f78843979958aee0d49e7
insert,1,initial,0.95,22,0.8821,09b4d62db000a6077add2c2614bbf53879ade1533a429d1ccfff058cae4f2277,b9fce8f727679829dce1c0f6b325faebb8816fd6ffb1516568ca059e76c02d74
insert,1,initial,0.95,23,0.8888,9db381c2274037e9bd3f2e2d1b7b359d07fc368c588954a50a115474cde368ed,32b7e7f9d66343936372395279103256f32d16472e238a3ae37d1da07db32816
insert,1,initial,0.95,24,0.8943,4f4d3636e74b156f6d1b6ec8195d14fb0beee7a6a1c2c92512290a2c6faab43b,b1b1281772671ca22405a72bff0ed4ae210ff4802e9fdc704a32134778437a90
insert,1,initial,0.95,25,0.8976,2df1316b3cf3bb278ce9943951afaa8fbc3eb2b91affc8f0e7ddbbd1b6eb5eee,28a541518e99ce72c516467baacceedc955ffe8e110e69aadfb43e4dcd50bc4f
insert,1,initial,0.95,26,0.9029,5470ea2fee8d25e4e418fb074737d1e4fd9e3afcfe154ce430c484432a74ee34,a43331f8b7d966bc1b218d0ae1585b903dbed27c62ce07e8c5fa8d5abb767c54
insert,1,initial,0.95,27,0.9084,a34b48a01dab29b93845e73fc871eb9e898977b5b9df0d4e39b316ad8e7a3fce,daf1cfdb2383522ce82ce6a1d00c333282a7c0faded87bd67efb2d22ecadf521
insert,1,initial,0.95,28,0.9109,896f67dde478c5a03a21971fc8337158bed79ece7f835755fe5b8e4e038718de,5876a806cb661d620c5ffb64eea9a1343e3020eb34ab77e3de64cc5315b45254
insert,1,initial,0.95,29,0.9158,a84bb6959ca7dd6472dfc27d0980aef3b954e7c1a6e1079a7934f9d6553098a4,cc6f6b4f85e7c123ed7d15963ff96619991a6129c368b8185f1a68f0f51a9874
insert,1,initial,0.95,30,0.9207,41d00ea56612bded88719adcc1d4435483548ef467d080ef21bceec6a2a95c60,29a9aca7891dc0f0ac3d4198543c89b9a821b2cad6c7620baf954ec58c8cfa99
insert,1,initial,0.95,31,0.9241,2833e60b1d0c782a8f5bd3d4136c8fe70d9664c842f633262b76cfa6b1f648a6,fac81a8c104dc135bc2636e9c5e6cf7e07497f8169f51979d5ba64fdd6ae5f3d
insert,1,initial,0.95,32,0.9275,a98558b79f1f67dbadaa0c5323662306ad9ee6e0358b04a90117d93aaa9b8be0,2324b05fec3fa5053ac7f9a787c40d89724e16e201a28d3878796a050f8863a5
insert,1,initial,0.95,33,0.9317,65fc926ea63ad5cde8c440606b1023bfff3ce012dfbbdaa818a0d1f7ee2838b3,8e72ee027a6366523aa3c31a6c88107a69df4c71faf972b9422c999ac119e2b6
insert,1,initial,0.95,34,0.9343,6ed521d4315859918de1bb1c9b19adc89c97bef6b8d1db182bbe98776dae4d3e,25eb17f0afb50495f7dc13e76d70573bb8d1ca56619f67b0114a89575263e40d
insert,1,initial,0.95,35,0.9368,2c9cf102ac5bdbdce882503649dfbcab6544d19d26c669d7cbc106cf1f782856,676d907801ff7ea491119254df782a9cc4d013a6e7fb4cf6fe048644ce37fdb9
insert,1,initial,0.95,36,0.939,6603666470cd9dc7f1b8a7c254dc67be18a3fd04a7a9a897d5727e5c9dc4337f,cfa51207c4c613763bf9f365443e951b20180614bc9e021a83be1f23cb209b10
insert,1,initial,0.95,37,0.9415,487b7cbedaeb2198a2d10462adac698a8daeff8ccaa732dbca2d98cbab87bcd2,44e8729b1f4a3e7ca7bd9bd2f15b141bfab9c0326543bef6de2daafac2112460
insert,1,initial,0.95,38,0.9432,8e812e84eb798d6838d5c0448e1c1751f1d156d9e792c899d2960383776690d4,7528df6d0c95cd733bc3e143b404ec6c3b4d3b3b52d2775ef1bbc6f5c4864d59
insert,1,initial,0.95,39,0.9457,2592ffc3fe7a2bf821df869d98391c84fb4c55b0c2cf31ff3b7d5929dc9cffb9,34d66d8a19b57dd67a6ba7601582a7966efe4b8be7a114c3b0834c1dc2a4fb26
insert,1,initial,0.95,40,0.9484,5043a26480e9b00c40d4e73325f9f64a4f95092c34e26b6c9c20d71c8dedeb80,d2c993e54a6cb4b3ece915c138e59dd19446b73435c4474ec01dbb796e2e21fe
insert,1,initial,0.95,41,0.9509,75ff3d6e9bafad3a9008a5a29266e81b8deb8763d3689ee102b7771796a1d451,756ab1f3a169f1e601e55cb6c078fd74710baa3c1a9c3083b45091264293d534
insert,1,current,0.95,10,0.7177,ebac559cdd1f18e233105f62c8cb9af4a0c272aa564ede46e6386b5d23945951,7c3d12c3ba40be47d9e3a3ed8d46dd8bb6ecb277734670e74785dd500a247cab
insert,1,current,0.95,11,0.7428,3aa1b5ac11192e7b0709299155cbe775082cac73b7b1760cc2046ad95ce55e03,b924c404d758295bbd692410880ec606ce7920641ab2a023e49c3fae68960602
insert,1,current,0.95,12,0.758,a18a50d5119c9d6f2e8aa57ce77b3567e1dc210d3dc6791e5171562203a72258,ebe21cb81570d4eb0f1f7c850e98120ffc2ddcc72b20cb4d9879ef906c0d350f
insert,1,current,0.95,13,0.7769,fe6b33b4ce81309acfadb73edcdc83ab973457f5948edd837794001401260081,554926923754c8451959dc6b63711d51dabddc88f3be46981dd48bae2a4fd529
insert,1,current,0.95,14,0.791,4c56864f7f042572d74535a415fc50487d8639d742cab119f32f064dae9593a9,ac9e9a297d5e833e1c6ea06254247627c5b2aa0df80533de8ef11a18f8021540
insert,1,current,0.95,15,0.8038,3bb27062b66b720f1da19714f4582a5b6549ed41ddbb09f1bc40bc99cd73c548,3e5cea56b1178ce9deac0b6e0f519045dbebd97e67fbd05dab19bf3db1d407f1
insert,1,current,0.95,16,0.8192,7ba0e5964aa907929ec1ab83468cb8193b2f44cbab6a66fca3056f1924debebd,65f0e28a638d5d5715432397c9f888dd479d896435e3f6d9d33a3029ae40887b
insert,1,current,0.95,17,0.8289,1ea2559efe170fb0d7e728193c45a9bbcaadfa15f866e084ffb5804e8d1f986b,08b01dcd80e26e02a7481f64a2a1893e0857424e364cfa7fac71d4a811987426
insert,1,current,0.95,18,0.8388,90b558088bce540c086efcd0c6b24658db6f0e030f6d65eb60ba4717dc102dc5,f10af2b641467d9b7f0afabeb7f82b386d5c248349431115d969fd7f7c40318a
insert,1,current,0.95,19,0.8493,abe9086cfaf9aaed3bdf92ce9a27f7e9f3b793f9a8202ea249eb73b9ef4254f7,b9645f62dba7d7f577d96143baa61118d111dd40cfc842090cb65b3f080ee389
insert,1,current,0.95,20,0.8592,a96826d3233216d843040a8ee4ed7ef681903bc0835f2509d51201f4ac91a146,2a404aa0c60f0e911735c1312eb6cf61bc88b36109e8b94bc05309391d2e60a9
insert,1,current,0.95,21,0.8676,d928e8c6d6c2a13814c3b433c68ed3731b03f1c08758454f45941e0301ff26a9,f929a7847b35c701ddc3ad6dbf7786ff681f578e769119697ca3aedb65d59be7
insert,1,current,0.95,22,0.8756,979226071291f31da906f2244c195d1ccdc14c3fde07c07655f6c039df63b094,e6d0ef2278e84f581e819ba96c45ffa92287e6eaf224e3284b00f14e4d3d7c34
insert,1,current,0.95,23,0.8826,3a8269226c7688e68f7b3a2aa97e5b1b324512baa5e3c76617ec8ebeac177073,8c0c8cfae381b0e1517d91f51fd8e533e444018cc2dd9bb9826e2dbb4e60f4ed
insert,1,current,0.95,24,0.8875,649a86055dbffa11fed6a8b9f53e5af7c4f54258967959c209b8c3f59f906d2e,6199428017f7313c82fc1db31a7714c57a0ff1a393c2cecc92b6518a3d96ec33
insert,1,current,0.95,25,0.8936,84efdc11d4389122bafac388b0add30686a15cdfdddc8d12fda6d7e53bccd869,ae140b0e5e706c194e232aec05179381df74097423f3262da15e3327c799169e
insert,1,current,0.95,26,0.8989,9c0c476096a34e76bc7758f8f3c05c3382cac6cec57162122379d0a5995b106c,332917215b5a03c04c82074d0195fffa828939d678461629fee7853d23426e24
insert,1,current,0.95,27,0.9038,ee0f83a77087323a96d7ef035e725690aa0fa248d8df36b8ee86c5015323c935,5facb7c5e14393c3a444260d6137d17081a28727da42793c038af911d6dc053c
insert,1,current,0.95,28,0.9086,d59a3ded119facca3d8b74861a1ab54ed31303873b4e2c55a31802f17d86b590,a4278fcc0f0241042c8de0cf6e398e5827e63c97dfbe2f2179f2ae6ccb16c642
insert,1,current,0.95,29,0.9129,44d3694cf30c553a09ca2fc0b1e46f6e55d6e0a0e59439e2577f091963c74ef7,8abd4f13ce2630e5ade589b3ffe320adeac78b75aaea430cb9dc727e3401a90e
insert,1,current,0.95,30,0.9164,737c1646c28e20cdde4a8bc33b3a4b6b5cd9255bdc47994f13d668c46f7c7b5e,71ed95384da74563051edcb5c09ea79c3a5d5c79a0a7239a34c94fe583bc8d69
insert,1,current,0.95,31,0.9195,f74530a4ca0a95a73fcec7cb1c4b57bd013143ea43dcaf48d4ca1450590f0724,36bf7dede85c5063eabb25c970ab16759427d890d548a54afc9be80b922e879d
insert,1,current,0.95,32,0.9226,57532d5f180d66eb82fff7db3874b6dd0d9df91a567fb587a6693942f2f1f884,ff57506e5610a3ffbd3bdc5b0a4e266019f46c9e73627bb6d1d9e8a45aee332c
insert,1,current,0.95,33,0.9259,1f1ab1cb83d9c15aa400916bc9538c5c26e323852138529943ddd3a9f2205ec1,aef046c6229c6f4b79611086ba95111ebaf8071cee88c8f0c1d55c84a131ad22
insert,1,current,0.95,34,0.9279,2b59250e303941f7b2bd37ac51c66bb5107010e34ce121cbb22708190904d8de,20379bd1aeec0d2cdf9786a3eeb3c7447b4aeca361dc9fc922f7be92748d1593
insert,1,current,0.95,35,0.9313,82b28c94c6364d49e78a2f8885ffb8ec8732a04a00d2939752872aea6358f24c,d02ad0d0cdc1253d20006b6a6c63714ec1c10f53ef301a1197fbdd3b8461be2c
insert,1,current,0.95,36,0.9344,1fbb3e2909d16989b231efab4efee54faa6aca07b3979d20dbe222e09c18b362,4c144e0cb7b0bf62902afbf0824ba08b21cdef03e1b89284e2288b983b0d4911
insert,1,current,0.95,37,0.9374,d29841762bab7db15cd64dff8a65b02b3f0e8d906f3ff5eb64f70ae5314f8978,42afa8dbdbb03f95f8e2254463ea190a8115bb71b3ba1476babbef1cdda37d15
insert,1,current,0.95,38,0.9396,168032b2944df50ccb393a537fcaaa151da7445894ab52752e18fc80fae47f02,5d4e4f75bd3bec117e352ecbcd089c410337cacb09c1ee4eec35ba049a4ebcd2
insert,1,current,0.95,39,0.9425,e998b96ed6ee7913c1a70ab365f9627153fa0c32eab7b9c3d29612b1a04a09b9,22644108f8fa2bb6399c75fc99102b12efd97b005e6df09ef77f1f28332a2e00
insert,1,current,0.95,40,0.9451,eb8db66243f43b1249f6af4457949aa5d6d6c09518184dbc88cd03fce8b7dd24,af501a5cd1c937ced9a96938aad9f3c2d005d6485df565015fc6e5f0c927d131
insert,1,current,0.95,41,0.9471,21abb2dc80c7eeec462663304cb9d33765c21336252630720140f34d72285b4d,cdb9651380604e78b4a11efbbe1ab400b5ff3c22ba117e3503a1713ec86e3501
insert,1,current,0.95,42,0.9499,3cb8560843625c6c050abbff3b205c4378d7dd062567497a2632f3e2e728eb1a,ceb18b3eef8f53cb6602bc2cb2b53b2f6b47c772662657f81b6efc3ccd0b7cb1
insert,1,current,0.95,43,0.9515,91696bc225e7f573ecfc535ca753979834eb2789d97a8dfb52ba0470c6869b88,f93904719921ff76bf57718d074265add02fcc52ed12475ecdbcd714672d54e1
insert,2,initial,0.95,10,0.7276,180099c4bddffb0acd0ea25d8b6321836beed4fe5b298226eb55170d04b16622,98e5c479acbf9cc9f427d739c9cd8cc95125f2eb72a709c57f5f200febda0b96
insert,2,initial,0.95,11,0.752,02bca2f159b68ffa855eff3ca704bd33f87f6920c008c5dd8812a85270c79209,83eae5cc0c35a86e486520c5745707c779a9c223c891ac054b4fc1e2d89befc2
insert,2,initial,0.95,12,0.7729,972c4429c52261dea82c2c559d0ae4d9530f794983cb093b30a4820234bbaf91,60ad42678797f49c90cd86035a7ea65f2d66a23ee3291896de206a83df3d8659
insert,2,initial,0.95,13,0.7888,d4831a22ea1a0de5896ffc5bfd243534dadc73cdb0393c400989394abba5d96f,1879f11fb0fe9ae87417119626611263f39c53121c3c1e837aaa6a9fbcf64cfc
insert,2,initial,0.95,14,0.8041,d056d379b440183cbab98861d550068e050a7f3678f6de1bbca2f3ad53d5d3f7,50582cfe3fbd580d36ee80b3768da795a8e29940984133cd2f91ff082dae7bc3
insert,2,initial,0.95,15,0.8164,5d4f65b1e2d3c5baae6a8d88afd6be1ddcb7bc8b4e02578007d13471638dca35,32ff38bbaa2058aa62490aa20bacfbeab5a52b9e58b45339593217013bd41979
insert,2,initial,0.95,16,0.8289,b9868fe2065850ebb35787321c158ad842ddaf85f4db379f5b7aeea3438e9989,a13f80e36e644a9856375680dc8d8125d9d137389be8155890890332935860e8
insert,2,initial,0.95,17,0.8398,5f2a7da6270074c3ac3c4955eb2f8bebb1c90e29b35debc4510b0cda02c17a5f,d06288776a0e79feebe1a8da07c06e319f10c75dfb89dfcd42392fe28147d571
insert,2,initial,0.95,18,0.8505,dad79d21602af331f5d69a72b4065e2ddffcee879a8db053fbe3bf2c04b1b213,2ec2150f137615312e21d835d882f7924be7fe9affcf6ceef6b3a23bc4291787
insert,2,initial,0.95,19,0.8589,0ac88349cbef3a78a0cac925437455966a9a502a7a959d3e23ce938a3a13aa96,0374bc421bece47cc1a1c979e2c4dd82f625e345fd2003d5c293910645383820
insert,2,initial,0.95,20,0.8663,9e477349764d87cfa020ccd6bbac170cc15a43e9724bba9a9212d42c5e5e7e43,950817c176c1ee0eeea4c4a64c1adb16c0c1c5047c770c012eb4971da8a2fdcf
insert,2,initial,0.95,21,0.874,25e136480fd6d5fcd9c98fdc5fa86aad78e0f6b8195594aade62d856dd7ee6da,2221467f48da2b7ffcb8d98923d8b18a153eb0f29f9f78843979958aee0d49e7
insert,2,initial,0.95,22,0.8821,09b4d62db000a6077add2c2614bbf53879ade1533a429d1ccfff058cae4f2277,b9fce8f727679829dce1c0f6b325faebb8816fd6ffb1516568ca059e76c02d74
insert,2,initial,0.95,23,0.8888,9db381c2274037e9bd3f2e2d1b7b359d07fc368c588954a50a115474cde368ed,32b7e7f9d66343936372395279103256f32d16472e238a3ae37d1da07db32816
insert,2,initial,0.95,24,0.8943,4f4d3636e74b156f6d1b6ec8195d14fb0beee7a6a1c2c92512290a2c6faab43b,b1b1281772671ca22405a72bff0ed4ae210ff4802e9fdc704a32134778437a90
insert,2,initial,0.95,25,0.8976,2df1316b3cf3bb278ce9943951afaa8fbc3eb2b91affc8f0e7ddbbd1b6eb5eee,28a541518e99ce72c516467baacceedc955ffe8e110e69aadfb43e4dcd50bc4f
insert,2,initial,0.95,26,0.9029,5470ea2fee8d25e4e418fb074737d1e4fd9e3afcfe154ce430c484432a74ee34,a43331f8b7d966bc1b218d0ae1585b903dbed27c62ce07e8c5fa8d5abb767c54
insert,2,initial,0.95,27,0.9084,a34b48a01dab29b93845e73fc871eb9e898977b5b9df0d4e39b316ad8e7a3fce,daf1cfdb2383522ce82ce6a1d00c333282a7c0faded87bd67efb2d22ecadf521
insert,2,initial,0.95,28,0.9109,896f67dde478c5a03a21971fc8337158bed79ece7f835755fe5b8e4e038718de,5876a806cb661d620c5ffb64eea9a1343e3020eb34ab77e3de64cc5315b45254
insert,2,initial,0.95,29,0.9158,a84bb6959ca7dd6472dfc27d0980aef3b954e7c1a6e1079a7934f9d6553098a4,cc6f6b4f85e7c123ed7d15963ff96619991a6129c368b8185f1a68f0f51a9874
insert,2,initial,0.95,30,0.9207,41d00ea56612bded88719adcc1d4435483548ef467d080ef21bceec6a2a95c60,29a9aca7891dc0f0ac3d4198543c89b9a821b2cad6c7620baf954ec58c8cfa99
insert,2,initial,0.95,31,0.9241,2833e60b1d0c782a8f5bd3d4136c8fe70d9664c842f633262b76cfa6b1f648a6,fac81a8c104dc135bc2636e9c5e6cf7e07497f8169f51979d5ba64fdd6ae5f3d
insert,2,initial,0.95,32,0.9275,a98558b79f1f67dbadaa0c5323662306ad9ee6e0358b04a90117d93aaa9b8be0,2324b05fec3fa5053ac7f9a787c40d89724e16e201a28d3878796a050f8863a5
insert,2,initial,0.95,33,0.9317,65fc926ea63ad5cde8c440606b1023bfff3ce012dfbbdaa818a0d1f7ee2838b3,8e72ee027a6366523aa3c31a6c88107a69df4c71faf972b9422c999ac119e2b6
insert,2,initial,0.95,34,0.9343,6ed521d4315859918de1bb1c9b19adc89c97bef6b8d1db182bbe98776dae4d3e,25eb17f0afb50495f7dc13e76d70573bb8d1ca56619f67b0114a89575263e40d
insert,2,initial,0.95,35,0.9368,2c9cf102ac5bdbdce882503649dfbcab6544d19d26c669d7cbc106cf1f782856,676d907801ff7ea491119254df782a9cc4d013a6e7fb4cf6fe048644ce37fdb9
insert,2,initial,0.95,36,0.939,6603666470cd9dc7f1b8a7c254dc67be18a3fd04a7a9a897d5727e5c9dc4337f,cfa51207c4c613763bf9f365443e951b20180614bc9e021a83be1f23cb209b10
insert,2,initial,0.95,37,0.9415,487b7cbedaeb2198a2d10462adac698a8daeff8ccaa732dbca2d98cbab87bcd2,44e8729b1f4a3e7ca7bd9bd2f15b141bfab9c0326543bef6de2daafac2112460
insert,2,initial,0.95,38,0.9432,8e812e84eb798d6838d5c0448e1c1751f1d156d9e792c899d2960383776690d4,7528df6d0c95cd733bc3e143b404ec6c3b4d3b3b52d2775ef1bbc6f5c4864d59
insert,2,initial,0.95,39,0.9457,2592ffc3fe7a2bf821df869d98391c84fb4c55b0c2cf31ff3b7d5929dc9cffb9,34d66d8a19b57dd67a6ba7601582a7966efe4b8be7a114c3b0834c1dc2a4fb26
insert,2,initial,0.95,40,0.9484,5043a26480e9b00c40d4e73325f9f64a4f95092c34e26b6c9c20d71c8dedeb80,d2c993e54a6cb4b3ece915c138e59dd19446b73435c4474ec01dbb796e2e21fe
insert,2,initial,0.95,41,0.9509,75ff3d6e9bafad3a9008a5a29266e81b8deb8763d3689ee102b7771796a1d451,756ab1f3a169f1e601e55cb6c078fd74710baa3c1a9c3083b45091264293d534
insert,2,current,0.95,10,0.7055,de950d3dc777614223ef8a1739d328211d403368aa854a01ed9a920e38943813,22bec8a07f51ea5d8d3262b2198d77a6006fe39355440386cb14fc1f3da2c472
insert,2,current,0.95,11,0.7314,d7721ab73795903c30812d5bb66322434234ae6eeb3498722db67706ffd617b2,fb5df11c90305b31f1e79b77944072aaf0a9eb603924f8141f20b77649c62cf8
insert,2,current,0.95,12,0.7491,c78e330e8bee4893390a1e28db0ec42ff87ee917e4474fdc75b45f12244a6ab3,e1f7fb052f81fce919723cdcdc9911d18ba92dbd6c584eea5cbfc0b3b03f5421
insert,2,current,0.95,13,0.7666,d480ee66d7c2429065540581dad9a36b4422d452980defbba2bcf83db2992cbf,b61f877145d744d662b4a76f9941fbf9df190acbfe2f3c9445e4a0527d81749b
insert,2,current,0.95,14,0.7834,b1839dc04284f37e79b52f644369f899c9ced9064368a76d6127f3fb4db65b7a,e4dc7ea77a545d1f1c4d7f7c54b484022a7891eab5db51f5b88aa053d6a7d25f
insert,2,current,0.95,15,0.7972,7d2da14d6c853b92f4f6341687db32ede5259640b0b39f66e47edc737d6b3640,04092968d600a0cd230cf7ffcb940269f76642f6c9d1741d128de33ab20cec6f
insert,2,current,0.95,16,0.8094,71a7a6ddab89468ed94587cf209b3183f7933872c16bdf0439fe2b4f7eb23361,25084c0bd2b2b130a1f2f4f5595bf2f7f9e0c849e56372bd3fd5011d5c74176a
insert,2,current,0.95,17,0.8217,5d8d3918c28c2bd350dbc1db4c0fb13a6c93902551f723e90320b348dd2c3128,70171a968ce27ea7f865d9554f74c052ae4c016bb7ab1bfa72e8dff6d2abacae
insert,2,current,0.95,18,0.8339,2dd6c184c6ea2d0ffcbd2f710909692c2e0fc15d435b2ab881d0c6d0893879da,3095247918e6be22597269cfbb199e5789d995132352c64898b804e71f5e95a2
insert,2,current,0.95,19,0.8432,7351a80443f0c0b7ab019e25ae63cc7a0bbbd78dc44c0b4bba05de8fb2302a92,f024818af114ae10bd2569091a70bfbf7c920acc96839c794b9c4c6ea43ddb65
insert,2,current,0.95,20,0.8523,938e9b6c5fefae74faa83c809d513967eaa327e84518feb9000995eae560f870,51625f86b79022d9f80545941439efcaf74b22fa701155f292a8f9a4e90562f0
insert,2,current,0.95,21,0.8604,d87bfb244ca16719369ca4fe732f827d84baecb8b0c235c46e62ea5784f35d71,83e9d5d913d4c0886c4a039255f4ad6b2eb8e3e543a0d90981e290eee267e24b
insert,2,current,0.95,22,0.8662,9bfa1b16a07ce247336f7c3bcccaba7ef003730f68a51960c0a58bb2272bebd3,f0ce70c2ff4b50851ad8113fcb893e97c441f8d8e2c03098a88aff920ae3e9e5
insert,2,current,0.95,23,0.8736,9f8f4277da7ee2c00875ae05e487eccc3b87de0a802e533675a5c75bd58f014f,aa0084bf3d463c50263444fe2bf617c02dab64f7663a6bac374a97d0b4ed4073
insert,2,current,0.95,24,0.8796,2760c6c988ddd5f3f71ad0a1f31aeccb91548cc79c49e4363a6bbeac15819dba,bb1857d6e10e685017d9e4ac362bc031efbc67f71f0bfedf7aaf7e6c210b5027
insert,2,current,0.95,25,0.8861,a2afba73b71fe8c33d0daef1addc58138ab7d8fd0d1c07c2ba36fff66db3ed04,99d9ebade598fce56017296a2004f5d08fe85ac0897d99afbc9cfc4b1eddb2a1
insert,2,current,0.95,26,0.8909,d4ce376fc3b46a4ca76bd49f87a9df72342187008c25ece521f45b7196e6047e,78b95762ea4c885f844db92e6a27cd27cc465cbbede2edd92bfc5a5ce0413370
insert,2,current,0.95,27,0.8965,273df437da76f5985d2d9756a87e78267cb7e4be1d0019cacf3b3a67f06468d6,1e59782fcef5badc01d27de5670b087023fcfa5b069e2037e8715e0717f9120f
insert,2,current,0.95,28,0.9015,859fb2befae2aa62ea111d1a8cfdc5d5e312029e894b54d87416889db9f5da14,7c9159fe58d96846742c8dee9ea9b7972e6b55696a7ebb34bdfff46138675af4
insert,2,current,0.95,29,0.908,53e3c3a3dde27b04efbe7156428cf7755742ea892749ff9e687940f8c9f57f70,c91224bd74eb7aa1c4266f02dbdc0c8e88d671abd6c2c8c33a00f57808066db4
insert,2,current,0.95,30,0.9124,ff380f7f6961fc21b7e96478659968867908a797d9dacc70d185f2965ced4d20,44351b923a6d177d639aa201f136fa908b721dbe4a09e35e0155f0d8db58e162
insert,2,current,0.95,31,0.9158,f4beaa4468ff9dd356be0877d2166f96df4f6a421d35600978619e0b0c8f2053,73c4c87c7648fd14ffb36d53177e6870d5cc059a8321922d8c8e43a801ae3713
insert,2,current,0.95,32,0.9193,e4251a0715750501ac1f5777bcf7b7671fa904346784927b79656fbef605bcbb,3713e2f2f27cca4944e890f4442d815f9a0abf9e9a69b986665263b14ae8e745
insert,2,current,0.95,33,0.9228,c6fdeaf77a117ced80d0008fdb1614c8c194df3435ec5d8eaf146e2d40678c55,16d22b7030d207cd34ab9a8ee170ee9044bb953dc608fd14561a1a057366d806
insert,2,current,0.95,34,0.9261,79a8e691bcddd1d68112675074a4c8b9c769f7a0922aeb29ea77d7e9cb72122a,a0dbc5bb1ecc1b463954d980d36f461eec550e494f2f400db50d53a0ff27ddae
insert,2,current,0.95,35,0.9302,4b395ad905488e4f48875fdd78aa8b69f2f60eb89592046b15099a1736b3ff18,c750cb1ec91fd923ad5c48411c005c5ea58b75e169ef00084d69bd48a797efbd
insert,2,current,0.95,36,0.933,122b889f39244dcaa3113e6a78bceed2cbf1e98b4d468c4edf2c2b0372435967,182dbc36ad893a0e8ed0c7ab35f8ffaf713cba187719bef270b4a0e2808678bf
insert,2,current,0.95,37,0.9356,05fd9410766ad6c81741b49950c06032fefb4de382d3e557169d77c050af0f21,6e380b2237c5a187f19043d34dceb24ecdebd66a861d6dde18b215948632674c
insert,2,current,0.95,38,0.9373,b0fdfbc7f0d52ffde0ba06793ebb38f9bd65b55de96f78dca0578562b3467d5a,13748899c16eac35f107b674212154e46bd97ced8ddf4396afd40fc82f2ee479
insert,2,current,0.95,39,0.9396,35ff1100f173276bb2b0d31d0aec101a499dcbe33827f07d94b64879f37d1833,9514b2822dda9eddc5a63569bb446a9035b818579adb945d1fa8417e38a4b07f
insert,2,current,0.95,40,0.9426,8475f070e5132232691d36d3a83312a5fe96df25b414b24bb21da0c1280b80ef,bdf4f498a1d457d1e54cae66965713c6887e9b49f519f877c93f063d7739c943
insert,2,current,0.95,41,0.9456,a9ee63d3ee24bcd172041c5fba77d7bb5e5374932126bf2957ead18457f08164,cfbd5b3bf81c78940a4e76690bdf610f7f5cc948c74932a3709a45d7281d9e2b
insert,2,current,0.95,42,0.9488,378fe35d7d3ac24c5d6e383d6a36ff25d30d90c225efc2d6689aaa1b1dfdf495,9d994c5818e5bf0d9845d99427f534ca9a38b36a456635cf8c18be179c9978eb
insert,2,current,0.95,43,0.9497,3d7fe5e6f64989b50e6a9b1b300ea8064c4c210da798387226559b07d27c89ce,e00a1c4c4f2aec1738f073fc03756fcf59ef055b73a0ae20f1b9180a546c3396
insert,2,current,0.95,44,0.9519,a40d1635a7a03b2c59bf15fa6594e5e69d33db03a08652518ce9f54926c22023,b9543971b144b6b42b87ac6fd730710a192aa3439e1a8be0251089fde4dd22e9
insert,3,initial,0.95,10,0.7276,180099c4bddffb0acd0ea25d8b6321836beed4fe5b298226eb55170d04b16622,98e5c479acbf9cc9f427d739c9cd8cc95125f2eb72a709c57f5f200febda0b96
insert,3,initial,0.95,11,0.752,02bca2f159b68ffa855eff3ca704bd33f87f6920c008c5dd8812a85270c79209,83eae5cc0c35a86e486520c5745707c779a9c223c891ac054b4fc1e2d89befc2
insert,3,initial,0.95,12,0.7729,972c4429c52261dea82c2c559d0ae4d9530f794983cb093b30a4820234bbaf91,60ad42678797f49c90cd86035a7ea65f2d66a23ee3291896de206a83df3d8659
insert,3,initial,0.95,13,0.7888,d4831a22ea1a0de5896ffc5bfd243534dadc73cdb0393c400989394abba5d96f,1879f11fb0fe9ae87417119626611263f39c53121c3c1e837aaa6a9fbcf64cfc
insert,3,initial,0.95,14,0.8041,d056d379b440183cbab98861d550068e050a7f3678f6de1bbca2f3ad53d5d3f7,50582cfe3fbd580d36ee80b3768da795a8e29940984133cd2f91ff082dae7bc3
insert,3,initial,0.95,15,0.8164,5d4f65b1e2d3c5baae6a8d88afd6be1ddcb7bc8b4e02578007d13471638dca35,32ff38bbaa2058aa62490aa20bacfbeab5a52b9e58b45339593217013bd41979
insert,3,initial,0.95,16,0.8289,b9868fe2065850ebb35787321c158ad842ddaf85f4db379f5b7aeea3438e9989,a13f80e36e644a9856375680dc8d8125d9d137389be8155890890332935860e8
insert,3,initial,0.95,17,0.8398,5f2a7da6270074c3ac3c4955eb2f8bebb1c90e29b35debc4510b0cda02c17a5f,d06288776a0e79feebe1a8da07c06e319f10c75dfb89dfcd42392fe28147d571
insert,3,initial,0.95,18,0.8505,dad79d21602af331f5d69a72b4065e2ddffcee879a8db053fbe3bf2c04b1b213,2ec2150f137615312e21d835d882f7924be7fe9affcf6ceef6b3a23bc4291787
insert,3,initial,0.95,19,0.8589,0ac88349cbef3a78a0cac925437455966a9a502a7a959d3e23ce938a3a13aa96,0374bc421bece47cc1a1c979e2c4dd82f625e345fd2003d5c293910645383820
insert,3,initial,0.95,20,0.8663,9e477349764d87cfa020ccd6bbac170cc15a43e9724bba9a9212d42c5e5e7e43,950817c176c1ee0eeea4c4a64c1adb16c0c1c5047c770c012eb4971da8a2fdcf
insert,3,initial,0.95,21,0.874,25e136480fd6d5fcd9c98fdc5fa86aad78e0f6b8195594aade62d856dd7ee6da,2221467f48da2b7ffcb8d98923d8b18a153eb0f29f9f78843979958aee0d49e7
insert,3,initial,0.95,22,0.8821,09b4d62db000a6077add2c2614bbf53879ade1533a429d1ccfff058cae4f2277,b9fce8f727679829dce1c0f6b325faebb8816fd6ffb1516568ca059e76c02d74
insert,3,initial,0.95,23,0.8888,9db381c2274037e9bd3f2e2d1b7b359d07fc368c588954a50a115474cde368ed,32b7e7f9d66343936372395279103256f32d16472e238a3ae37d1da07db32816
insert,3,initial,0.95,24,0.8943,4f4d3636e74b156f6d1b6ec8195d14fb0beee7a6a1c2c92512290a2c6faab43b,b1b1281772671ca22405a72bff0ed4ae210ff4802e9fdc704a32134778437a90
insert,3,initial,0.95,25,0.8976,2df1316b3cf3bb278ce9943951afaa8fbc3eb2b91affc8f0e7ddbbd1b6eb5eee,28a541518e99ce72c516467baacceedc955ffe8e110e69aadfb43e4dcd50bc4f
insert,3,initial,0.95,26,0.9029,5470ea2fee8d25e4e418fb074737d1e4fd9e3afcfe154ce430c484432a74ee34,a43331f8b7d966bc1b218d0ae1585b903dbed27c62ce07e8c5fa8d5abb767c54
insert,3,initial,0.95,27,0.9084,a34b48a01dab29b93845e73fc871eb9e898977b5b9df0d4e39b316ad8e7a3fce,daf1cfdb2383522ce82ce6a1d00c333282a7c0faded87bd67efb2d22ecadf521
insert,3,initial,0.95,28,0.9109,896f67dde478c5a03a21971fc8337158bed79ece7f835755fe5b8e4e038718de,5876a806cb661d620c5ffb64eea9a1343e3020eb34ab77e3de64cc5315b45254
insert,3,initial,0.95,29,0.9158,a84bb6959ca7dd6472dfc27d0980aef3b954e7c1a6e1079a7934f9d6553098a4,cc6f6b4f85e7c123ed7d15963ff96619991a6129c368b8185f1a68f0f51a9874
insert,3,initial,0.95,30,0.9207,41d00ea56612bded88719adcc1d4435483548ef467d080ef21bceec6a2a95c60,29a9aca7891dc0f0ac3d4198543c89b9a821b2cad6c7620baf954ec58c8cfa99
insert,3,initial,0.95,31,0.9241,2833e60b1d0c782a8f5bd3d4136c8fe70d9664c842f633262b76cfa6b1f648a6,fac81a8c104dc135bc2636e9c5e6cf7e07497f8169f51979d5ba64fdd6ae5f3d
insert,3,initial,0.95,32,0.9275,a98558b79f1f67dbadaa0c5323662306ad9ee6e0358b04a90117d93aaa9b8be0,2324b05fec3fa5053ac7f9a787c40d89724e16e201a28d3878796a050f8863a5
insert,3,initial,0.95,33,0.9317,65fc926ea63ad5cde8c440606b1023bfff3ce012dfbbdaa818a0d1f7ee2838b3,8e72ee027a6366523aa3c31a6c88107a69df4c71faf972b9422c999ac119e2b6
insert,3,initial,0.95,34,0.9343,6ed521d4315859918de1bb1c9b19adc89c97bef6b8d1db182bbe98776dae4d3e,25eb17f0afb50495f7dc13e76d70573bb8d1ca56619f67b0114a89575263e40d
insert,3,initial,0.95,35,0.9368,2c9cf102ac5bdbdce882503649dfbcab6544d19d26c669d7cbc106cf1f782856,676d907801ff7ea491119254df782a9cc4d013a6e7fb4cf6fe048644ce37fdb9
insert,3,initial,0.95,36,0.939,6603666470cd9dc7f1b8a7c254dc67be18a3fd04a7a9a897d5727e5c9dc4337f,cfa51207c4c613763bf9f365443e951b20180614bc9e021a83be1f23cb209b10
insert,3,initial,0.95,37,0.9415,487b7cbedaeb2198a2d10462adac698a8daeff8ccaa732dbca2d98cbab87bcd2,44e8729b1f4a3e7ca7bd9bd2f15b141bfab9c0326543bef6de2daafac2112460
insert,3,initial,0.95,38,0.9432,8e812e84eb798d6838d5c0448e1c1751f1d156d9e792c899d2960383776690d4,7528df6d0c95cd733bc3e143b404ec6c3b4d3b3b52d2775ef1bbc6f5c4864d59
insert,3,initial,0.95,39,0.9457,2592ffc3fe7a2bf821df869d98391c84fb4c55b0c2cf31ff3b7d5929dc9cffb9,34d66d8a19b57dd67a6ba7601582a7966efe4b8be7a114c3b0834c1dc2a4fb26
insert,3,initial,0.95,40,0.9484,5043a26480e9b00c40d4e73325f9f64a4f95092c34e26b6c9c20d71c8dedeb80,d2c993e54a6cb4b3ece915c138e59dd19446b73435c4474ec01dbb796e2e21fe
insert,3,initial,0.95,41,0.9509,75ff3d6e9bafad3a9008a5a29266e81b8deb8763d3689ee102b7771796a1d451,756ab1f3a169f1e601e55cb6c078fd74710baa3c1a9c3083b45091264293d534
insert,3,current,0.95,10,0.6998,e80b0286c8460cc3fa714faa0d113619f1a2163babe9cb72b77f7c5e80f76c43,fa2710c5d76d9ac27b71e689442b8cc66c15e0728f69ce0893fe98d71aa47ddc
insert,3,current,0.95,11,0.7218,927eab652b40f1fb4b7dec9d1ffa2a51a5a53b609ff0b3526c1ea8d247ce39ee,86c8d32443788442ba5e25321c55acae4471f7c44f1b18cfb7bed906e338a8ee
insert,3,current,0.95,12,0.742,66e525aa921a88b4431ac2b95b69957e19d6689574fbd0d5a62150bdc2914d35,6498ac07925d64819608c4632c9c1e89e117a8c230a220a1011982e8f0ecdd6d
insert,3,current,0.95,13,0.7604,f6c9c19427f6d4e525446c65c7c3cb8debdd4a1633ac8edf70e53ded4da6f4d3,59906f6cdbb56659abfa321a7641f4e66a929acf32ed82a339618ff390557c02
insert,3,current,0.95,14,0.7756,8784fb83ed3eccb6c0a04a0a135ffdcab2fdd4369e8a0d6d54b66b1b7b2339f2,bd4924c4efbf9d43294691310a5e7c063165864c4f13e2a240638049b6645ba9
insert,3,current,0.95,15,0.7905,7e1ea23aea8ecf8308130d78af5138aec0b12ea10c3f12f519c891b956e1620c,10fd96029608726762fffe37233e828357e9f95ffde43775cd33b1e171ddb1f7
insert,3,current,0.95,16,0.8047,e86edd4ec12999b653482e0e387c51865d0c8e60a40b647dbcb17c72e2a00229,67c41022dd304173615d03137714be4c137b31e8ebbf3b705030a81523acdbf5
insert,3,current,0.95,17,0.8156,73100d839ed4af3b9d32de11403381ae876e57a90380426cfcd3e200ec1e5323,b5e9a795f9583b65b58e5f356420d45e9434d897c56da56455602e97c8eda52b
insert,3,current,0.95,18,0.8287,b0ef6999bda3cd9cb44261db97b1a36776241a9eafd7a33250f6efa9b50c760b,d5da6b2285bb8f77e6da70596a14e53317525e3738cdf5d57f76c2258332fbf3
insert,3,current,0.95,19,0.8386,06b80e566d14c21854d3b626f1e2c328f91b442f121358120a4145153b1235dd,bd4f95523d636a5621f9a36356ebcb4e1a4f0f7cbf2e30f7aa800b0dd7e2b96c
insert,3,current,0.95,20,0.8475,1350ebcd7b84017cd2e7779856906605c42c060472ef6dabbdb7e79a88504e7a,c05ed3fc5eaa4c3f380ae764c8f0aa5de4c2d55bc2ed45df57a41a5b5ca3b952
insert,3,current,0.95,21,0.8561,6509f18dcf6ce252e14e7f6bc010ab8beb10b84fef7216cf9b110adfde45c447,ae9611f4a3c77e23ffd1d1dba8b465601cd869a1e2e44b2b1ee5220dcbac3d69
insert,3,current,0.95,22,0.8634,b0180d6ada3d5ec309833b171fab7f8e6c198faef8262949f86fbdc6be222fb2,3e16e8451bc9e34238cdf0ef26a23e9d662c73dcbff876cf2351597fcba6075c
insert,3,current,0.95,23,0.869,d5c66de71f08e3038cf229a6aece106fd10f57a5f39c5d970da7674ee0ac98f5,2230707e28d5e62a3380e394f1c20fadfd5877758cc5ff5708aefcf162a17ea2
insert,3,current,0.95,24,0.875,ac6b226fb6f484c0867a9c24dd16d97609fe4f79714a126dc61e66dbfde4c9cf,87a1831b23b3f76127b149af2253ed884575c4a638fd11a010990ed582a6c6ea
insert,3,current,0.95,25,0.8803,8d8933e7d0621afaa2b22bc5021791e9bc4a6087e48ed6974ea9fb227249952c,aecc9feb121e0e396f8aa443a71560935c4361aea0c438e339606fe194bd48d0
insert,3,current,0.95,26,0.8864,da06a56be1247fb583b08a3d3b23b7b1b2b0528f56a412bdb969338b88daad55,f861a4b4c11db3d1b4e041fa9bca6cf294c22d3c8c47bb21c29ec329138d4995
insert,3,current,0.95,27,0.8916,3d97275ca5eca4ee0a5a1351179ce7d59219f226451a949a8f61f9730e5b4abd,e88cdeb07d0aa06398ded55ab7a561a22295dd52dc5690b5a34d212ba1ddf2a9
insert,3,current,0.95,28,0.8972,588812803ba650f1ad1c38db15979863397540eeeb4fbc21f62215b38c41c444,b858000d20fbd1eaeab85beb6ab77c5ecc970f8db4a93ce6e47674c6433db8eb
insert,3,current,0.95,29,0.9028,6ca4b3a376efa0c62163ce0b01137aa1710dd942d1a11ec9e708404eb0ec8bc3,d6151fb02bc844728c3e42e1847f3284d3240f6df71d83122c66144075d973ed
insert,3,current,0.95,30,0.9064,37412a74fbb155f7bd6655cae2210059654980759207566adbc88ecab6c5ec3c,5e1c11eb0142519f2d5e217cf2b564dc2af2931f957299b59e9ea2ca764d1668
insert,3,current,0.95,31,0.9101,70bc3f011c529214664b7362722dbad380da02ca0098941ad202326aeda0d85a,d24bdc446193e79b060e4543ded319d1de0d27e018a74302a1a8961f93b093a9
insert,3,current,0.95,32,0.9127,d16fe775cc6aa283da164e85e8ca30310d6f8d07efdfc0a622101cf93ebc28b2,2084c4109e73b54fae4c9de82e882000d0a6d123190c930e123e31b19077237f
insert,3,current,0.95,33,0.9165,5a82ebaa1583bcd37333bb856d464bd606423b7dbf9f914ea443950096fa5936,dce5d230fe467f0f01c0af8c5dce054fd17ce5455ab0e8ae9dafd6ef89ba8a52
insert,3,current,0.95,34,0.92,7710b900bc90a48c86a5c0b07c7a373ba0010ee57be9d14969e9e136fc602f16,b3c22c15484f0bb1fe13055ac8c28de48089a3802fe671f8d902d5463ac71c71
insert,3,current,0.95,35,0.9233,67f858cf33288dae9ed88d5f8adc2766758ee5bfd807d09bc969fcffab54a4d0,fc80be67bdf3bf7d4a3209ec631200082c7156fb81ca3b737f44596d75557f52
insert,3,current,0.95,36,0.927,284d6494016c8ee7c2cb5809a55832139665cafc9765021abda6ccf9f1ae4286,f0e7b90d5bd53e13159c292a10b7b5260b9979ffe56bf79d9bee40994dab9a21
insert,3,current,0.95,37,0.9306,6f8c3763d320a12a8c26b60bcd6a5268c3a2821c8b8f2a8c9998ad58ef98dd71,ad90f3646086f6b98511bd9bea2ada5221d4c8ca7549f42cd7947bbf3e752a45
insert,3,current,0.95,38,0.9329,be326ccd46fd916a6692020eae502b9ca3714671db16fd7cd49159ef5ed2fcc0,158b7dc5447a7b916903abd8d904259d2a9c0729a49d59e5c331d6791ce3df67
insert,3,current,0.95,39,0.9343,a97e67ad42306ae8eac8487c8fd3907dd337ff8a38d31b9cbff25337478dc619,f55d8b5e5fd09253637f13d107d4db411afdb79af7b18a0a5d28fe8c985a0abe
insert,3,current,0.95,40,0.9368,6c692be79a81a6922bb058dfe475543a0fe7809da9a2be1fa800a5009b5a487f,4e6f5f3297f8fc772b6d9fbfe55b65e8c5b8138ed3c00c9544ef614b4d57d3a6
insert,3,current,0.95,41,0.9396,59b62c5d0af279759349464ad24639b34200d0c58df4f073a3dd54c70ca8d99f,bf3b9418a975b5e1e4ddc9e15c3f6b3271e001e62e6ae4d13cb5838a026b5c21
insert,3,current,0.95,42,0.9419,4c5c8db675867c046f0722eb080c9d4013afb42fece4d33e74e3b1e53fed94eb,e8f9a57bdb71ceb07aad6664bafc2dbe444f35c1e16c326622cdca26c0eaa4c9
insert,3,current,0.95,43,0.9442,3e8386cd9f1863808780e9025ef8e2bb407a025a9012ad84c93f9cbda8e61c44,9c4485b8b13684ba7c566c0554882580dcb89211d0faa6076e0e373457281284
insert,3,current,0.95,44,0.9463,1f5a509e7f52970ad25e6126fd9d11a3972cabf1a5b2905ead1d41bd0ea87e63,b6759d85db7dc933b93cd22b4f8d562ac6438fc80eaafccdb91dc19b941f7059
insert,3,current,0.95,45,0.9476,32b8d6de005af41d3b580ad662ead64207f76fac91099fe99f41743f837945bf,c5ea63548adaac0351cf98105acc37a315013ad615b095ab5a0aa89cb22ac25e
insert,3,current,0.95,46,0.9499,ebfd412c504823d06cf02d6dbceb643d234d17b33c0e64d5f7d4ccca0074fbea,737e5167125f8a9852e4bbddf53885f3af98849e463c16610e838003161c32e6
insert,3,current,0.95,47,0.951,98c89c2fe01c1d4adab90ac3a1223fde2ccc6b96a4e18114662cb8c9651d1db7,221ed2bb761d210806ae42411780ae23a710eaec6a5cebb8e0f1428e653725bb
insert,4,initial,0.95,10,0.7276,180099c4bddffb0acd0ea25d8b6321836beed4fe5b298226eb55170d04b16622,98e5c479acbf9cc9f427d739c9cd8cc95125f2eb72a709c57f5f200febda0b96
insert,4,initial,0.95,11,0.752,02bca2f159b68ffa855eff3ca704bd33f87f6920c008c5dd8812a85270c79209,83eae5cc0c35a86e486520c5745707c779a9c223c891ac054b4fc1e2d89befc2
insert,4,initial,0.95,12,0.7729,972c4429c52261dea82c2c559d0ae4d9530f794983cb093b30a4820234bbaf91,60ad42678797f49c90cd86035a7ea65f2d66a23ee3291896de206a83df3d8659
insert,4,initial,0.95,13,0.7888,d4831a22ea1a0de5896ffc5bfd243534dadc73cdb0393c400989394abba5d96f,1879f11fb0fe9ae87417119626611263f39c53121c3c1e837aaa6a9fbcf64cfc
insert,4,initial,0.95,14,0.8041,d056d379b440183cbab98861d550068e050a7f3678f6de1bbca2f3ad53d5d3f7,50582cfe3fbd580d36ee80b3768da795a8e29940984133cd2f91ff082dae7bc3
insert,4,initial,0.95,15,0.8164,5d4f65b1e2d3c5baae6a8d88afd6be1ddcb7bc8b4e02578007d13471638dca35,32ff38bbaa2058aa62490aa20bacfbeab5a52b9e58b45339593217013bd41979
insert,4,initial,0.95,16,0.8289,b9868fe2065850ebb35787321c158ad842ddaf85f4db379f5b7aeea3438e9989,a13f80e36e644a9856375680dc8d8125d9d137389be8155890890332935860e8
insert,4,initial,0.95,17,0.8398,5f2a7da6270074c3ac3c4955eb2f8bebb1c90e29b35debc4510b0cda02c17a5f,d06288776a0e79feebe1a8da07c06e319f10c75dfb89dfcd42392fe28147d571
insert,4,initial,0.95,18,0.8505,dad79d21602af331f5d69a72b4065e2ddffcee879a8db053fbe3bf2c04b1b213,2ec2150f137615312e21d835d882f7924be7fe9affcf6ceef6b3a23bc4291787
insert,4,initial,0.95,19,0.8589,0ac88349cbef3a78a0cac925437455966a9a502a7a959d3e23ce938a3a13aa96,0374bc421bece47cc1a1c979e2c4dd82f625e345fd2003d5c293910645383820
insert,4,initial,0.95,20,0.8663,9e477349764d87cfa020ccd6bbac170cc15a43e9724bba9a9212d42c5e5e7e43,950817c176c1ee0eeea4c4a64c1adb16c0c1c5047c770c012eb4971da8a2fdcf
insert,4,initial,0.95,21,0.874,25e136480fd6d5fcd9c98fdc5fa86aad78e0f6b8195594aade62d856dd7ee6da,2221467f48da2b7ffcb8d98923d8b18a153eb0f29f9f78843979958aee0d49e7
insert,4,initial,0.95,22,0.8821,09b4d62db000a6077add2c2614bbf53879ade1533a429d1ccfff058cae4f2277,b9fce8f727679829dce1c0f6b325faebb8816fd6ffb1516568ca059e76c02d74
insert,4,initial,0.95,23,0.8888,9db381c2274037e9bd3f2e2d1b7b359d07fc368c588954a50a115474cde368ed,32b7e7f9d66343936372395279103256f32d16472e238a3ae37d1da07db32816
insert,4,initial,0.95,24,0.8943,4f4d3636e74b156f6d1b6ec8195d14fb0beee7a6a1c2c92512290a2c6faab43b,b1b1281772671ca22405a72bff0ed4ae210ff4802e9fdc704a32134778437a90
insert,4,initial,0.95,25,0.8976,2df1316b3cf3bb278ce9943951afaa8fbc3eb2b91affc8f0e7ddbbd1b6eb5eee,28a541518e99ce72c516467baacceedc955ffe8e110e69aadfb43e4dcd50bc4f
insert,4,initial,0.95,26,0.9029,5470ea2fee8d25e4e418fb074737d1e4fd9e3afcfe154ce430c484432a74ee34,a43331f8b7d966bc1b218d0ae1585b903dbed27c62ce07e8c5fa8d5abb767c54
insert,4,initial,0.95,27,0.9084,a34b48a01dab29b93845e73fc871eb9e898977b5b9df0d4e39b316ad8e7a3fce,daf1cfdb2383522ce82ce6a1d00c333282a7c0faded87bd67efb2d22ecadf521
insert,4,initial,0.95,28,0.9109,896f67dde478c5a03a21971fc8337158bed79ece7f835755fe5b8e4e038718de,5876a806cb661d620c5ffb64eea9a1343e3020eb34ab77e3de64cc5315b45254
insert,4,initial,0.95,29,0.9158,a84bb6959ca7dd6472dfc27d0980aef3b954e7c1a6e1079a7934f9d6553098a4,cc6f6b4f85e7c123ed7d15963ff96619991a6129c368b8185f1a68f0f51a9874
insert,4,initial,0.95,30,0.9207,41d00ea56612bded88719adcc1d4435483548ef467d080ef21bceec6a2a95c60,29a9aca7891dc0f0ac3d4198543c89b9a821b2cad6c7620baf954ec58c8cfa99
insert,4,initial,0.95,31,0.9241,2833e60b1d0c782a8f5bd3d4136c8fe70d9664c842f633262b76cfa6b1f648a6,fac81a8c104dc135bc2636e9c5e6cf7e07497f8169f51979d5ba64fdd6ae5f3d
insert,4,initial,0.95,32,0.9275,a98558b79f1f67dbadaa0c5323662306ad9ee6e0358b04a90117d93aaa9b8be0,2324b05fec3fa5053ac7f9a787c40d89724e16e201a28d3878796a050f8863a5
insert,4,initial,0.95,33,0.9317,65fc926ea63ad5cde8c440606b1023bfff3ce012dfbbdaa818a0d1f7ee2838b3,8e72ee027a6366523aa3c31a6c88107a69df4c71faf972b9422c999ac119e2b6
insert,4,initial,0.95,34,0.9343,6ed521d4315859918de1bb1c9b19adc89c97bef6b8d1db182bbe98776dae4d3e,25eb17f0afb50495f7dc13e76d70573bb8d1ca56619f67b0114a89575263e40d
insert,4,initial,0.95,35,0.9368,2c9cf102ac5bdbdce882503649dfbcab6544d19d26c669d7cbc106cf1f782856,676d907801ff7ea491119254df782a9cc4d013a6e7fb4cf6fe048644ce37fdb9
insert,4,initial,0.95,36,0.939,6603666470cd9dc7f1b8a7c254dc67be18a3fd04a7a9a897d5727e5c9dc4337f,cfa51207c4c613763bf9f365443e951b20180614bc9e021a83be1f23cb209b10
insert,4,initial,0.95,37,0.9415,487b7cbedaeb2198a2d10462adac698a8daeff8ccaa732dbca2d98cbab87bcd2,44e8729b1f4a3e7ca7bd9bd2f15b141bfab9c0326543bef6de2daafac2112460
insert,4,initial,0.95,38,0.9432,8e812e84eb798d6838d5c0448e1c1751f1d156d9e792c899d2960383776690d4,7528df6d0c95cd733bc3e143b404ec6c3b4d3b3b52d2775ef1bbc6f5c4864d59
insert,4,initial,0.95,39,0.9457,2592ffc3fe7a2bf821df869d98391c84fb4c55b0c2cf31ff3b7d5929dc9cffb9,34d66d8a19b57dd67a6ba7601582a7966efe4b8be7a114c3b0834c1dc2a4fb26
insert,4,initial,0.95,40,0.9484,5043a26480e9b00c40d4e73325f9f64a4f95092c34e26b6c9c20d71c8dedeb80,d2c993e54a6cb4b3ece915c138e59dd19446b73435c4474ec01dbb796e2e21fe
insert,4,initial,0.95,41,0.9509,75ff3d6e9bafad3a9008a5a29266e81b8deb8763d3689ee102b7771796a1d451,756ab1f3a169f1e601e55cb6c078fd74710baa3c1a9c3083b45091264293d534
insert,4,current,0.95,10,0.7091,d05c2a098324b848aefc5e46d72b1ad56c0b506f48b191dde646adc3f637e021,cb3859b17edb66d3dc621135d7eee38729948070fa6aca6a2a0af81703989a9b
insert,4,current,0.95,11,0.7281,d7be91e181f4a6d4fb3d6ef48af55c33e78ee124df1af0a271d9a01a448daa61,f6cca213aefe104308239ca839c19936f813652881bd142065d7632487254dea
insert,4,current,0.95,12,0.7497,745370e546eab5341f97f1634975e72d74eb914e63b0ed00aa9d55ad6dd8d3a6,cb97c2af8ed1bcce0193e85ccfb664bdb8b4b86b961b1268e701f4b76a36dd8f
insert,4,current,0.95,13,0.7673,d1349d767d5431246876efc14f5afa25e15610d1800f78c97dbb5df8c263af30,019b1b7680532200910159697e61352ca3edd189501a9f5f96a7348307c4cc7e
insert,4,current,0.95,14,0.7794,431253164af47b064d9a1e5b17986438f39486a854095c42ed63ec712a23254e,4679d39edf4c0df525b08703ceaf4dce29937783e689b7bdb1aacddde982d050
insert,4,current,0.95,15,0.7937,7b5c4a96ac209b3c60efae3eedf80b9ccd4ba96555e3aae85572bc0f2844cc08,f489ade85eac93e4f2df047c4309448e672a261a701d09f141f127695312513d
insert,4,current,0.95,16,0.8062,7ba8c51f36137185452079c08394ff7d3928e1e176e19c2b6ee70c75f9bd9f61,24630bedbeb2e427af4391fe5a5ed287fbd933592610d25f231152bdceefd781
insert,4,current,0.95,17,0.8177,0536d362bad6669489f06af007de2bf8fdf21b4562e3cc26d25b2d531c123d4e,687e202967dda931c854560d0ee8b0f1d17b720e4ad53a5ec1c278e76c218caa
insert,4,current,0.95,18,0.8286,e3287eff6ed1b8325cf1221dbbcfd392047750eb4d0bd050c117ac31d61c7c5c,1efa279512ed192de372edcce983af67034ebd31bc5ea3435d3c9c3882b6ed4e
insert,4,current,0.95,19,0.8389,82e525526e4809c3cad5e2651578a2b7d5efa0fc22daac4b8c1db34b17a03759,adf2f0648d254132749163f82cb258fe63eb545d3810e0912382de923b0da9d9
insert,4,current,0.95,20,0.8484,0c9615d45483f4c8492bd6dc967d0c28d6a95ce5aa61b408e939605dd6555621,bdde4bc83c9f59feecd6e35182458101c4778c8368a0158b18b82c77b9f8768a
insert,4,current,0.95,21,0.8554,16380cbef69110b77984ac433d1df11554906c149cf01d049d74e4c7b74c31f4,17af85aed929e1ba357ce6b07efff884f509dc9f0676d2ca9f35d5231b280c96
insert,4,current,0.95,22,0.863,6d9863106118596bf80247161b2c22cfbd73f0dabe405dac217956b3cd26965a,eedbe6d85290dc5e70de7eacb1179d3e6f65aed34e0a922394ddb063500f8c55
insert,4,current,0.95,23,0.8715,1d5a2b4e6b02b05cf4163f5d2d9ea71257415f1856d8d6ed452c9cfc773e3c03,33edd01e94917e0cf07bb4696a519adbc7f8fa4c365cb07a2de1eb2d3311dec6
insert,4,current,0.95,24,0.8773,8c3dcef030c63abfd72cb966767b4a086c000e0fa8d35d0ec943cc50ad80f87f,c96fd7586efe7e7c531885becfad6f292ce677130f3b187ae371dfa89cc99d15
insert,4,current,0.95,25,0.8825,0d750ec57e6ae22423102eef8d6f4d0ccaa846272592de4a67deb4f8b5080f1c,c85e7e0d1a28e6e53b7499807dc6f9189192ccc886b40c726f0eedd8bfe20a76
insert,4,current,0.95,26,0.8868,1471930e3cc65312cb548d20cd6fc19bff7a3cfcd2453292d6dcadfd04847273,2e11af2d7209eb1546b55faf27502aaab3720cce551c3f87fa5bfb1acb5eac6d
insert,4,current,0.95,27,0.8908,d71182f0b2e5ccc1722cea476888c2fc50335ad9d8a40549ca257c7ed70af696,91b57510d201e48cbe77433ee517513598b9321b74926a4aeb6e973f1894caa7
insert,4,current,0.95,28,0.8964,56208dce38c12f0efdb2a290bf04418bc54afa6adc2652f00deb7a0e9547ca81,5295226e15f620c3d5736f3b05da29cb6723989210e66779419082943bcb47c3
insert,4,current,0.95,29,0.9005,1d36d51cb70180dd84ff47c58d626607aa8a65a41401dccb2ac315f3e385af9b,ef56ad958d1f6a6e2698f8474f38e72be7a6259ee676d44147f843ba59d68e48
insert,4,current,0.95,30,0.9043,53b9305340b5e17079056b42c16c65c5bd3f288eb835ab164aa0f1b007e6c331,bec927b61189ef0d8e5ac96f755ce90a62d5b754bc3f12875447ad66878ddd9c
insert,4,current,0.95,31,0.9081,e684009ed6071a53b03c7c8e3d3caebb594243de4a4a7aa840bb326d4c34fa1b,5e91a6223978574245166c4e2479c8967625efd22e0c3ad4b294bbbaa622079c
insert,4,current,0.95,32,0.9113,d037019d68a84ee45bcfeaab2d225228fd406e3844feec0bbb03e3ec2423cea8,7762551e354ae8ef719109c17bc98f38f83778b2706123e13edef7c5ea4051ab
insert,4,current,0.95,33,0.9152,22f48c67796821fc24ad9a747e6775c83461736d0b222d7ffdd7a775d75fc0ad,6e34c2a9cbb3d3417784357e2a8b44afaef92c5e4eeb3ae4a43a232edc6d7897
insert,4,current,0.95,34,0.9178,a0f3186b002027b6bdcdbf2dd69d53d808b211b9110ead43817a58234dc29c48,ddce73aefc5cde66d9c708c389b17fb0fa1d8316023c8e867cf49f0eba6b214b
insert,4,current,0.95,35,0.9208,908416e11df90c850bc605fdf99d431d2c5355cb2abff32185c1354cde6aff1f,38022069e01e4ba59a30d06e3845bcd1d6de0d1cc36320bfe3433acefda96a9d
insert,4,current,0.95,36,0.9229,906a15052944a2b84ecd0455da12b63d799c48c13256d890544dd62ae04b4a05,6a488327d520e789f30340550cfe814e96bf041bef0b40e1117e060a87446359
insert,4,current,0.95,37,0.9251,a9f03a659d1f03e4508b2738bd18157b7e98e8dbde83843a0cd7e173c8d75c6f,b8c211ad33d86919f3b275c0c4b3e2656d940af16525449a1ab41adc75e9f8cc
insert,4,current,0.95,38,0.9284,fa43d5fab1f21891e1875598791dd0d8c03e8d30014f050a0e6dd2f22c89ce2a,84cd16df6dd9314a3c18babdeebe5795968ee22a941cc2555c3b25839aa27474
insert,4,current,0.95,39,0.9314,48293209bf86d40fef5709b96b93d0315a6b7e68a7f2c95caec7060c018e291d,ca14f43e96c71436fd2c2f7b4c9cdd6b1b7f717612a164019427380aac2f6061
insert,4,current,0.95,40,0.934,986bf043397541013d913afa3b38a5dd4e43199ff6a36b47b84e130c584fbcfb,b16e1fb366cb00bf264f2d985792ec5de9ee4b040c036e9bb4424884366ef030
insert,4,current,0.95,41,0.9367,773164a47498d7a2aad964dccf8362c034df897908bb260ebbad8bf106cfcd0e,4c9d954fa16f802b07395fc0736fa02270d0c455a0b576f56f2cea2a25450b41
insert,4,current,0.95,42,0.9392,64712ec2fa955b5d3d37b3d3e97814171c93d2732264f8b2116ac0471af773e2,7a06d3d7ca4b180b1aa0da30b5a91a36191592ccff57ca46bf23faa6c452d129
insert,4,current,0.95,43,0.9408,fb3b60a642ae07643c7fea3d2d4804eaa3677b3e54e999d5e22c6a2117284145,c9ebb21fe80acdc32fd9f138cbef248969f02b2dc7a4525e7bbf2ce0187778f3
insert,4,current,0.95,44,0.9424,013eeef412922cc52286ccf53cdc61e6d730670dd3aacc3c9218cf54ee3ab1ed,39a1dca3afc8e54a95431b0611abef38430e2c8ca319a77d5e4f34bede136d45
insert,4,current,0.95,45,0.9443,2a6bde17f1f4dd6a2a0e19026523b980a7d215b2f890abda226108d12847b7c8,5b19ddf50a1281dfe4a308e7f39cab451eda439c61c835197efbbace158fe590
insert,4,current,0.95,46,0.9456,c073f5c627e97f4da82c934bdbe22765dd7d1e54eabcbd04eac48b6fb4b4621a,806560a3e1e61abe4b23bd3b3e6a8faa30b91d737de9da7db32fbb6633b05736
insert,4,current,0.95,47,0.9477,ccbb46c7709eef89aa4a65e6e8cef151d9de9e6e462f48d4cb6dea99f08c22bf,91323ae2a0848d11a91b96d9c8f6d3191ad493d1fe2c5e33077905ca92b09e5f
insert,4,current,0.95,48,0.9489,466f13ac40448d5fb29e05be5513b987f9ce5d5b3612f7a716ceba299428bb3b,655f816fea681a692e07a37aaadb65672a8a219a21b46f15948ec6c439db8720
insert,4,current,0.95,49,0.9505,1844683ba27f3ee4540413d013899042fc89b384ef746871e51920dea9216fcc,e08cfe61efa22797f83c48b0b82b300ee67c785c9a528ff36d85ca77693ca7e1
insert,5,initial,0.95,10,0.7276,180099c4bddffb0acd0ea25d8b6321836beed4fe5b298226eb55170d04b16622,98e5c479acbf9cc9f427d739c9cd8cc95125f2eb72a709c57f5f200febda0b96
insert,5,initial,0.95,11,0.752,02bca2f159b68ffa855eff3ca704bd33f87f6920c008c5dd8812a85270c79209,83eae5cc0c35a86e486520c5745707c779a9c223c891ac054b4fc1e2d89befc2
insert,5,initial,0.95,12,0.7729,972c4429c52261dea82c2c559d0ae4d9530f794983cb093b30a4820234bbaf91,60ad42678797f49c90cd86035a7ea65f2d66a23ee3291896de206a83df3d8659
insert,5,initial,0.95,13,0.7888,d4831a22ea1a0de5896ffc5bfd243534dadc73cdb0393c400989394abba5d96f,1879f11fb0fe9ae87417119626611263f39c53121c3c1e837aaa6a9fbcf64cfc
insert,5,initial,0.95,14,0.8041,d056d379b440183cbab98861d550068e050a7f3678f6de1bbca2f3ad53d5d3f7,50582cfe3fbd580d36ee80b3768da795a8e29940984133cd2f91ff082dae7bc3
insert,5,initial,0.95,15,0.8164,5d4f65b1e2d3c5baae6a8d88afd6be1ddcb7bc8b4e02578007d13471638dca35,32ff38bbaa2058aa62490aa20bacfbeab5a52b9e58b45339593217013bd41979
insert,5,initial,0.95,16,0.8289,b9868fe2065850ebb35787321c158ad842ddaf85f4db379f5b7aeea3438e9989,a13f80e36e644a9856375680dc8d8125d9d137389be8155890890332935860e8
insert,5,initial,0.95,17,0.8398,5f2a7da6270074c3ac3c4955eb2f8bebb1c90e29b35debc4510b0cda02c17a5f,d06288776a0e79feebe1a8da07c06e319f10c75dfb89dfcd42392fe28147d571
insert,5,initial,0.95,18,0.8505,dad79d21602af331f5d69a72b4065e2ddffcee879a8db053fbe3bf2c04b1b213,2ec2150f137615312e21d835d882f7924be7fe9affcf6ceef6b3a23bc4291787
insert,5,initial,0.95,19,0.8589,0ac88349cbef3a78a0cac925437455966a9a502a7a959d3e23ce938a3a13aa96,0374bc421bece47cc1a1c979e2c4dd82f625e345fd2003d5c293910645383820
insert,5,initial,0.95,20,0.8663,9e477349764d87cfa020ccd6bbac170cc15a43e9724bba9a9212d42c5e5e7e43,950817c176c1ee0eeea4c4a64c1adb16c0c1c5047c770c012eb4971da8a2fdcf
insert,5,initial,0.95,21,0.874,25e136480fd6d5fcd9c98fdc5fa86aad78e0f6b8195594aade62d856dd7ee6da,2221467f48da2b7ffcb8d98923d8b18a153eb0f29f9f78843979958aee0d49e7
insert,5,initial,0.95,22,0.8821,09b4d62db000a6077add2c2614bbf53879ade1533a429d1ccfff058cae4f2277,b9fce8f727679829dce1c0f6b325faebb8816fd6ffb1516568ca059e76c02d74
insert,5,initial,0.95,23,0.8888,9db381c2274037e9bd3f2e2d1b7b359d07fc368c588954a50a115474cde368ed,32b7e7f9d66343936372395279103256f32d16472e238a3ae37d1da07db32816
insert,5,initial,0.95,24,0.8943,4f4d3636e74b156f6d1b6ec8195d14fb0beee7a6a1c2c92512290a2c6faab43b,b1b1281772671ca22405a72bff0ed4ae210ff4802e9fdc704a32134778437a90
insert,5,initial,0.95,25,0.8976,2df1316b3cf3bb278ce9943951afaa8fbc3eb2b91affc8f0e7ddbbd1b6eb5eee,28a541518e99ce72c516467baacceedc955ffe8e110e69aadfb43e4dcd50bc4f
insert,5,initial,0.95,26,0.9029,5470ea2fee8d25e4e418fb074737d1e4fd9e3afcfe154ce430c484432a74ee34,a43331f8b7d966bc1b218d0ae1585b903dbed27c62ce07e8c5fa8d5abb767c54
insert,5,initial,0.95,27,0.9084,a34b48a01dab29b93845e73fc871eb9e898977b5b9df0d4e39b316ad8e7a3fce,daf1cfdb2383522ce82ce6a1d00c333282a7c0faded87bd67efb2d22ecadf521
insert,5,initial,0.95,28,0.9109,896f67dde478c5a03a21971fc8337158bed79ece7f835755fe5b8e4e038718de,5876a806cb661d620c5ffb64eea9a1343e3020eb34ab77e3de64cc5315b45254
insert,5,initial,0.95,29,0.9158,a84bb6959ca7dd6472dfc27d0980aef3b954e7c1a6e1079a7934f9d6553098a4,cc6f6b4f85e7c123ed7d15963ff96619991a6129c368b8185f1a68f0f51a9874
insert,5,initial,0.95,30,0.9207,41d00ea56612bded88719adcc1d4435483548ef467d080ef21bceec6a2a95c60,29a9aca7891dc0f0ac3d4198543c89b9a821b2cad6c7620baf954ec58c8cfa99
insert,5,initial,0.95,31,0.9241,2833e60b1d0c782a8f5bd3d4136c8fe70d9664c842f633262b76cfa6b1f648a6,fac81a8c104dc135bc2636e9c5e6cf7e07497f8169f51979d5ba64fdd6ae5f3d
insert,5,initial,0.95,32,0.9275,a98558b79f1f67dbadaa0c5323662306ad9ee6e0358b04a90117d93aaa9b8be0,2324b05fec3fa5053ac7f9a787c40d89724e16e201a28d3878796a050f8863a5
insert,5,initial,0.95,33,0.9317,65fc926ea63ad5cde8c440606b1023bfff3ce012dfbbdaa818a0d1f7ee2838b3,8e72ee027a6366523aa3c31a6c88107a69df4c71faf972b9422c999ac119e2b6
insert,5,initial,0.95,34,0.9343,6ed521d4315859918de1bb1c9b19adc89c97bef6b8d1db182bbe98776dae4d3e,25eb17f0afb50495f7dc13e76d70573bb8d1ca56619f67b0114a89575263e40d
insert,5,initial,0.95,35,0.9368,2c9cf102ac5bdbdce882503649dfbcab6544d19d26c669d7cbc106cf1f782856,676d907801ff7ea491119254df782a9cc4d013a6e7fb4cf6fe048644ce37fdb9
insert,5,initial,0.95,36,0.939,6603666470cd9dc7f1b8a7c254dc67be18a3fd04a7a9a897d5727e5c9dc4337f,cfa51207c4c613763bf9f365443e951b20180614bc9e021a83be1f23cb209b10
insert,5,initial,0.95,37,0.9415,487b7cbedaeb2198a2d10462adac698a8daeff8ccaa732dbca2d98cbab87bcd2,44e8729b1f4a3e7ca7bd9bd2f15b141bfab9c0326543bef6de2daafac2112460
insert,5,initial,0.95,38,0.9432,8e812e84eb798d6838d5c0448e1c1751f1d156d9e792c899d2960383776690d4,7528df6d0c95cd733bc3e143b404ec6c3b4d3b3b52d2775ef1bbc6f5c4864d59
insert,5,initial,0.95,39,0.9457,2592ffc3fe7a2bf821df869d98391c84fb4c55b0c2cf31ff3b7d5929dc9cffb9,34d66d8a19b57dd67a6ba7601582a7966efe4b8be7a114c3b0834c1dc2a4fb26
insert,5,initial,0.95,40,0.9484,5043a26480e9b00c40d4e73325f9f64a4f95092c34e26b6c9c20d71c8dedeb80,d2c993e54a6cb4b3ece915c138e59dd19446b73435c4474ec01dbb796e2e21fe
insert,5,initial,0.95,41,0.9509,75ff3d6e9bafad3a9008a5a29266e81b8deb8763d3689ee102b7771796a1d451,756ab1f3a169f1e601e55cb6c078fd74710baa3c1a9c3083b45091264293d534
insert,5,current,0.95,10,0.7047,7d7ee9a351c91ec291e82467632fcf55462bebeeb8d79b36fc012558741c8c34,78fd235abcd76810e68da415e78d72c77396c898b06fa37235c0a3026a3394d8
insert,5,current,0.95,11,0.7245,d5f37a0060ef122874936ec5536dae6cd12ac47c240d47e848c958e60d026a53,30692f9312e4c9e2ec45ffabfe0efcc7754aab09a888c568a01176ad156d37ac
insert,5,current,0.95,12,0.7426,8aa4ffd4b20ae2de6a497c24c3a00af17aa5cb7479b3a0ff42e22cc1e417503e,d40eac690d91e012236cd4fee4a01d83c7885b823d2286d195f38060d3067305
insert,5,current,0.95,13,0.7592,a57e0b9639799bb1b8e7187b24c6d5ed23b0a26f8af62431728a80dafa8ddacc,d4a7de0c88a091b2f605a2f892146aacb9ca07f7e640950c9a40fb832dceba9d
insert,5,current,0.95,14,0.7757,8b178a9a705a63c61d992e1a4526796d409edd94488d3ba7f79e62145e568bd5,d19cbe1d0c6849feb4801021f2ec6e650ffa4d2a9c18469fb890fd8ce9f785bd
insert,5,current,0.95,15,0.7917,1817ad60cde7c40594433e50c63ce35724b06e88b9137850942d0f1305c14659,eb7afae5b7e7ca0af9e02266499e4f4f9a2c3fe1e422fe495ed10d4261b30f8f
insert,5,current,0.95,16,0.8045,e6ff1b0be185b2c33f9831fd80f4f31797714ece68ae62c83299365dd9d5ae15,40250316ee4f047b3de1acbdc40da87c882f282cc4889df522827aa9aae44eb2
insert,5,current,0.95,17,0.8181,e036ded5ba3c845bdb64255a20052e9ab99a643a0550aa145299e299661304d4,74f08c06160c65c0e0b0671e506d97d3304676c3d7e6e49fdf15072317a40669
insert,5,current,0.95,18,0.8288,6ded8a65a80c6991d5531cdc2e93e33f8d992f7a030e570faebcd9f68de13bfb,8df828e2a70750f1f55434098d0471d0b232a7bd9f6b32ac2e537b4df107043d
insert,5,current,0.95,19,0.8372,d7c964cfa10906fa56a2932174c3a9396bd06fa458234cdb6d0e9208fed5167c,5909bd046a5d0d4e2918425d3da1c15e5a38bba62799c395a6ad94e72b9466e4
insert,5,current,0.95,20,0.8465,f662d9d0c89f3dc5150c7c92d978f0f4230ce59a3af99d7ccbecbed07dc77630,a8c0317f357ca3c6bfb8f76a77b1378f9d9d7489f2147e40c81a961530d8a1b5
insert,5,current,0.95,21,0.8547,59e4fb6b51bfcc4b4e0dcabf799a974d6cf3223237517178ccff0f3fc3197a04,e820757a44ef3f6f22dd675366477fb96238f0f81fb56de85daf17593117a9ed
insert,5,current,0.95,22,0.8608,2d768117d915b932608b4776aa0da331b241c9e3a285219019a8a9cc00f99dd4,2f0466baa4fac41dfd03f7b230ec4f281cb19955ae2d10960af81663d5ba8c9c
insert,5,current,0.95,23,0.8681,853772aca907f2303dd1bfe6c34777e8bb9ca4b6722fdfff30824f5e5ad8db06,2d1b082ff348a065c1c064bd65db60e6bdae533173e4e81a180f6d818d61aade
insert,5,current,0.95,24,0.8741,26ca27fdb13e4726265f8bbcb1bd05079aaf53c359e34f6937aad2d657f82c43,58d8187ffd9b995feced24d98b30b24870ee63eadd2caaa93927a51f37298605
insert,5,current,0.95,25,0.8814,e1e7eb464ea70a07fb1335a836fea7002ae20c96e8758d3928e2c169329a6b59,d4201c62af8b1946a632218111768a8b4338e064cc7bc5af0b7fb018c520dc58
insert,5,current,0.95,26,0.886,fcdd566462e20451e510271511e5dfef0b5308108a153f7624be390e2f401646,9acdc5ca5bc8ef2b106694941b4ac35ec090c626475b6d1289bbaa4480c3152a
insert,5,current,0.95,27,0.8929,38dfb80a7b657ce6608fb8393ac6f9d49cad150a31fcdbd96f76f408d6691bd7,6d5e915f333ec3d864d03db9608ea91449a6945eb9047fc2eff4b245ad03f461
insert,5,current,0.95,28,0.8973,af2ae88ef34a90d702f0ed3e945a549febd47c814e570e2f0c361f06416ebe52,09a8595e98eb037a175b6de93a3e1bbc5ee2844fd809d35aeb7789686fda2648
insert,5,current,0.95,29,0.9009,9d1528c65180d8b23cf97b3e60c07027110bd4e89acfee643a026ad89c9b4f73,b1eeba5536fcce6b60c3cfd8df5c5afa5203b4ce150366a95f345e8b879ae2a2
insert,5,current,0.95,30,0.9044,a04fadd70485baad12278732058d90002790969427a2a1ba769095003a18b4bb,985274bff61851a96b70bd8d6c20863741b74c5759ad13ff21ffd11ad4fb44ac
insert,5,current,0.95,31,0.9074,0d70b567d73bd6a78aa18ee2deff3dde56d1cb3af576e92d6693063bf7d4872e,cb6ce6cb720965ab9bf230ef28b140ca51ea8c7efefb4816d74967a3f73b3582
insert,5,current,0.95,32,0.9112,555436b0e0c5b5dcabf83e33734d2364fb2f49a17f4572e64798684f7cf64c49,02b98dec46b86b79ec8de30c798aa7a722a20ee614ad1a1e9b2be13e6ab7e466
insert,5,current,0.95,33,0.9146,445a4663d962402d78bd5356b61a1f2b39fbfbce1ad0c1f29dc9c251e4da60a6,780598a9601954b2e39bdaf391ab0a60af275d7b39830ea3f654b67b8e061a18
insert,5,current,0.95,34,0.9181,b72b467526c99a238336fca36c39bf5ee42d2e07ed4359efa07321198d01915c,38c501be5ff317cf85622353376b1daec0a9c8f5b512a47849311316af0b494b
insert,5,current,0.95,35,0.9208,1633b57fc7c933f68bd86dca78f50263c4911e331e3a7ad7a117e627976cc53a,bc738f7278c7234cd9fc8474afaaa9ec3e1f8623568c9478be42425f648eb4b3
insert,5,current,0.95,36,0.9244,f95835a97a4542df2708925f1dbfa430efbbc81780172d85572aee5956705aae,808a2db61b2dadfb87f7cae7d776bebf346669bf65b47d18c71f4d33b27bab7c
insert,5,current,0.95,37,0.9266,dd235089af21a16f4d523879f5c48fdc324367d768837d4d601c9b3821040171,05567734ccd1c803a3c875f1ae3c538fb4483ea121f1caa789fa90abc3c63dec
insert,5,current,0.95,38,0.9296,0c1c9d8272f93de645b18d9e5538ddcda60d597b9f6c5a45ec2904f1ff26a372,f03a3268f3f72053a7cbde109a83e3f3515f7c044733e5537d8158caac0869e4
insert,5,current,0.95,39,0.9329,2ddb471c26fbb8ea412be1a6e134b562fd6c4397808617579a0c54fc16c13c44,36168facb12ded5c207a010ca6b84af785880894966888f3e77e4ea9fa747a79
insert,5,current,0.95,40,0.9359,8fc2d51a8644f31ce02203bb0fb5f7a1f0a273b8101daca6e4b3694acc3bb6ad,7ebe9efa55f9460a66f2961026d863214b5f0870ce6f6a6c1a3c5ced6d97a05b
insert,5,current,0.95,41,0.9376,b910171438828af2bb72c556af61f9d3e881eed16bc9a03b16ed289ecf36958f,08d4d2c73b60fc12d94f6787ad23cfa936e355e6b02ff38e9849e0b266109163
insert,5,current,0.95,42,0.9397,36130836d978897ffe8c29c889aff62564d37e89eee1b7a4c884f7bf4d76fe32,dc21def2d65222ebe4f30b56bb4e232d5810c06174d4a24e924a7e323b0ff620
insert,5,current,0.95,43,0.9415,61c075dd50b14aee9a98493a5af558da4016d5f4f58103acdf0907671f5ac717,bd84e7d7255fe6da7039b77b1607cc925bb9f1e4dc4d97d49d1ef53034d55abd
insert,5,current,0.95,44,0.9438,6414ae3283c8e1a941212616d9895ec5e95be638f097b2264fdbe6477d94e4c3,3bf5cc99267cbbe2cd5938d009bbc49a21840cdbecf17806daa4384713b20d27
insert,5,current,0.95,45,0.9456,977304672ae873bb800a680604e3e218b913ad0c86b6ad426a3aec724639a663,0a5447fc7c117f9ce50015e6d2471974e16c54776816db5ca9141683fc255fc6
insert,5,current,0.95,46,0.9467,ce78c8eef781aa7c3b54b2714337cb5db7c3569d14030fa99a154659d2a803e8,71049d2e1d888773c1bceba930749a331a89db4c8b0d3682594952f26bcfc78c
insert,5,current,0.95,47,0.9481,54e0806fd1b4025faf1b8f73e98e06be3707ce2bb8efcc0f97c8a98e1554d195,b41f82ba52d074e496c6e69b2f38125643578a23e7f2dca61afa1f4d6934f9bc
insert,5,current,0.95,48,0.9497,ad000ff78445d77c6d0075aefea122b7af6fc7ef44da092923bcc77690882c87,ff0d20a6791b213c46ceff5ad35fd7a2ac4e17957f6bc01fc46c3ff0ca8ac2e9
insert,5,current,0.95,49,0.9522,f9d2a42e2c70db462d195905934b11c293ba1399a36e197b41c5fa4825652df9,0a26d6396af918eed629efcd68c0df14f175c80aaec0177cf7f31937334f14de
delete,0,initial,0.95,10,0.7047,7d7ee9a351c91ec291e82467632fcf55462bebeeb8d79b36fc012558741c8c34,78fd235abcd76810e68da415e78d72c77396c898b06fa37235c0a3026a3394d8
delete,0,initial,0.95,11,0.7245,d5f37a0060ef122874936ec5536dae6cd12ac47c240d47e848c958e60d026a53,30692f9312e4c9e2ec45ffabfe0efcc7754aab09a888c568a01176ad156d37ac
delete,0,initial,0.95,12,0.7426,8aa4ffd4b20ae2de6a497c24c3a00af17aa5cb7479b3a0ff42e22cc1e417503e,d40eac690d91e012236cd4fee4a01d83c7885b823d2286d195f38060d3067305
delete,0,initial,0.95,13,0.7592,a57e0b9639799bb1b8e7187b24c6d5ed23b0a26f8af62431728a80dafa8ddacc,d4a7de0c88a091b2f605a2f892146aacb9ca07f7e640950c9a40fb832dceba9d
delete,0,initial,0.95,14,0.7757,8b178a9a705a63c61d992e1a4526796d409edd94488d3ba7f79e62145e568bd5,d19cbe1d0c6849feb4801021f2ec6e650ffa4d2a9c18469fb890fd8ce9f785bd
delete,0,initial,0.95,15,0.7917,1817ad60cde7c40594433e50c63ce35724b06e88b9137850942d0f1305c14659,eb7afae5b7e7ca0af9e02266499e4f4f9a2c3fe1e422fe495ed10d4261b30f8f
delete,0,initial,0.95,16,0.8045,e6ff1b0be185b2c33f9831fd80f4f31797714ece68ae62c83299365dd9d5ae15,40250316ee4f047b3de1acbdc40da87c882f282cc4889df522827aa9aae44eb2
delete,0,initial,0.95,17,0.8181,e036ded5ba3c845bdb64255a20052e9ab99a643a0550aa145299e299661304d4,74f08c06160c65c0e0b0671e506d97d3304676c3d7e6e49fdf15072317a40669
delete,0,initial,0.95,18,0.8288,6ded8a65a80c6991d5531cdc2e93e33f8d992f7a030e570faebcd9f68de13bfb,8df828e2a70750f1f55434098d0471d0b232a7bd9f6b32ac2e537b4df107043d
delete,0,initial,0.95,19,0.8372,d7c964cfa10906fa56a2932174c3a9396bd06fa458234cdb6d0e9208fed5167c,5909bd046a5d0d4e2918425d3da1c15e5a38bba62799c395a6ad94e72b9466e4
delete,0,initial,0.95,20,0.8465,f662d9d0c89f3dc5150c7c92d978f0f4230ce59a3af99d7ccbecbed07dc77630,a8c0317f357ca3c6bfb8f76a77b1378f9d9d7489f2147e40c81a961530d8a1b5
delete,0,initial,0.95,21,0.8547,59e4fb6b51bfcc4b4e0dcabf799a974d6cf3223237517178ccff0f3fc3197a04,e820757a44ef3f6f22dd675366477fb96238f0f81fb56de85daf17593117a9ed
delete,0,initial,0.95,22,0.8608,2d768117d915b932608b4776aa0da331b241c9e3a285219019a8a9cc00f99dd4,2f0466baa4fac41dfd03f7b230ec4f281cb19955ae2d10960af81663d5ba8c9c
delete,0,initial,0.95,23,0.8681,853772aca907f2303dd1bfe6c34777e8bb9ca4b6722fdfff30824f5e5ad8db06,2d1b082ff348a065c1c064bd65db60e6bdae533173e4e81a180f6d818d61aade
delete,0,initial,0.95,24,0.8741,26ca27fdb13e4726265f8bbcb1bd05079aaf53c359e34f6937aad2d657f82c43,58d8187ffd9b995feced24d98b30b24870ee63eadd2caaa93927a51f37298605
delete,0,initial,0.95,25,0.8814,e1e7eb464ea70a07fb1335a836fea7002ae20c96e8758d3928e2c169329a6b59,d4201c62af8b1946a632218111768a8b4338e064cc7bc5af0b7fb018c520dc58
delete,0,initial,0.95,26,0.886,fcdd566462e20451e510271511e5dfef0b5308108a153f7624be390e2f401646,9acdc5ca5bc8ef2b106694941b4ac35ec090c626475b6d1289bbaa4480c3152a
delete,0,initial,0.95,27,0.8929,38dfb80a7b657ce6608fb8393ac6f9d49cad150a31fcdbd96f76f408d6691bd7,6d5e915f333ec3d864d03db9608ea91449a6945eb9047fc2eff4b245ad03f461
delete,0,initial,0.95,28,0.8973,af2ae88ef34a90d702f0ed3e945a549febd47c814e570e2f0c361f06416ebe52,09a8595e98eb037a175b6de93a3e1bbc5ee2844fd809d35aeb7789686fda2648
delete,0,initial,0.95,29,0.9009,9d1528c65180d8b23cf97b3e60c07027110bd4e89acfee643a026ad89c9b4f73,b1eeba5536fcce6b60c3cfd8df5c5afa5203b4ce150366a95f345e8b879ae2a2
delete,0,initial,0.95,30,0.9044,a04fadd70485baad12278732058d90002790969427a2a1ba769095003a18b4bb,985274bff61851a96b70bd8d6c20863741b74c5759ad13ff21ffd11ad4fb44ac
delete,0,initial,0.95,31,0.9074,0d70b567d73bd6a78aa18ee2deff3dde56d1cb3af576e92d6693063bf7d4872e,cb6ce6cb720965ab9bf230ef28b140ca51ea8c7efefb4816d74967a3f73b3582
delete,0,initial,0.95,32,0.9112,555436b0e0c5b5dcabf83e33734d2364fb2f49a17f4572e64798684f7cf64c49,02b98dec46b86b79ec8de30c798aa7a722a20ee614ad1a1e9b2be13e6ab7e466
delete,0,initial,0.95,33,0.9146,445a4663d962402d78bd5356b61a1f2b39fbfbce1ad0c1f29dc9c251e4da60a6,780598a9601954b2e39bdaf391ab0a60af275d7b39830ea3f654b67b8e061a18
delete,0,initial,0.95,34,0.9181,b72b467526c99a238336fca36c39bf5ee42d2e07ed4359efa07321198d01915c,38c501be5ff317cf85622353376b1daec0a9c8f5b512a47849311316af0b494b
delete,0,initial,0.95,35,0.9208,1633b57fc7c933f68bd86dca78f50263c4911e331e3a7ad7a117e627976cc53a,bc738f7278c7234cd9fc8474afaaa9ec3e1f8623568c9478be42425f648eb4b3
delete,0,initial,0.95,36,0.9244,f95835a97a4542df2708925f1dbfa430efbbc81780172d85572aee5956705aae,808a2db61b2dadfb87f7cae7d776bebf346669bf65b47d18c71f4d33b27bab7c
delete,0,initial,0.95,37,0.9266,dd235089af21a16f4d523879f5c48fdc324367d768837d4d601c9b3821040171,05567734ccd1c803a3c875f1ae3c538fb4483ea121f1caa789fa90abc3c63dec
delete,0,initial,0.95,38,0.9296,0c1c9d8272f93de645b18d9e5538ddcda60d597b9f6c5a45ec2904f1ff26a372,f03a3268f3f72053a7cbde109a83e3f3515f7c044733e5537d8158caac0869e4
delete,0,initial,0.95,39,0.9329,2ddb471c26fbb8ea412be1a6e134b562fd6c4397808617579a0c54fc16c13c44,36168facb12ded5c207a010ca6b84af785880894966888f3e77e4ea9fa747a79
delete,0,initial,0.95,40,0.9359,8fc2d51a8644f31ce02203bb0fb5f7a1f0a273b8101daca6e4b3694acc3bb6ad,7ebe9efa55f9460a66f2961026d863214b5f0870ce6f6a6c1a3c5ced6d97a05b
delete,0,initial,0.95,41,0.9376,b910171438828af2bb72c556af61f9d3e881eed16bc9a03b16ed289ecf36958f,08d4d2c73b60fc12d94f6787ad23cfa936e355e6b02ff38e9849e0b266109163
delete,0,initial,0.95,42,0.9397,36130836d978897ffe8c29c889aff62564d37e89eee1b7a4c884f7bf4d76fe32,dc21def2d65222ebe4f30b56bb4e232d5810c06174d4a24e924a7e323b0ff620
delete,0,initial,0.95,43,0.9415,61c075dd50b14aee9a98493a5af558da4016d5f4f58103acdf0907671f5ac717,bd84e7d7255fe6da7039b77b1607cc925bb9f1e4dc4d97d49d1ef53034d55abd
delete,0,initial,0.95,44,0.9438,6414ae3283c8e1a941212616d9895ec5e95be638f097b2264fdbe6477d94e4c3,3bf5cc99267cbbe2cd5938d009bbc49a21840cdbecf17806daa4384713b20d27
delete,0,initial,0.95,45,0.9456,977304672ae873bb800a680604e3e218b913ad0c86b6ad426a3aec724639a663,0a5447fc7c117f9ce50015e6d2471974e16c54776816db5ca9141683fc255fc6
delete,0,initial,0.95,46,0.9467,ce78c8eef781aa7c3b54b2714337cb5db7c3569d14030fa99a154659d2a803e8,71049d2e1d888773c1bceba930749a331a89db4c8b0d3682594952f26bcfc78c
delete,0,initial,0.95,47,0.9481,54e0806fd1b4025faf1b8f73e98e06be3707ce2bb8efcc0f97c8a98e1554d195,b41f82ba52d074e496c6e69b2f38125643578a23e7f2dca61afa1f4d6934f9bc
delete,0,initial,0.95,48,0.9497,ad000ff78445d77c6d0075aefea122b7af6fc7ef44da092923bcc77690882c87,ff0d20a6791b213c46ceff5ad35fd7a2ac4e17957f6bc01fc46c3ff0ca8ac2e9
delete,0,initial,0.95,49,0.9522,f9d2a42e2c70db462d195905934b11c293ba1399a36e197b41c5fa4825652df9,0a26d6396af918eed629efcd68c0df14f175c80aaec0177cf7f31937334f14de
delete,0,current,0.95,10,0.7047,7d7ee9a351c91ec291e82467632fcf55462bebeeb8d79b36fc012558741c8c34,78fd235abcd76810e68da415e78d72c77396c898b06fa37235c0a3026a3394d8
delete,0,current,0.95,11,0.7245,d5f37a0060ef122874936ec5536dae6cd12ac47c240d47e848c958e60d026a53,30692f9312e4c9e2ec45ffabfe0efcc7754aab09a888c568a01176ad156d37ac
delete,0,current,0.95,12,0.7426,8aa4ffd4b20ae2de6a497c24c3a00af17aa5cb7479b3a0ff42e22cc1e417503e,d40eac690d91e012236cd4fee4a01d83c7885b823d2286d195f38060d3067305
delete,0,current,0.95,13,0.7592,a57e0b9639799bb1b8e7187b24c6d5ed23b0a26f8af62431728a80dafa8ddacc,d4a7de0c88a091b2f605a2f892146aacb9ca07f7e640950c9a40fb832dceba9d
delete,0,current,0.95,14,0.7757,8b178a9a705a63c61d992e1a4526796d409edd94488d3ba7f79e62145e568bd5,d19cbe1d0c6849feb4801021f2ec6e650ffa4d2a9c18469fb890fd8ce9f785bd
delete,0,current,0.95,15,0.7917,1817ad60cde7c40594433e50c63ce35724b06e88b9137850942d0f1305c14659,eb7afae5b7e7ca0af9e02266499e4f4f9a2c3fe1e422fe495ed10d4261b30f8f
delete,0,current,0.95,16,0.8045,e6ff1b0be185b2c33f9831fd80f4f31797714ece68ae62c83299365dd9d5ae15,40250316ee4f047b3de1acbdc40da87c882f282cc4889df522827aa9aae44eb2
delete,0,current,0.95,17,0.8181,e036ded5ba3c845bdb64255a20052e9ab99a643a0550aa145299e299661304d4,74f08c06160c65c0e0b0671e506d97d3304676c3d7e6e49fdf15072317a40669
delete,0,current,0.95,18,0.8288,6ded8a65a80c6991d5531cdc2e93e33f8d992f7a030e570faebcd9f68de13bfb,8df828e2a70750f1f55434098d0471d0b232a7bd9f6b32ac2e537b4df107043d
delete,0,current,0.95,19,0.8372,d7c964cfa10906fa56a2932174c3a9396bd06fa458234cdb6d0e9208fed5167c,5909bd046a5d0d4e2918425d3da1c15e5a38bba62799c395a6ad94e72b9466e4
delete,0,current,0.95,20,0.8465,f662d9d0c89f3dc5150c7c92d978f0f4230ce59a3af99d7ccbecbed07dc77630,a8c0317f357ca3c6bfb8f76a77b1378f9d9d7489f2147e40c81a961530d8a1b5
delete,0,current,0.95,21,0.8547,59e4fb6b51bfcc4b4e0dcabf799a974d6cf3223237517178ccff0f3fc3197a04,e820757a44ef3f6f22dd675366477fb96238f0f81fb56de85daf17593117a9ed
delete,0,current,0.95,22,0.8608,2d768117d915b932608b4776aa0da331b241c9e3a285219019a8a9cc00f99dd4,2f0466baa4fac41dfd03f7b230ec4f281cb19955ae2d10960af81663d5ba8c9c
delete,0,current,0.95,23,0.8681,853772aca907f2303dd1bfe6c34777e8bb9ca4b6722fdfff30824f5e5ad8db06,2d1b082ff348a065c1c064bd65db60e6bdae533173e4e81a180f6d818d61aade
delete,0,current,0.95,24,0.8741,26ca27fdb13e4726265f8bbcb1bd05079aaf53c359e34f6937aad2d657f82c43,58d8187ffd9b995feced24d98b30b24870ee63eadd2caaa93927a51f37298605
delete,0,current,0.95,25,0.8814,e1e7eb464ea70a07fb1335a836fea7002ae20c96e8758d3928e2c169329a6b59,d4201c62af8b1946a632218111768a8b4338e064cc7bc5af0b7fb018c520dc58
delete,0,current,0.95,26,0.886,fcdd566462e20451e510271511e5dfef0b5308108a153f7624be390e2f401646,9acdc5ca5bc8ef2b106694941b4ac35ec090c626475b6d1289bbaa4480c3152a
delete,0,current,0.95,27,0.8929,38dfb80a7b657ce6608fb8393ac6f9d49cad150a31fcdbd96f76f408d6691bd7,6d5e915f333ec3d864d03db9608ea91449a6945eb9047fc2eff4b245ad03f461
delete,0,current,0.95,28,0.8973,af2ae88ef34a90d702f0ed3e945a549febd47c814e570e2f0c361f06416ebe52,09a8595e98eb037a175b6de93a3e1bbc5ee2844fd809d35aeb7789686fda2648
delete,0,current,0.95,29,0.9009,9d1528c65180d8b23cf97b3e60c07027110bd4e89acfee643a026ad89c9b4f73,b1eeba5536fcce6b60c3cfd8df5c5afa5203b4ce150366a95f345e8b879ae2a2
delete,0,current,0.95,30,0.9044,a04fadd70485baad12278732058d90002790969427a2a1ba769095003a18b4bb,985274bff61851a96b70bd8d6c20863741b74c5759ad13ff21ffd11ad4fb44ac
delete,0,current,0.95,31,0.9074,0d70b567d73bd6a78aa18ee2deff3dde56d1cb3af576e92d6693063bf7d4872e,cb6ce6cb720965ab9bf230ef28b140ca51ea8c7efefb4816d74967a3f73b3582
delete,0,current,0.95,32,0.9112,555436b0e0c5b5dcabf83e33734d2364fb2f49a17f4572e64798684f7cf64c49,02b98dec46b86b79ec8de30c798aa7a722a20ee614ad1a1e9b2be13e6ab7e466
delete,0,current,0.95,33,0.9146,445a4663d962402d78bd5356b61a1f2b39fbfbce1ad0c1f29dc9c251e4da60a6,780598a9601954b2e39bdaf391ab0a60af275d7b39830ea3f654b67b8e061a18
delete,0,current,0.95,34,0.9181,b72b467526c99a238336fca36c39bf5ee42d2e07ed4359efa07321198d01915c,38c501be5ff317cf85622353376b1daec0a9c8f5b512a47849311316af0b494b
delete,0,current,0.95,35,0.9208,1633b57fc7c933f68bd86dca78f50263c4911e331e3a7ad7a117e627976cc53a,bc738f7278c7234cd9fc8474afaaa9ec3e1f8623568c9478be42425f648eb4b3
delete,0,current,0.95,36,0.9244,f95835a97a4542df2708925f1dbfa430efbbc81780172d85572aee5956705aae,808a2db61b2dadfb87f7cae7d776bebf346669bf65b47d18c71f4d33b27bab7c
delete,0,current,0.95,37,0.9266,dd235089af21a16f4d523879f5c48fdc324367d768837d4d601c9b3821040171,05567734ccd1c803a3c875f1ae3c538fb4483ea121f1caa789fa90abc3c63dec
delete,0,current,0.95,38,0.9296,0c1c9d8272f93de645b18d9e5538ddcda60d597b9f6c5a45ec2904f1ff26a372,f03a3268f3f72053a7cbde109a83e3f3515f7c044733e5537d8158caac0869e4
delete,0,current,0.95,39,0.9329,2ddb471c26fbb8ea412be1a6e134b562fd6c4397808617579a0c54fc16c13c44,36168facb12ded5c207a010ca6b84af785880894966888f3e77e4ea9fa747a79
delete,0,current,0.95,40,0.9359,8fc2d51a8644f31ce02203bb0fb5f7a1f0a273b8101daca6e4b3694acc3bb6ad,7ebe9efa55f9460a66f2961026d863214b5f0870ce6f6a6c1a3c5ced6d97a05b
delete,0,current,0.95,41,0.9376,b910171438828af2bb72c556af61f9d3e881eed16bc9a03b16ed289ecf36958f,08d4d2c73b60fc12d94f6787ad23cfa936e355e6b02ff38e9849e0b266109163
delete,0,current,0.95,42,0.9397,36130836d978897ffe8c29c889aff62564d37e89eee1b7a4c884f7bf4d76fe32,dc21def2d65222ebe4f30b56bb4e232d5810c06174d4a24e924a7e323b0ff620
delete,0,current,0.95,43,0.9415,61c075dd50b14aee9a98493a5af558da4016d5f4f58103acdf0907671f5ac717,bd84e7d7255fe6da7039b77b1607cc925bb9f1e4dc4d97d49d1ef53034d55abd
delete,0,current,0.95,44,0.9438,6414ae3283c8e1a941212616d9895ec5e95be638f097b2264fdbe6477d94e4c3,3bf5cc99267cbbe2cd5938d009bbc49a21840cdbecf17806daa4384713b20d27
delete,0,current,0.95,45,0.9456,977304672ae873bb800a680604e3e218b913ad0c86b6ad426a3aec724639a663,0a5447fc7c117f9ce50015e6d2471974e16c54776816db5ca9141683fc255fc6
delete,0,current,0.95,46,0.9467,ce78c8eef781aa7c3b54b2714337cb5db7c3569d14030fa99a154659d2a803e8,71049d2e1d888773c1bceba930749a331a89db4c8b0d3682594952f26bcfc78c
delete,0,current,0.95,47,0.9481,54e0806fd1b4025faf1b8f73e98e06be3707ce2bb8efcc0f97c8a98e1554d195,b41f82ba52d074e496c6e69b2f38125643578a23e7f2dca61afa1f4d6934f9bc
delete,0,current,0.95,48,0.9497,ad000ff78445d77c6d0075aefea122b7af6fc7ef44da092923bcc77690882c87,ff0d20a6791b213c46ceff5ad35fd7a2ac4e17957f6bc01fc46c3ff0ca8ac2e9
delete,0,current,0.95,49,0.9522,f9d2a42e2c70db462d195905934b11c293ba1399a36e197b41c5fa4825652df9,0a26d6396af918eed629efcd68c0df14f175c80aaec0177cf7f31937334f14de
delete,1,initial,0.95,10,0.7047,7d7ee9a351c91ec291e82467632fcf55462bebeeb8d79b36fc012558741c8c34,78fd235abcd76810e68da415e78d72c77396c898b06fa37235c0a3026a3394d8
delete,1,initial,0.95,11,0.7245,d5f37a0060ef122874936ec5536dae6cd12ac47c240d47e848c958e60d026a53,30692f9312e4c9e2ec45ffabfe0efcc7754aab09a888c568a01176ad156d37ac
delete,1,initial,0.95,12,0.7426,8aa4ffd4b20ae2de6a497c24c3a00af17aa5cb7479b3a0ff42e22cc1e417503e,d40eac690d91e012236cd4fee4a01d83c7885b823d2286d195f38060d3067305
delete,1,initial,0.95,13,0.7592,a57e0b9639799bb1b8e7187b24c6d5ed23b0a26f8af62431728a80dafa8ddacc,d4a7de0c88a091b2f605a2f892146aacb9ca07f7e640950c9a40fb832dceba9d
delete,1,initial,0.95,14,0.7757,8b178a9a705a63c61d992e1a4526796d409edd94488d3ba7f79e62145e568bd5,d19cbe1d0c6849feb4801021f2ec6e650ffa4d2a9c18469fb890fd8ce9f785bd
delete,1,initial,0.95,15,0.7917,1817ad60cde7c40594433e50c63ce35724b06e88b9137850942d0f1305c14659,eb7afae5b7e7ca0af9e02266499e4f4f9a2c3fe1e422fe495ed10d4261b30f8f
delete,1,initial,0.95,16,0.8045,e6ff1b0be185b2c33f9831fd80f4f31797714ece68ae62c83299365dd9d5ae15,40250316ee4f047b3de1acbdc40da87c882f282cc4889df522827aa9aae44eb2
delete,1,initial,0.95,17,0.8181,e036ded5ba3c845bdb64255a20052e9ab99a643a0550aa145299e299661304d4,74f08c06160c65c0e0b0671e506d97d3304676c3d7e6e49fdf15072317a40669
delete,1,initial,0.95,18,0.8288,6ded8a65a80c6991d5531cdc2e93e33f8d992f7a030e570faebcd9f68de13bfb,8df828e2a70750f1f55434098d0471d0b232a7bd9f6b32ac2e537b4df107043d
delete,1,initial,0.95,19,0.8372,d7c964cfa10906fa56a2932174c3a9396bd06fa458234cdb6d0e9208fed5167c,5909bd046a5d0d4e2918425d3da1c15e5a38bba62799c395a6ad94e72b9466e4
delete,1,initial,0.95,20,0.8465,f662d9d0c89f3dc5150c7c92d978f0f4230ce59a3af99d7ccbecbed07dc77630,a8c0317f357ca3c6bfb8f76a77b1378f9d9d7489f2147e40c81a961530d8a1b5
delete,1,initial,0.95,21,0.8547,59e4fb6b51bfcc4b4e0dcabf799a974d6cf3223237517178ccff0f3fc3197a04,e820757a44ef3f6f22dd675366477fb96238f0f81fb56de85daf17593117a9ed
delete,1,initial,0.95,22,0.8608,2d768117d915b932608b4776aa0da331b241c9e3a285219019a8a9cc00f99dd4,2f0466baa4fac41dfd03f7b230ec4f281cb19955ae2d10960af81663d5ba8c9c
delete,1,initial,0.95,23,0.8681,853772aca907f2303dd1bfe6c34777e8bb9ca4b6722fdfff30824f5e5ad8db06,2d1b082ff348a065c1c064bd65db60e6bdae533173e4e81a180f6d818d61aade
delete,1,initial,0.95,24,0.8741,26ca27fdb13e4726265f8bbcb1bd05079aaf53c359e34f6937aad2d657f82c43,58d8187ffd9b995feced24d98b30b24870ee63eadd2caaa93927a51f37298605
delete,1,initial,0.95,25,0.8814,e1e7eb464ea70a07fb1335a836fea7002ae20c96e8758d3928e2c169329a6b59,d4201c62af8b1946a632218111768a8b4338e064cc7bc5af0b7fb018c520dc58
delete,1,initial,0.95,26,0.886,fcdd566462e20451e510271511e5dfef0b5308108a153f7624be390e2f401646,9acdc5ca5bc8ef2b106694941b4ac35ec090c626475b6d1289bbaa4480c3152a
delete,1,initial,0.95,27,0.8929,38dfb80a7b657ce6608fb8393ac6f9d49cad150a31fcdbd96f76f408d6691bd7,6d5e915f333ec3d864d03db9608ea91449a6945eb9047fc2eff4b245ad03f461
delete,1,initial,0.95,28,0.8973,af2ae88ef34a90d702f0ed3e945a549febd47c814e570e2f0c361f06416ebe52,09a8595e98eb037a175b6de93a3e1bbc5ee2844fd809d35aeb7789686fda2648
delete,1,initial,0.95,29,0.9009,9d1528c65180d8b23cf97b3e60c07027110bd4e89acfee643a026ad89c9b4f73,b1eeba5536fcce6b60c3cfd8df5c5afa5203b4ce150366a95f345e8b879ae2a2
delete,1,initial,0.95,30,0.9044,a04fadd70485baad12278732058d90002790969427a2a1ba769095003a18b4bb,985274bff61851a96b70bd8d6c20863741b74c5759ad13ff21ffd11ad4fb44ac
delete,1,initial,0.95,31,0.9074,0d70b567d73bd6a78aa18ee2deff3dde56d1cb3af576e92d6693063bf7d4872e,cb6ce6cb720965ab9bf230ef28b140ca51ea8c7efefb4816d74967a3f73b3582
delete,1,initial,0.95,32,0.9112,555436b0e0c5b5dcabf83e33734d2364fb2f49a17f4572e64798684f7cf64c49,02b98dec46b86b79ec8de30c798aa7a722a20ee614ad1a1e9b2be13e6ab7e466
delete,1,initial,0.95,33,0.9146,445a4663d962402d78bd5356b61a1f2b39fbfbce1ad0c1f29dc9c251e4da60a6,780598a9601954b2e39bdaf391ab0a60af275d7b39830ea3f654b67b8e061a18
delete,1,initial,0.95,34,0.9181,b72b467526c99a238336fca36c39bf5ee42d2e07ed4359efa07321198d01915c,38c501be5ff317cf85622353376b1daec0a9c8f5b512a47849311316af0b494b
delete,1,initial,0.95,35,0.9208,1633b57fc7c933f68bd86dca78f50263c4911e331e3a7ad7a117e627976cc53a,bc738f7278c7234cd9fc8474afaaa9ec3e1f8623568c9478be42425f648eb4b3
delete,1,initial,0.95,36,0.9244,f95835a97a4542df2708925f1dbfa430efbbc81780172d85572aee5956705aae,808a2db61b2dadfb87f7cae7d776bebf346669bf65b47d18c71f4d33b27bab7c
delete,1,initial,0.95,37,0.9266,dd235089af21a16f4d523879f5c48fdc324367d768837d4d601c9b3821040171,05567734ccd1c803a3c875f1ae3c538fb4483ea121f1caa789fa90abc3c63dec
delete,1,initial,0.95,38,0.9296,0c1c9d8272f93de645b18d9e5538ddcda60d597b9f6c5a45ec2904f1ff26a372,f03a3268f3f72053a7cbde109a83e3f3515f7c044733e5537d8158caac0869e4
delete,1,initial,0.95,39,0.9329,2ddb471c26fbb8ea412be1a6e134b562fd6c4397808617579a0c54fc16c13c44,36168facb12ded5c207a010ca6b84af785880894966888f3e77e4ea9fa747a79
delete,1,initial,0.95,40,0.9359,8fc2d51a8644f31ce02203bb0fb5f7a1f0a273b8101daca6e4b3694acc3bb6ad,7ebe9efa55f9460a66f2961026d863214b5f0870ce6f6a6c1a3c5ced6d97a05b
delete,1,initial,0.95,41,0.9376,b910171438828af2bb72c556af61f9d3e881eed16bc9a03b16ed289ecf36958f,08d4d2c73b60fc12d94f6787ad23cfa936e355e6b02ff38e9849e0b266109163
delete,1,initial,0.95,42,0.9397,36130836d978897ffe8c29c889aff62564d37e89eee1b7a4c884f7bf4d76fe32,dc21def2d65222ebe4f30b56bb4e232d5810c06174d4a24e924a7e323b0ff620
delete,1,initial,0.95,43,0.9415,61c075dd50b14aee9a98493a5af558da4016d5f4f58103acdf0907671f5ac717,bd84e7d7255fe6da7039b77b1607cc925bb9f1e4dc4d97d49d1ef53034d55abd
delete,1,initial,0.95,44,0.9438,6414ae3283c8e1a941212616d9895ec5e95be638f097b2264fdbe6477d94e4c3,3bf5cc99267cbbe2cd5938d009bbc49a21840cdbecf17806daa4384713b20d27
delete,1,initial,0.95,45,0.9456,977304672ae873bb800a680604e3e218b913ad0c86b6ad426a3aec724639a663,0a5447fc7c117f9ce50015e6d2471974e16c54776816db5ca9141683fc255fc6
delete,1,initial,0.95,46,0.9467,ce78c8eef781aa7c3b54b2714337cb5db7c3569d14030fa99a154659d2a803e8,71049d2e1d888773c1bceba930749a331a89db4c8b0d3682594952f26bcfc78c
delete,1,initial,0.95,47,0.9481,54e0806fd1b4025faf1b8f73e98e06be3707ce2bb8efcc0f97c8a98e1554d195,b41f82ba52d074e496c6e69b2f38125643578a23e7f2dca61afa1f4d6934f9bc
delete,1,initial,0.95,48,0.9497,ad000ff78445d77c6d0075aefea122b7af6fc7ef44da092923bcc77690882c87,ff0d20a6791b213c46ceff5ad35fd7a2ac4e17957f6bc01fc46c3ff0ca8ac2e9
delete,1,initial,0.95,49,0.9522,f9d2a42e2c70db462d195905934b11c293ba1399a36e197b41c5fa4825652df9,0a26d6396af918eed629efcd68c0df14f175c80aaec0177cf7f31937334f14de
delete,1,current,0.95,10,0.8395,263f65a496deb1a78cdca0785e971bbc658aee9ee43b0cd9391b395f8b5987d8,a5bc7612e78fbd1637b3e199dcd209116a4abaa1fd52b5c482fd7e19a5c3bee4
delete,1,current,0.95,11,0.8539,b61553bdd0f1523156248acc3727f4b1d352f78f91312b04a2e7b137614266bc,bbf5b4783bfd9e42d56cdbad8368935866a73ea7f6d64d3f5dc805ac92f718e1
delete,1,current,0.95,12,0.8682,7e169c60ad74f01416f91a7c791283101283636bced6c28c5f2c61162fd61be2,be1eb533e8c622d45207cd0777c56e99cdee4351c1f2aa91052b689b0f3c3a9d
delete,1,current,0.95,13,0.8801,9f188d78970dfc469cc8578d9eb94aa7ae2b34337fd2330b7ea677ddba5e7980,c9d8e077b1a9afd736bdc7d3b5d1ab9603cf0d110793e6833fb59fac18ddcd06
delete,1,current,0.95,14,0.89,3970163e0af91b1f60cd3ea05a91eaffcaa34b1d9149cf831659b53f76873f18,f43f380172f6c2d3020b6e701ccd03c65253ce01c0b093d454374d948b2603bd
delete,1,current,0.95,15,0.8989,474b0d33560e4cb39a4272c939b1a0fcf7fab6d9c4f0fa67d0e98df782f767be,6c6c1222bed0d29e0eb237b50f5015ff763a1f9b507b53a176bc4c1e2cbcb1e2
delete,1,current,0.95,16,0.9066,54e083ebcd26fbc1fd44b19eaf889e696a2267e5a13f876954d446a7084c543c,38219b6876589649666155dee7eba5c506373dff32fe6a0d8208d1e5d92cfea1
delete,1,current,0.95,17,0.9159,1fb8d4b343720a36306a072c8ac2b8ca5a6f9674791e7c0e96cad9b0f70ebadd,140b047d538821090b781bd9d574a73cf1c567e81f4e79be0ed715e66f264e8b
delete,1,current,0.95,18,0.9209,fd05a00b12225e9cce807721d1ebf1751da55119d51de193d0a195958923eb85,9eaa4feb172e79277f1f1386406b43fd1b93e1e8bb3954e3e1d4a26c746fadaa
delete,1,current,0.95,19,0.9265,8e33a515e35a085cc0b3ec700ac8bec4b1723e746b495eaf01773ce46b98444a,41deecda3d93525d22feb59e400b19af26d4d7c3c4fb4a6c0c94ab95e04184f0
delete,1,current,0.95,20,0.9319,c6c27c00623876ea6e84052e7750e21b07dfd083f423087fa6c06f6afeb729ff,4d6b6c6c8a5c93d7828e2a1711a8568687fd4b8c31344020398a559aded44c23
delete,1,current,0.95,21,0.9366,0b0ee67751a0aaec22224e03dc77d3e855631fc6f7bcb9b1f10dbda6a40c1b46,57fd9dc5f98e5afd40d09e948390c76e8c467988d2df5f569fd21b0f78f919fe
delete,1,current,0.95,22,0.9399,7943b2977e2ed2d47a214e9e40e341fb35f8844d4f94eefd1c8aea179b0c7ad6,e7d94c6baa62860278f8ef2d03e5a9f3d9c6c7f1e6dae9e6f9e16d03ac60a590
delete,1,current,0.95,23,0.9438,1de55517377a16655c510e7305a97c98051836cc864baa342187445b9c034276,838284d633bbfc714ed19fe4f838ee5b7a64d416a1150c0060f878fce531ec80
delete,1,current,0.95,24,0.9477,d6e3258fc7b4ca59565b8160f1720f8b521e003cab85643a90cbeeaa288e2522,3150e91108c5c1a822a9c7bfa09ace5f44b9330aae72edcfeb0bd3cd161f37dc
delete,1,current,0.95,25,0.9511,f146b3f4ead5b54a52a4d26ad9cf9211685a6fb47f21ee9763344e98142ebcfc,902e5da7b888844185b44cadb4569612a04b8fc8e2bfa6f0f1c889586c658249
delete,2,initial,0.95,10,0.7047,7d7ee9a351c91ec291e82467632fcf55462bebeeb8d79b36fc012558741c8c34,78fd235abcd76810e68da415e78d72c77396c898b06fa37235c0a3026a3394d8
delete,2,initial,0.95,11,0.7245,d5f37a0060ef122874936ec5536dae6cd12ac47c240d47e848c958e60d026a53,30692f9312e4c9e2ec45ffabfe0efcc7754aab09a888c568a01176ad156d37ac
delete,2,initial,0.95,12,0.7426,8aa4ffd4b20ae2de6a497c24c3a00af17aa5cb7479b3a0ff42e22cc1e417503e,d40eac690d91e012236cd4fee4a01d83c7885b823d2286d195f38060d3067305
delete,2,initial,0.95,13,0.7592,a57e0b9639799bb1b8e7187b24c6d5ed23b0a26f8af62431728a80dafa8ddacc,d4a7de0c88a091b2f605a2f892146aacb9ca07f7e640950c9a40fb832dceba9d
delete,2,initial,0.95,14,0.7757,8b178a9a705a63c61d992e1a4526796d409edd94488d3ba7f79e62145e568bd5,d19cbe1d0c6849feb4801021f2ec6e650ffa4d2a9c18469fb890fd8ce9f785bd
delete,2,initial,0.95,15,0.7917,1817ad60cde7c40594433e50c63ce35724b06e88b9137850942d0f1305c14659,eb7afae5b7e7ca0af9e02266499e4f4f9a2c3fe1e422fe495ed10d4261b30f8f
delete,2,initial,0.95,16,0.8045,e6ff1b0be185b2c33f9831fd80f4f31797714ece68ae62c83299365dd9d5ae15,40250316ee4f047b3de1acbdc40da87c882f282cc4889df522827aa9aae44eb2
delete,2,initial,0.95,17,0.8181,e036ded5ba3c845bdb64255a20052e9ab99a643a0550aa145299e299661304d4,74f08c06160c65c0e0b0671e506d97d3304676c3d7e6e49fdf15072317a40669
delete,2,initial,0.95,18,0.8288,6ded8a65a80c6991d5531cdc2e93e33f8d992f7a030e570faebcd9f68de13bfb,8df828e2a70750f1f55434098d0471d0b232a7bd9f6b32ac2e537b4df107043d
delete,2,initial,0.95,19,0.8372,d7c964cfa10906fa56a2932174c3a9396bd06fa458234cdb6d0e9208fed5167c,5909bd046a5d0d4e2918425d3da1c15e5a38bba62799c395a6ad94e72b9466e4
delete,2,initial,0.95,20,0.8465,f662d9d0c89f3dc5150c7c92d978f0f4230ce59a3af99d7ccbecbed07dc77630,a8c0317f357ca3c6bfb8f76a77b1378f9d9d7489f2147e40c81a961530d8a1b5
delete,2,initial,0.95,21,0.8547,59e4fb6b51bfcc4b4e0dcabf799a974d6cf3223237517178ccff0f3fc3197a04,e820757a44ef3f6f22dd675366477fb96238f0f81fb56de85daf17593117a9ed
delete,2,initial,0.95,22,0.8608,2d768117d915b932608b4776aa0da331b241c9e3a285219019a8a9cc00f99dd4,2f0466baa4fac41dfd03f7b230ec4f281cb19955ae2d10960af81663d5ba8c9c
delete,2,initial,0.95,23,0.8681,853772aca907f2303dd1bfe6c34777e8bb9ca4b6722fdfff30824f5e5ad8db06,2d1b082ff348a065c1c064bd65db60e6bdae533173e4e81a180f6d818d61aade
delete,2,initial,0.95,24,0.8741,26ca27fdb13e4726265f8bbcb1bd05079aaf53c359e34f6937aad2d657f82c43,58d8187ffd9b995feced24d98b30b24870ee63eadd2caaa93927a51f37298605
delete,2,initial,0.95,25,0.8814,e1e7eb464ea70a07fb1335a836fea7002ae20c96e8758d3928e2c169329a6b59,d4201c62af8b1946a632218111768a8b4338e064cc7bc5af0b7fb018c520dc58
delete,2,initial,0.95,26,0.886,fcdd566462e20451e510271511e5dfef0b5308108a153f7624be390e2f401646,9acdc5ca5bc8ef2b106694941b4ac35ec090c626475b6d1289bbaa4480c3152a
delete,2,initial,0.95,27,0.8929,38dfb80a7b657ce6608fb8393ac6f9d49cad150a31fcdbd96f76f408d6691bd7,6d5e915f333ec3d864d03db9608ea91449a6945eb9047fc2eff4b245ad03f461
delete,2,initial,0.95,28,0.8973,af2ae88ef34a90d702f0ed3e945a549febd47c814e570e2f0c361f06416ebe52,09a8595e98eb037a175b6de93a3e1bbc5ee2844fd809d35aeb7789686fda2648
delete,2,initial,0.95,29,0.9009,9d1528c65180d8b23cf97b3e60c07027110bd4e89acfee643a026ad89c9b4f73,b1eeba5536fcce6b60c3cfd8df5c5afa5203b4ce150366a95f345e8b879ae2a2
delete,2,initial,0.95,30,0.9044,a04fadd70485baad12278732058d90002790969427a2a1ba769095003a18b4bb,985274bff61851a96b70bd8d6c20863741b74c5759ad13ff21ffd11ad4fb44ac
delete,2,initial,0.95,31,0.9074,0d70b567d73bd6a78aa18ee2deff3dde56d1cb3af576e92d6693063bf7d4872e,cb6ce6cb720965ab9bf230ef28b140ca51ea8c7efefb4816d74967a3f73b3582
delete,2,initial,0.95,32,0.9112,555436b0e0c5b5dcabf83e33734d2364fb2f49a17f4572e64798684f7cf64c49,02b98dec46b86b79ec8de30c798aa7a722a20ee614ad1a1e9b2be13e6ab7e466
delete,2,initial,0.95,33,0.9146,445a4663d962402d78bd5356b61a1f2b39fbfbce1ad0c1f29dc9c251e4da60a6,780598a9601954b2e39bdaf391ab0a60af275d7b39830ea3f654b67b8e061a18
delete,2,initial,0.95,34,0.9181,b72b467526c99a238336fca36c39bf5ee42d2e07ed4359efa07321198d01915c,38c501be5ff317cf85622353376b1daec0a9c8f5b512a47849311316af0b494b
delete,2,initial,0.95,35,0.9208,1633b57fc7c933f68bd86dca78f50263c4911e331e3a7ad7a117e627976cc53a,bc738f7278c7234cd9fc8474afaaa9ec3e1f8623568c9478be42425f648eb4b3
delete,2,initial,0.95,36,0.9244,f95835a97a4542df2708925f1dbfa430efbbc81780172d85572aee5956705aae,808a2db61b2dadfb87f7cae7d776bebf346669bf65b47d18c71f4d33b27bab7c
delete,2,initial,0.95,37,0.9266,dd235089af21a16f4d523879f5c48fdc324367d768837d4d601c9b3821040171,05567734ccd1c803a3c875f1ae3c538fb4483ea121f1caa789fa90abc3c63dec
delete,2,initial,0.95,38,0.9296,0c1c9d8272f93de645b18d9e5538ddcda60d597b9f6c5a45ec2904f1ff26a372,f03a3268f3f72053a7cbde109a83e3f3515f7c044733e5537d8158caac0869e4
delete,2,initial,0.95,39,0.9329,2ddb471c26fbb8ea412be1a6e134b562fd6c4397808617579a0c54fc16c13c44,36168facb12ded5c207a010ca6b84af785880894966888f3e77e4ea9fa747a79
delete,2,initial,0.95,40,0.9359,8fc2d51a8644f31ce02203bb0fb5f7a1f0a273b8101daca6e4b3694acc3bb6ad,7ebe9efa55f9460a66f2961026d863214b5f0870ce6f6a6c1a3c5ced6d97a05b
delete,2,initial,0.95,41,0.9376,b910171438828af2bb72c556af61f9d3e881eed16bc9a03b16ed289ecf36958f,08d4d2c73b60fc12d94f6787ad23cfa936e355e6b02ff38e9849e0b266109163
delete,2,initial,0.95,42,0.9397,36130836d978897ffe8c29c889aff62564d37e89eee1b7a4c884f7bf4d76fe32,dc21def2d65222ebe4f30b56bb4e232d5810c06174d4a24e924a7e323b0ff620
delete,2,initial,0.95,43,0.9415,61c075dd50b14aee9a98493a5af558da4016d5f4f58103acdf0907671f5ac717,bd84e7d7255fe6da7039b77b1607cc925bb9f1e4dc4d97d49d1ef53034d55abd
delete,2,initial,0.95,44,0.9438,6414ae3283c8e1a941212616d9895ec5e95be638f097b2264fdbe6477d94e4c3,3bf5cc99267cbbe2cd5938d009bbc49a21840cdbecf17806daa4384713b20d27
delete,2,initial,0.95,45,0.9456,977304672ae873bb800a680604e3e218b913ad0c86b6ad426a3aec724639a663,0a5447fc7c117f9ce50015e6d2471974e16c54776816db5ca9141683fc255fc6
delete,2,initial,0.95,46,0.9467,ce78c8eef781aa7c3b54b2714337cb5db7c3569d14030fa99a154659d2a803e8,71049d2e1d888773c1bceba930749a331a89db4c8b0d3682594952f26bcfc78c
delete,2,initial,0.95,47,0.9481,54e0806fd1b4025faf1b8f73e98e06be3707ce2bb8efcc0f97c8a98e1554d195,b41f82ba52d074e496c6e69b2f38125643578a23e7f2dca61afa1f4d6934f9bc
delete,2,initial,0.95,48,0.9497,ad000ff78445d77c6d0075aefea122b7af6fc7ef44da092923bcc77690882c87,ff0d20a6791b213c46ceff5ad35fd7a2ac4e17957f6bc01fc46c3ff0ca8ac2e9
delete,2,initial,0.95,49,0.9522,f9d2a42e2c70db462d195905934b11c293ba1399a36e197b41c5fa4825652df9,0a26d6396af918eed629efcd68c0df14f175c80aaec0177cf7f31937334f14de
delete,2,current,0.95,10,0.8762,a00995548a4b2698ab4a2d444393f5157757e00d86386694d0ae86cb638eee77,d7eb63de7965a2fda476e63bd5b2341ff02e1236912052a908cd5f547f827235
delete,2,current,0.95,11,0.8923,cfea1f38adf29faf650780321a355b8d39c9b309d163474a371eb8781e701fe2,08c25377a1eb4cd9ce3d469810fd8e61bd7aa7c3c8c2a005edd0d8d7c9392184
delete,2,current,0.95,12,0.904,0d97efdf528075386784865a690c998db9e6090d6d61acc88b445df3c977b729,e7bf02c309424ae2ea81cc04bf1450dc3a1cc9029ed96dea715dd9b311295970
delete,2,current,0.95,13,0.913,74e1fd044c09e00a757cbd963c7fd612baddd3b2743fff901b6ad02dd68dabdb,bed5a589fe078eceb9660f13f27a32ffe5bcb6023ba841ebcb8c710b95e4cfc3
delete,2,current,0.95,14,0.921,8809d360c6842034a32d0bacaa04f3fbb07dca06ae7dd8f12bd61e5da92c8683,e92d3ec83d5fad6dbe52c3082c81ca663b9b534d37eb67c4baa6b2e83c152bd5
delete,2,current,0.95,15,0.9295,7a4a49887660a34bc2bb13311c57b60df4c262876ea7cc7dd2324cf8edd045b1,88002ef58c019273d1a243b806fb8fc71bd98c859924bb9de2627e4437a2b190
delete,2,current,0.95,16,0.9354,869ee0745a87d77f86907ca6f4f59997c61da0345f1234bb47cd95acc82b8979,0eb66439026b3cd3744306c52b5803448c04862bf1a9fb5216d91c7c515936d8
delete,2,current,0.95,17,0.9405,be024c339bca5b960f32fbbb8300b3278af1e276c91091ae72b455cd3c049551,be0b94156c0fc6c02bd174a498f24e5e3b81d34a63efd61cc8a34426e0a5df79
delete,2,current,0.95,18,0.9455,30245b23e94fb37ed1e218b9d340a3ab98caf57cbcc59fd87b3011ebd9bebc54,39839d6662026e5ef1b986ae6b7cb6507755c2dc831951294f6718c8546f4347
delete,2,current,0.95,19,0.9497,5cd386cdafc6414587ceb688225d0f7541693568027fde06a3705bcf6a7f7886,5f451f8e101b8bb12b855d7cf74659b17fe676029958329f0b2e441338ef78b0
delete,2,current,0.95,20,0.9526,c274b27ffbd71247bbab510cb142a646bb88722ee87627597bb526caa8f0a884,b32e67f6e7fde98c390df3d264719ff7840b0c810c655fe8a964da04ebde9b99
delete,3,initial,0.95,10,0.7047,7d7ee9a351c91ec291e82467632fcf55462bebeeb8d79b36fc012558741c8c34,78fd235abcd76810e68da415e78d72c77396c898b06fa37235c0a3026a3394d8
delete,3,initial,0.95,11,0.7245,d5f37a0060ef122874936ec5536dae6cd12ac47c240d47e848c958e60d026a53,30692f9312e4c9e2ec45ffabfe0efcc7754aab09a888c568a01176ad156d37ac
delete,3,initial,0.95,12,0.7426,8aa4ffd4b20ae2de6a497c24c3a00af17aa5cb7479b3a0ff42e22cc1e417503e,d40eac690d91e012236cd4fee4a01d83c7885b823d2286d195f38060d3067305
delete,3,initial,0.95,13,0.7592,a57e0b9639799bb1b8e7187b24c6d5ed23b0a26f8af62431728a80dafa8ddacc,d4a7de0c88a091b2f605a2f892146aacb9ca07f7e640950c9a40fb832dceba9d
delete,3,initial,0.95,14,0.7757,8b178a9a705a63c61d992e1a4526796d409edd94488d3ba7f79e62145e568bd5,d19cbe1d0c6849feb4801021f2ec6e650ffa4d2a9c18469fb890fd8ce9f785bd
delete,3,initial,0.95,15,0.7917,1817ad60cde7c40594433e50c63ce35724b06e88b9137850942d0f1305c14659,eb7afae5b7e7ca0af9e02266499e4f4f9a2c3fe1e422fe495ed10d4261b30f8f
delete,3,initial,0.95,16,0.8045,e6ff1b0be185b2c33f9831fd80f4f31797714ece68ae62c83299365dd9d5ae15,40250316ee4f047b3de1acbdc40da87c882f282cc4889df522827aa9aae44eb2
delete,3,initial,0.95,17,0.8181,e036ded5ba3c845bdb64255a20052e9ab99a643a0550aa145299e299661304d4,74f08c06160c65c0e0b0671e506d97d3304676c3d7e6e49fdf15072317a40669
delete,3,initial,0.95,18,0.8288,6ded8a65a80c6991d5531cdc2e93e33f8d992f7a030e570faebcd9f68de13bfb,8df828e2a70750f1f55434098d0471d0b232a7bd9f6b32ac2e537b4df107043d
delete,3,initial,0.95,19,0.8372,d7c964cfa10906fa56a2932174c3a9396bd06fa458234cdb6d0e9208fed5167c,5909bd046a5d0d4e2918425d3da1c15e5a38bba62799c395a6ad94e72b9466e4
delete,3,initial,0.95,20,0.8465,f662d9d0c89f3dc5150c7c92d978f0f4230ce59a3af99d7ccbecbed07dc77630,a8c0317f357ca3c6bfb8f76a77b1378f9d9d7489f2147e40c81a961530d8a1b5
delete,3,initial,0.95,21,0.8547,59e4fb6b51bfcc4b4e0dcabf799a974d6cf3223237517178ccff0f3fc3197a04,e820757a44ef3f6f22dd675366477fb96238f0f81fb56de85daf17593117a9ed
delete,3,initial,0.95,22,0.8608,2d768117d915b932608b4776aa0da331b241c9e3a285219019a8a9cc00f99dd4,2f0466baa4fac41dfd03f7b230ec4f281cb19955ae2d10960af81663d5ba8c9c
delete,3,initial,0.95,23,0.8681,853772aca907f2303dd1bfe6c34777e8bb9ca4b6722fdfff30824f5e5ad8db06,2d1b082ff348a065c1c064bd65db60e6bdae533173e4e81a180f6d818d61aade
delete,3,initial,0.95,24,0.8741,26ca27fdb13e4726265f8bbcb1bd05079aaf53c359e34f6937aad2d657f82c43,58d8187ffd9b995feced24d98b30b24870ee63eadd2caaa93927a51f37298605
delete,3,initial,0.95,25,0.8814,e1e7eb464ea70a07fb1335a836fea7002ae20c96e8758d3928e2c169329a6b59,d4201c62af8b1946a632218111768a8b4338e064cc7bc5af0b7fb018c520dc58
delete,3,initial,0.95,26,0.886,fcdd566462e20451e510271511e5dfef0b5308108a153f7624be390e2f401646,9acdc5ca5bc8ef2b106694941b4ac35ec090c626475b6d1289bbaa4480c3152a
delete,3,initial,0.95,27,0.8929,38dfb80a7b657ce6608fb8393ac6f9d49cad150a31fcdbd96f76f408d6691bd7,6d5e915f333ec3d864d03db9608ea91449a6945eb9047fc2eff4b245ad03f461
delete,3,initial,0.95,28,0.8973,af2ae88ef34a90d702f0ed3e945a549febd47c814e570e2f0c361f06416ebe52,09a8595e98eb037a175b6de93a3e1bbc5ee2844fd809d35aeb7789686fda2648
delete,3,initial,0.95,29,0.9009,9d1528c65180d8b23cf97b3e60c07027110bd4e89acfee643a026ad89c9b4f73,b1eeba5536fcce6b60c3cfd8df5c5afa5203b4ce150366a95f345e8b879ae2a2
delete,3,initial,0.95,30,0.9044,a04fadd70485baad12278732058d90002790969427a2a1ba769095003a18b4bb,985274bff61851a96b70bd8d6c20863741b74c5759ad13ff21ffd11ad4fb44ac
delete,3,initial,0.95,31,0.9074,0d70b567d73bd6a78aa18ee2deff3dde56d1cb3af576e92d6693063bf7d4872e,cb6ce6cb720965ab9bf230ef28b140ca51ea8c7efefb4816d74967a3f73b3582
delete,3,initial,0.95,32,0.9112,555436b0e0c5b5dcabf83e33734d2364fb2f49a17f4572e64798684f7cf64c49,02b98dec46b86b79ec8de30c798aa7a722a20ee614ad1a1e9b2be13e6ab7e466
delete,3,initial,0.95,33,0.9146,445a4663d962402d78bd5356b61a1f2b39fbfbce1ad0c1f29dc9c251e4da60a6,780598a9601954b2e39bdaf391ab0a60af275d7b39830ea3f654b67b8e061a18
delete,3,initial,0.95,34,0.9181,b72b467526c99a238336fca36c39bf5ee42d2e07ed4359efa07321198d01915c,38c501be5ff317cf85622353376b1daec0a9c8f5b512a47849311316af0b494b
delete,3,initial,0.95,35,0.9208,1633b57fc7c933f68bd86dca78f50263c4911e331e3a7ad7a117e627976cc53a,bc738f7278c7234cd9fc8474afaaa9ec3e1f8623568c9478be42425f648eb4b3
delete,3,initial,0.95,36,0.9244,f95835a97a4542df2708925f1dbfa430efbbc81780172d85572aee5956705aae,808a2db61b2dadfb87f7cae7d776bebf346669bf65b47d18c71f4d33b27bab7c
delete,3,initial,0.95,37,0.9266,dd235089af21a16f4d523879f5c48fdc324367d768837d4d601c9b3821040171,05567734ccd1c803a3c875f1ae3c538fb4483ea121f1caa789fa90abc3c63dec
delete,3,initial,0.95,38,0.9296,0c1c9d8272f93de645b18d9e5538ddcda60d597b9f6c5a45ec2904f1ff26a372,f03a3268f3f72053a7cbde109a83e3f3515f7c044733e5537d8158caac0869e4
delete,3,initial,0.95,39,0.9329,2ddb471c26fbb8ea412be1a6e134b562fd6c4397808617579a0c54fc16c13c44,36168facb12ded5c207a010ca6b84af785880894966888f3e77e4ea9fa747a79
delete,3,initial,0.95,40,0.9359,8fc2d51a8644f31ce02203bb0fb5f7a1f0a273b8101daca6e4b3694acc3bb6ad,7ebe9efa55f9460a66f2961026d863214b5f0870ce6f6a6c1a3c5ced6d97a05b
delete,3,initial,0.95,41,0.9376,b910171438828af2bb72c556af61f9d3e881eed16bc9a03b16ed289ecf36958f,08d4d2c73b60fc12d94f6787ad23cfa936e355e6b02ff38e9849e0b266109163
delete,3,initial,0.95,42,0.9397,36130836d978897ffe8c29c889aff62564d37e89eee1b7a4c884f7bf4d76fe32,dc21def2d65222ebe4f30b56bb4e232d5810c06174d4a24e924a7e323b0ff620
delete,3,initial,0.95,43,0.9415,61c075dd50b14aee9a98493a5af558da4016d5f4f58103acdf0907671f5ac717,bd84e7d7255fe6da7039b77b1607cc925bb9f1e4dc4d97d49d1ef53034d55abd
delete,3,initial,0.95,44,0.9438,6414ae3283c8e1a941212616d9895ec5e95be638f097b2264fdbe6477d94e4c3,3bf5cc99267cbbe2cd5938d009bbc49a21840cdbecf17806daa4384713b20d27
delete,3,initial,0.95,45,0.9456,977304672ae873bb800a680604e3e218b913ad0c86b6ad426a3aec724639a663,0a5447fc7c117f9ce50015e6d2471974e16c54776816db5ca9141683fc255fc6
delete,3,initial,0.95,46,0.9467,ce78c8eef781aa7c3b54b2714337cb5db7c3569d14030fa99a154659d2a803e8,71049d2e1d888773c1bceba930749a331a89db4c8b0d3682594952f26bcfc78c
delete,3,initial,0.95,47,0.9481,54e0806fd1b4025faf1b8f73e98e06be3707ce2bb8efcc0f97c8a98e1554d195,b41f82ba52d074e496c6e69b2f38125643578a23e7f2dca61afa1f4d6934f9bc
delete,3,initial,0.95,48,0.9497,ad000ff78445d77c6d0075aefea122b7af6fc7ef44da092923bcc77690882c87,ff0d20a6791b213c46ceff5ad35fd7a2ac4e17957f6bc01fc46c3ff0ca8ac2e9
delete,3,initial,0.95,49,0.9522,f9d2a42e2c70db462d195905934b11c293ba1399a36e197b41c5fa4825652df9,0a26d6396af918eed629efcd68c0df14f175c80aaec0177cf7f31937334f14de
delete,3,current,0.95,10,0.9023,ad73d378e19c6ff0ae7858ecd293bb2a44e246334a4c1e83cd56552c7ea4e6f0,713caa21a742868e651aaaa1d42c479b1bfcab8dae35be3faebc8073bc37b11b
delete,3,current,0.95,11,0.9115,b6658afcc65d951febd9ccfb4148423b1e3cf054ec9e76d8ee3a2b563a0d556d,41e6361f3ad4ca49f8d481441c5cda0a002cab3a4f877c2345e4a3bc3c4c30f3
delete,3,current,0.95,12,0.9211,69b2818958230fc07dd036e6128e0110d7e86f44f31184735560cee4addfac00,77201adcdbbd6c61d96bda4c6650d0f6f6027f6cb58adee3a34d4529a0296931
delete,3,current,0.95,13,0.9287,6848b85d15f13fe96508c7f2a6d248b337092f072e1a787871901d9e16f9adb5,8457785ddb12273efdf3e5bc659890aa03a6362fab0406f98ccd355cb4287970
delete,3,current,0.95,14,0.935,d9888a49fca8504b1db1224469da295eaf76d74a16f29db5c618e9e3bc732772,7f205e9dc451de7963bf9b19474d1c4060c3efe1dc3d2adfdd672c0b1bac69e3
delete,3,current,0.95,15,0.9423,9b8a72fa39b0c9e314977ed1b618f0ff0f58aca354036cc5247cac6564b5802d,eb9ff5114c26b03afa1f525ca62e02852b8bccc5a689cc17c07673be91008300
delete,3,current,0.95,16,0.9472,0e847d73b730e8127bc3a3abc3c82b378cd32e8f2090ce62696f312176fe03aa,c009c620f46170234e0f895a9c1b7ff8145d33a5efa551716197a59e7423d0ed
delete,3,current,0.95,17,0.9519,493bcb4fbe37b1b7e95eabc7c707a62cd6d4b7e90800ef593c77b954faf777e3,ced2affbefbc887d712c781dbb3e6bc83f483041db85ccb9fc4e4485aaa47dcb
delete,4,initial,0.95,10,0.7047,7d7ee9a351c91ec291e82467632fcf55462bebeeb8d79b36fc012558741c8c34,78fd235abcd76810e68da415e78d72c77396c898b06fa37235c0a3026a3394d8
delete,4,initial,0.95,11,0.7245,d5f37a0060ef122874936ec5536dae6cd12ac47c240d47e848c958e60d026a53,30692f9312e4c9e2ec45ffabfe0efcc7754aab09a888c568a01176ad156d37ac
delete,4,initial,0.95,12,0.7426,8aa4ffd4b20ae2de6a497c24c3a00af17aa5cb7479b3a0ff42e22cc1e417503e,d40eac690d91e012236cd4fee4a01d83c7885b823d2286d195f38060d3067305
delete,4,initial,0.95,13,0.7592,a57e0b9639799bb1b8e7187b24c6d5ed23b0a26f8af62431728a80dafa8ddacc,d4a7de0c88a091b2f605a2f892146aacb9ca07f7e640950c9a40fb832dceba9d
delete,4,initial,0.95,14,0.7757,8b178a9a705a63c61d992e1a4526796d409edd94488d3ba7f79e62145e568bd5,d19cbe1d0c6849feb4801021f2ec6e650ffa4d2a9c18469fb890fd8ce9f785bd
delete,4,initial,0.95,15,0.7917,1817ad60cde7c40594433e50c63ce35724b06e88b9137850942d0f1305c14659,eb7afae5b7e7ca0af9e02266499e4f4f9a2c3fe1e422fe495ed10d4261b30f8f
delete,4,initial,0.95,16,0.8045,e6ff1b0be185b2c33f9831fd80f4f31797714ece68ae62c83299365dd9d5ae15,40250316ee4f047b3de1acbdc40da87c882f282cc4889df522827aa9aae44eb2
delete,4,initial,0.95,17,0.8181,e036ded5ba3c845bdb64255a20052e9ab99a643a0550aa145299e299661304d4,74f08c06160c65c0e0b0671e506d97d3304676c3d7e6e49fdf15072317a40669
delete,4,initial,0.95,18,0.8288,6ded8a65a80c6991d5531cdc2e93e33f8d992f7a030e570faebcd9f68de13bfb,8df828e2a70750f1f55434098d0471d0b232a7bd9f6b32ac2e537b4df107043d
delete,4,initial,0.95,19,0.8372,d7c964cfa10906fa56a2932174c3a9396bd06fa458234cdb6d0e9208fed5167c,5909bd046a5d0d4e2918425d3da1c15e5a38bba62799c395a6ad94e72b9466e4
delete,4,initial,0.95,20,0.8465,f662d9d0c89f3dc5150c7c92d978f0f4230ce59a3af99d7ccbecbed07dc77630,a8c0317f357ca3c6bfb8f76a77b1378f9d9d7489f2147e40c81a961530d8a1b5
delete,4,initial,0.95,21,0.8547,59e4fb6b51bfcc4b4e0dcabf799a974d6cf3223237517178ccff0f3fc3197a04,e820757a44ef3f6f22dd675366477fb96238f0f81fb56de85daf17593117a9ed
delete,4,initial,0.95,22,0.8608,2d768117d915b932608b4776aa0da331b241c9e3a285219019a8a9cc00f99dd4,2f0466baa4fac41dfd03f7b230ec4f281cb19955ae2d10960af81663d5ba8c9c
delete,4,initial,0.95,23,0.8681,853772aca907f2303dd1bfe6c34777e8bb9ca4b6722fdfff30824f5e5ad8db06,2d1b082ff348a065c1c064bd65db60e6bdae533173e4e81a180f6d818d61aade
delete,4,initial,0.95,24,0.8741,26ca27fdb13e4726265f8bbcb1bd05079aaf53c359e34f6937aad2d657f82c43,58d8187ffd9b995feced24d98b30b24870ee63eadd2caaa93927a51f37298605
delete,4,initial,0.95,25,0.8814,e1e7eb464ea70a07fb1335a836fea7002ae20c96e8758d3928e2c169329a6b59,d4201c62af8b1946a632218111768a8b4338e064cc7bc5af0b7fb018c520dc58
delete,4,initial,0.95,26,0.886,fcdd566462e20451e510271511e5dfef0b5308108a153f7624be390e2f401646,9acdc5ca5bc8ef2b106694941b4ac35ec090c626475b6d1289bbaa4480c3152a
delete,4,initial,0.95,27,0.8929,38dfb80a7b657ce6608fb8393ac6f9d49cad150a31fcdbd96f76f408d6691bd7,6d5e915f333ec3d864d03db9608ea91449a6945eb9047fc2eff4b245ad03f461
delete,4,initial,0.95,28,0.8973,af2ae88ef34a90d702f0ed3e945a549febd47c814e570e2f0c361f06416ebe52,09a8595e98eb037a175b6de93a3e1bbc5ee2844fd809d35aeb7789686fda2648
delete,4,initial,0.95,29,0.9009,9d1528c65180d8b23cf97b3e60c07027110bd4e89acfee643a026ad89c9b4f73,b1eeba5536fcce6b60c3cfd8df5c5afa5203b4ce150366a95f345e8b879ae2a2
delete,4,initial,0.95,30,0.9044,a04fadd70485baad12278732058d90002790969427a2a1ba769095003a18b4bb,985274bff61851a96b70bd8d6c20863741b74c5759ad13ff21ffd11ad4fb44ac
delete,4,initial,0.95,31,0.9074,0d70b567d73bd6a78aa18ee2deff3dde56d1cb3af576e92d6693063bf7d4872e,cb6ce6cb720965ab9bf230ef28b140ca51ea8c7efefb4816d74967a3f73b3582
delete,4,initial,0.95,32,0.9112,555436b0e0c5b5dcabf83e33734d2364fb2f49a17f4572e64798684f7cf64c49,02b98dec46b86b79ec8de30c798aa7a722a20ee614ad1a1e9b2be13e6ab7e466
delete,4,initial,0.95,33,0.9146,445a4663d962402d78bd5356b61a1f2b39fbfbce1ad0c1f29dc9c251e4da60a6,780598a9601954b2e39bdaf391ab0a60af275d7b39830ea3f654b67b8e061a18
delete,4,initial,0.95,34,0.9181,b72b467526c99a238336fca36c39bf5ee42d2e07ed4359efa07321198d01915c,38c501be5ff317cf85622353376b1daec0a9c8f5b512a47849311316af0b494b
delete,4,initial,0.95,35,0.9208,1633b57fc7c933f68bd86dca78f50263c4911e331e3a7ad7a117e627976cc53a,bc738f7278c7234cd9fc8474afaaa9ec3e1f8623568c9478be42425f648eb4b3
delete,4,initial,0.95,36,0.9244,f95835a97a4542df2708925f1dbfa430efbbc81780172d85572aee5956705aae,808a2db61b2dadfb87f7cae7d776bebf346669bf65b47d18c71f4d33b27bab7c
delete,4,initial,0.95,37,0.9266,dd235089af21a16f4d523879f5c48fdc324367d768837d4d601c9b3821040171,05567734ccd1c803a3c875f1ae3c538fb4483ea121f1caa789fa90abc3c63dec
delete,4,initial,0.95,38,0.9296,0c1c9d8272f93de645b18d9e5538ddcda60d597b9f6c5a45ec2904f1ff26a372,f03a3268f3f72053a7cbde109a83e3f3515f7c044733e5537d8158caac0869e4
delete,4,initial,0.95,39,0.9329,2ddb471c26fbb8ea412be1a6e134b562fd6c4397808617579a0c54fc16c13c44,36168facb12ded5c207a010ca6b84af785880894966888f3e77e4ea9fa747a79
delete,4,initial,0.95,40,0.9359,8fc2d51a8644f31ce02203bb0fb5f7a1f0a273b8101daca6e4b3694acc3bb6ad,7ebe9efa55f9460a66f2961026d863214b5f0870ce6f6a6c1a3c5ced6d97a05b
delete,4,initial,0.95,41,0.9376,b910171438828af2bb72c556af61f9d3e881eed16bc9a03b16ed289ecf36958f,08d4d2c73b60fc12d94f6787ad23cfa936e355e6b02ff38e9849e0b266109163
delete,4,initial,0.95,42,0.9397,36130836d978897ffe8c29c889aff62564d37e89eee1b7a4c884f7bf4d76fe32,dc21def2d65222ebe4f30b56bb4e232d5810c06174d4a24e924a7e323b0ff620
delete,4,initial,0.95,43,0.9415,61c075dd50b14aee9a98493a5af558da4016d5f4f58103acdf0907671f5ac717,bd84e7d7255fe6da7039b77b1607cc925bb9f1e4dc4d97d49d1ef53034d55abd
delete,4,initial,0.95,44,0.9438,6414ae3283c8e1a941212616d9895ec5e95be638f097b2264fdbe6477d94e4c3,3bf5cc99267cbbe2cd5938d009bbc49a21840cdbecf17806daa4384713b20d27
delete,4,initial,0.95,45,0.9456,977304672ae873bb800a680604e3e218b913ad0c86b6ad426a3aec724639a663,0a5447fc7c117f9ce50015e6d2471974e16c54776816db5ca9141683fc255fc6
delete,4,initial,0.95,46,0.9467,ce78c8eef781aa7c3b54b2714337cb5db7c3569d14030fa99a154659d2a803e8,71049d2e1d888773c1bceba930749a331a89db4c8b0d3682594952f26bcfc78c
delete,4,initial,0.95,47,0.9481,54e0806fd1b4025faf1b8f73e98e06be3707ce2bb8efcc0f97c8a98e1554d195,b41f82ba52d074e496c6e69b2f38125643578a23e7f2dca61afa1f4d6934f9bc
delete,4,initial,0.95,48,0.9497,ad000ff78445d77c6d0075aefea122b7af6fc7ef44da092923bcc77690882c87,ff0d20a6791b213c46ceff5ad35fd7a2ac4e17957f6bc01fc46c3ff0ca8ac2e9
delete,4,initial,0.95,49,0.9522,f9d2a42e2c70db462d195905934b11c293ba1399a36e197b41c5fa4825652df9,0a26d6396af918eed629efcd68c0df14f175c80aaec0177cf7f31937334f14de
delete,4,current,0.95,10,0.9103,7257be353e8e247cb8cad7ad6d29c6c9d1955e603fac4026e35cb3556bf20fca,03bfa9cb6f1be51286adcaaaa3d6ce092d2a985098f07c768259ef3e7d909218
delete,4,current,0.95,11,0.9211,57f7482d33b4c08f760853765cd1f9cce5a599f8ab4dd29e101878c6e2c14b00,7e8d207301c31f36d486e94395de08e7d0ba758a6bf5d84d823a635780a6dc1f
delete,4,current,0.95,12,0.9304,ae634e71d1a281c20f14f6d0a401bf98787c6a8b277fd3fd9144e2400aeaa90d,15247cf96eb64e0632f0c6c49e959f3ab934f792f5ee846ea39ea95f74de335c
delete,4,current,0.95,13,0.9362,3cdd7788c294dcbcd9841cf25e2ce304e9c03a291cfd148a51362ea8065f95bc,73bda98040c784ea7e2e51461b22e2bfe90e8509f9ab3b55339a41b7a630c81f
delete,4,current,0.95,14,0.9433,f96f9ea4c071351c5f206974d2b8cd0a247970509f64a210f4199782928e846b,f79b2b4af15dbf4690046a9e51a357be1bc93fdb879b04fffb1201953477cad8
delete,4,current,0.95,15,0.9479,0b569de9416f1befe5c51fabb393ac74d89ca7b86a6160117c893b084a3e0738,25ead551198b11a0c0b0dfb553528effb6a6ea5b3f78500d2fe0e73688027bf8
delete,4,current,0.95,16,0.9535,9b11140dc02485ea0ad40ecf81281f7a47f647661bf6c0ac482aaba3c70c809c,5138320fc5a9cf2141403b42b3262708b791dfd9bb3808a0a0a7535032a85e40
delete,5,initial,0.95,10,0.7047,7d7ee9a351c91ec291e82467632fcf55462bebeeb8d79b36fc012558741c8c34,78fd235abcd76810e68da415e78d72c77396c898b06fa37235c0a3026a3394d8
delete,5,initial,0.95,11,0.7245,d5f37a0060ef122874936ec5536dae6cd12ac47c240d47e848c958e60d026a53,30692f9312e4c9e2ec45ffabfe0efcc7754aab09a888c568a01176ad156d37ac
delete,5,initial,0.95,12,0.7426,8aa4ffd4b20ae2de6a497c24c3a00af17aa5cb7479b3a0ff42e22cc1e417503e,d40eac690d91e012236cd4fee4a01d83c7885b823d2286d195f38060d3067305
delete,5,initial,0.95,13,0.7592,a57e0b9639799bb1b8e7187b24c6d5ed23b0a26f8af62431728a80dafa8ddacc,d4a7de0c88a091b2f605a2f892146aacb9ca07f7e640950c9a40fb832dceba9d
delete,5,initial,0.95,14,0.7757,8b178a9a705a63c61d992e1a4526796d409edd94488d3ba7f79e62145e568bd5,d19cbe1d0c6849feb4801021f2ec6e650ffa4d2a9c18469fb890fd8ce9f785bd
delete,5,initial,0.95,15,0.7917,1817ad60cde7c40594433e50c63ce35724b06e88b9137850942d0f1305c14659,eb7afae5b7e7ca0af9e02266499e4f4f9a2c3fe1e422fe495ed10d4261b30f8f
delete,5,initial,0.95,16,0.8045,e6ff1b0be185b2c33f9831fd80f4f31797714ece68ae62c83299365dd9d5ae15,40250316ee4f047b3de1acbdc40da87c882f282cc4889df522827aa9aae44eb2
delete,5,initial,0.95,17,0.8181,e036ded5ba3c845bdb64255a20052e9ab99a643a0550aa145299e299661304d4,74f08c06160c65c0e0b0671e506d97d3304676c3d7e6e49fdf15072317a40669
delete,5,initial,0.95,18,0.8288,6ded8a65a80c6991d5531cdc2e93e33f8d992f7a030e570faebcd9f68de13bfb,8df828e2a70750f1f55434098d0471d0b232a7bd9f6b32ac2e537b4df107043d
delete,5,initial,0.95,19,0.8372,d7c964cfa10906fa56a2932174c3a9396bd06fa458234cdb6d0e9208fed5167c,5909bd046a5d0d4e2918425d3da1c15e5a38bba62799c395a6ad94e72b9466e4
delete,5,initial,0.95,20,0.8465,f662d9d0c89f3dc5150c7c92d978f0f4230ce59a3af99d7ccbecbed07dc77630,a8c0317f357ca3c6bfb8f76a77b1378f9d9d7489f2147e40c81a961530d8a1b5
delete,5,initial,0.95,21,0.8547,59e4fb6b51bfcc4b4e0dcabf799a974d6cf3223237517178ccff0f3fc3197a04,e820757a44ef3f6f22dd675366477fb96238f0f81fb56de85daf17593117a9ed
delete,5,initial,0.95,22,0.8608,2d768117d915b932608b4776aa0da331b241c9e3a285219019a8a9cc00f99dd4,2f0466baa4fac41dfd03f7b230ec4f281cb19955ae2d10960af81663d5ba8c9c
delete,5,initial,0.95,23,0.8681,853772aca907f2303dd1bfe6c34777e8bb9ca4b6722fdfff30824f5e5ad8db06,2d1b082ff348a065c1c064bd65db60e6bdae533173e4e81a180f6d818d61aade
delete,5,initial,0.95,24,0.8741,26ca27fdb13e4726265f8bbcb1bd05079aaf53c359e34f6937aad2d657f82c43,58d8187ffd9b995feced24d98b30b24870ee63eadd2caaa93927a51f37298605
delete,5,initial,0.95,25,0.8814,e1e7eb464ea70a07fb1335a836fea7002ae20c96e8758d3928e2c169329a6b59,d4201c62af8b1946a632218111768a8b4338e064cc7bc5af0b7fb018c520dc58
delete,5,initial,0.95,26,0.886,fcdd566462e20451e510271511e5dfef0b5308108a153f7624be390e2f401646,9acdc5ca5bc8ef2b106694941b4ac35ec090c626475b6d1289bbaa4480c3152a
delete,5,initial,0.95,27,0.8929,38dfb80a7b657ce6608fb8393ac6f9d49cad150a31fcdbd96f76f408d6691bd7,6d5e915f333ec3d864d03db9608ea91449a6945eb9047fc2eff4b245ad03f461
delete,5,initial,0.95,28,0.8973,af2ae88ef34a90d702f0ed3e945a549febd47c814e570e2f0c361f06416ebe52,09a8595e98eb037a175b6de93a3e1bbc5ee2844fd809d35aeb7789686fda2648
delete,5,initial,0.95,29,0.9009,9d1528c65180d8b23cf97b3e60c07027110bd4e89acfee643a026ad89c9b4f73,b1eeba5536fcce6b60c3cfd8df5c5afa5203b4ce150366a95f345e8b879ae2a2
delete,5,initial,0.95,30,0.9044,a04fadd70485baad12278732058d90002790969427a2a1ba769095003a18b4bb,985274bff61851a96b70bd8d6c20863741b74c5759ad13ff21ffd11ad4fb44ac
delete,5,initial,0.95,31,0.9074,0d70b567d73bd6a78aa18ee2deff3dde56d1cb3af576e92d6693063bf7d4872e,cb6ce6cb720965ab9bf230ef28b140ca51ea8c7efefb4816d74967a3f73b3582
delete,5,initial,0.95,32,0.9112,555436b0e0c5b5dcabf83e33734d2364fb2f49a17f4572e64798684f7cf64c49,02b98dec46b86b79ec8de30c798aa7a722a20ee614ad1a1e9b2be13e6ab7e466
delete,5,initial,0.95,33,0.9146,445a4663d962402d78bd5356b61a1f2b39fbfbce1ad0c1f29dc9c251e4da60a6,780598a9601954b2e39bdaf391ab0a60af275d7b39830ea3f654b67b8e061a18
delete,5,initial,0.95,34,0.9181,b72b467526c99a238336fca36c39bf5ee42d2e07ed4359efa07321198d01915c,38c501be5ff317cf85622353376b1daec0a9c8f5b512a47849311316af0b494b
delete,5,initial,0.95,35,0.9208,1633b57fc7c933f68bd86dca78f50263c4911e331e3a7ad7a117e627976cc53a,bc738f7278c7234cd9fc8474afaaa9ec3e1f8623568c9478be42425f648eb4b3
delete,5,initial,0.95,36,0.9244,f95835a97a4542df2708925f1dbfa430efbbc81780172d85572aee5956705aae,808a2db61b2dadfb87f7cae7d776bebf346669bf65b47d18c71f4d33b27bab7c
delete,5,initial,0.95,37,0.9266,dd235089af21a16f4d523879f5c48fdc324367d768837d4d601c9b3821040171,05567734ccd1c803a3c875f1ae3c538fb4483ea121f1caa789fa90abc3c63dec
delete,5,initial,0.95,38,0.9296,0c1c9d8272f93de645b18d9e5538ddcda60d597b9f6c5a45ec2904f1ff26a372,f03a3268f3f72053a7cbde109a83e3f3515f7c044733e5537d8158caac0869e4
delete,5,initial,0.95,39,0.9329,2ddb471c26fbb8ea412be1a6e134b562fd6c4397808617579a0c54fc16c13c44,36168facb12ded5c207a010ca6b84af785880894966888f3e77e4ea9fa747a79
delete,5,initial,0.95,40,0.9359,8fc2d51a8644f31ce02203bb0fb5f7a1f0a273b8101daca6e4b3694acc3bb6ad,7ebe9efa55f9460a66f2961026d863214b5f0870ce6f6a6c1a3c5ced6d97a05b
delete,5,initial,0.95,41,0.9376,b910171438828af2bb72c556af61f9d3e881eed16bc9a03b16ed289ecf36958f,08d4d2c73b60fc12d94f6787ad23cfa936e355e6b02ff38e9849e0b266109163
delete,5,initial,0.95,42,0.9397,36130836d978897ffe8c29c889aff62564d37e89eee1b7a4c884f7bf4d76fe32,dc21def2d65222ebe4f30b56bb4e232d5810c06174d4a24e924a7e323b0ff620
delete,5,initial,0.95,43,0.9415,61c075dd50b14aee9a98493a5af558da4016d5f4f58103acdf0907671f5ac717,bd84e7d7255fe6da7039b77b1607cc925bb9f1e4dc4d97d49d1ef53034d55abd
delete,5,initial,0.95,44,0.9438,6414ae3283c8e1a941212616d9895ec5e95be638f097b2264fdbe6477d94e4c3,3bf5cc99267cbbe2cd5938d009bbc49a21840cdbecf17806daa4384713b20d27
delete,5,initial,0.95,45,0.9456,977304672ae873bb800a680604e3e218b913ad0c86b6ad426a3aec724639a663,0a5447fc7c117f9ce50015e6d2471974e16c54776816db5ca9141683fc255fc6
delete,5,initial,0.95,46,0.9467,ce78c8eef781aa7c3b54b2714337cb5db7c3569d14030fa99a154659d2a803e8,71049d2e1d888773c1bceba930749a331a89db4c8b0d3682594952f26bcfc78c
delete,5,initial,0.95,47,0.9481,54e0806fd1b4025faf1b8f73e98e06be3707ce2bb8efcc0f97c8a98e1554d195,b41f82ba52d074e496c6e69b2f38125643578a23e7f2dca61afa1f4d6934f9bc
delete,5,initial,0.95,48,0.9497,ad000ff78445d77c6d0075aefea122b7af6fc7ef44da092923bcc77690882c87,ff0d20a6791b213c46ceff5ad35fd7a2ac4e17957f6bc01fc46c3ff0ca8ac2e9
delete,5,initial,0.95,49,0.9522,f9d2a42e2c70db462d195905934b11c293ba1399a36e197b41c5fa4825652df9,0a26d6396af918eed629efcd68c0df14f175c80aaec0177cf7f31937334f14de
delete,5,current,0.95,10,0.9218,03a2f1dc64e2d9d504cfdfa36b4e0e19388e16a78013f8bffc1401b6716202b9,a4d36b1f815f85a34822fbaf1a4c268d9efc3c4a90950e501b31fe3c6e987c99
delete,5,current,0.95,11,0.9298,a116b41411437db2db0c4368b10c8f950ac6f7c32757b5535ac9509ce21225a4,8cfb0d480dd59f08d1e7388e284d3fdc91b061c37230caa59f79bd702c51d6ce
delete,5,current,0.95,12,0.9374,8c02641b4e4fb63b11c70b00eca07e69085f1026d84c4691a862e49d8c98758b,1d9398cfd3e315a1a652b042f0123dec21dec040592b69430e2d681b1f6c82c7
delete,5,current,0.95,13,0.9448,17ab339f9002c1cf9affc17ae6b2f83709464b27c0311cf60637c3395eae6fdc,b8db837df05b995bc7c1ffd1dee811e20295147894b3a1e2c37a882dca9ba7a5
delete,5,current,0.95,14,0.9511,3e4ee227d120f539b4671e1991294b5d2ac925c71f914962628f9bf0d5b85379,ec1d98e78481df8164e9eb0e77f226d3091842c4df77b08e2663700470b372a2
point_update,0,initial,0.95,10,0.7276,180099c4bddffb0acd0ea25d8b6321836beed4fe5b298226eb55170d04b16622,98e5c479acbf9cc9f427d739c9cd8cc95125f2eb72a709c57f5f200febda0b96
point_update,0,initial,0.95,11,0.752,02bca2f159b68ffa855eff3ca704bd33f87f6920c008c5dd8812a85270c79209,83eae5cc0c35a86e486520c5745707c779a9c223c891ac054b4fc1e2d89befc2
point_update,0,initial,0.95,12,0.7729,972c4429c52261dea82c2c559d0ae4d9530f794983cb093b30a4820234bbaf91,60ad42678797f49c90cd86035a7ea65f2d66a23ee3291896de206a83df3d8659
point_update,0,initial,0.95,13,0.7888,d4831a22ea1a0de5896ffc5bfd243534dadc73cdb0393c400989394abba5d96f,1879f11fb0fe9ae87417119626611263f39c53121c3c1e837aaa6a9fbcf64cfc
point_update,0,initial,0.95,14,0.8041,d056d379b440183cbab98861d550068e050a7f3678f6de1bbca2f3ad53d5d3f7,50582cfe3fbd580d36ee80b3768da795a8e29940984133cd2f91ff082dae7bc3
point_update,0,initial,0.95,15,0.8164,5d4f65b1e2d3c5baae6a8d88afd6be1ddcb7bc8b4e02578007d13471638dca35,32ff38bbaa2058aa62490aa20bacfbeab5a52b9e58b45339593217013bd41979
point_update,0,initial,0.95,16,0.8289,b9868fe2065850ebb35787321c158ad842ddaf85f4db379f5b7aeea3438e9989,a13f80e36e644a9856375680dc8d8125d9d137389be8155890890332935860e8
point_update,0,initial,0.95,17,0.8398,5f2a7da6270074c3ac3c4955eb2f8bebb1c90e29b35debc4510b0cda02c17a5f,d06288776a0e79feebe1a8da07c06e319f10c75dfb89dfcd42392fe28147d571
point_update,0,initial,0.95,18,0.8505,dad79d21602af331f5d69a72b4065e2ddffcee879a8db053fbe3bf2c04b1b213,2ec2150f137615312e21d835d882f7924be7fe9affcf6ceef6b3a23bc4291787
point_update,0,initial,0.95,19,0.8589,0ac88349cbef3a78a0cac925437455966a9a502a7a959d3e23ce938a3a13aa96,0374bc421bece47cc1a1c979e2c4dd82f625e345fd2003d5c293910645383820
point_update,0,initial,0.95,20,0.8663,9e477349764d87cfa020ccd6bbac170cc15a43e9724bba9a9212d42c5e5e7e43,950817c176c1ee0eeea4c4a64c1adb16c0c1c5047c770c012eb4971da8a2fdcf
point_update,0,initial,0.95,21,0.874,25e136480fd6d5fcd9c98fdc5fa86aad78e0f6b8195594aade62d856dd7ee6da,2221467f48da2b7ffcb8d98923d8b18a153eb0f29f9f78843979958aee0d49e7
point_update,0,initial,0.95,22,0.8821,09b4d62db000a6077add2c2614bbf53879ade1533a429d1ccfff058cae4f2277,b9fce8f727679829dce1c0f6b325faebb8816fd6ffb1516568ca059e76c02d74
point_update,0,initial,0.95,23,0.8888,9db381c2274037e9bd3f2e2d1b7b359d07fc368c588954a50a115474cde368ed,32b7e7f9d66343936372395279103256f32d16472e238a3ae37d1da07db32816
point_update,0,initial,0.95,24,0.8943,4f4d3636e74b156f6d1b6ec8195d14fb0beee7a6a1c2c92512290a2c6faab43b,b1b1281772671ca22405a72bff0ed4ae210ff4802e9fdc704a32134778437a90
point_update,0,initial,0.95,25,0.8976,2df1316b3cf3bb278ce9943951afaa8fbc3eb2b91affc8f0e7ddbbd1b6eb5eee,28a541518e99ce72c516467baacceedc955ffe8e110e69aadfb43e4dcd50bc4f
point_update,0,initial,0.95,26,0.9029,5470ea2fee8d25e4e418fb074737d1e4fd9e3afcfe154ce430c484432a74ee34,a43331f8b7d966bc1b218d0ae1585b903dbed27c62ce07e8c5fa8d5abb767c54
point_update,0,initial,0.95,27,0.9084,a34b48a01dab29b93845e73fc871eb9e898977b5b9df0d4e39b316ad8e7a3fce,daf1cfdb2383522ce82ce6a1d00c333282a7c0faded87bd67efb2d22ecadf521
point_update,0,initial,0.95,28,0.9109,896f67dde478c5a03a21971fc8337158bed79ece7f835755fe5b8e4e038718de,5876a806cb661d620c5ffb64eea9a1343e3020eb34ab77e3de64cc5315b45254
point_update,0,initial,0.95,29,0.9158,a84bb6959ca7dd6472dfc27d0980aef3b954e7c1a6e1079a7934f9d6553098a4,cc6f6b4f85e7c123ed7d15963ff96619991a6129c368b8185f1a68f0f51a9874
point_update,0,initial,0.95,30,0.9207,41d00ea56612bded88719adcc1d4435483548ef467d080ef21bceec6a2a95c60,29a9aca7891dc0f0ac3d4198543c89b9a821b2cad6c7620baf954ec58c8cfa99
point_update,0,initial,0.95,31,0.9241,2833e60b1d0c782a8f5bd3d4136c8fe70d9664c842f633262b76cfa6b1f648a6,fac81a8c104dc135bc2636e9c5e6cf7e07497f8169f51979d5ba64fdd6ae5f3d
point_update,0,initial,0.95,32,0.9275,a98558b79f1f67dbadaa0c5323662306ad9ee6e0358b04a90117d93aaa9b8be0,2324b05fec3fa5053ac7f9a787c40d89724e16e201a28d3878796a050f8863a5
point_update,0,initial,0.95,33,0.9317,65fc926ea63ad5cde8c440606b1023bfff3ce012dfbbdaa818a0d1f7ee2838b3,8e72ee027a6366523aa3c31a6c88107a69df4c71faf972b9422c999ac119e2b6
point_update,0,initial,0.95,34,0.9343,6ed521d4315859918de1bb1c9b19adc89c97bef6b8d1db182bbe98776dae4d3e,25eb17f0afb50495f7dc13e76d70573bb8d1ca56619f67b0114a89575263e40d
point_update,0,initial,0.95,35,0.9368,2c9cf102ac5bdbdce882503649dfbcab6544d19d26c669d7cbc106cf1f782856,676d907801ff7ea491119254df782a9cc4d013a6e7fb4cf6fe048644ce37fdb9
point_update,0,initial,0.95,36,0.939,6603666470cd9dc7f1b8a7c254dc67be18a3fd04a7a9a897d5727e5c9dc4337f,cfa51207c4c613763bf9f365443e951b20180614bc9e021a83be1f23cb209b10
point_update,0,initial,0.95,37,0.9415,487b7cbedaeb2198a2d10462adac698a8daeff8ccaa732dbca2d98cbab87bcd2,44e8729b1f4a3e7ca7bd9bd2f15b141bfab9c0326543bef6de2daafac2112460
point_update,0,initial,0.95,38,0.9432,8e812e84eb798d6838d5c0448e1c1751f1d156d9e792c899d2960383776690d4,7528df6d0c95cd733bc3e143b404ec6c3b4d3b3b52d2775ef1bbc6f5c4864d59
point_update,0,initial,0.95,39,0.9457,2592ffc3fe7a2bf821df869d98391c84fb4c55b0c2cf31ff3b7d5929dc9cffb9,34d66d8a19b57dd67a6ba7601582a7966efe4b8be7a114c3b0834c1dc2a4fb26
point_update,0,initial,0.95,40,0.9484,5043a26480e9b00c40d4e73325f9f64a4f95092c34e26b6c9c20d71c8dedeb80,d2c993e54a6cb4b3ece915c138e59dd19446b73435c4474ec01dbb796e2e21fe
point_update,0,initial,0.95,41,0.9509,75ff3d6e9bafad3a9008a5a29266e81b8deb8763d3689ee102b7771796a1d451,756ab1f3a169f1e601e55cb6c078fd74710baa3c1a9c3083b45091264293d534
point_update,0,current,0.95,10,0.7276,180099c4bddffb0acd0ea25d8b6321836beed4fe5b298226eb55170d04b16622,98e5c479acbf9cc9f427d739c9cd8cc95125f2eb72a709c57f5f200febda0b96
point_update,0,current,0.95,11,0.752,02bca2f159b68ffa855eff3ca704bd33f87f6920c008c5dd8812a85270c79209,83eae5cc0c35a86e486520c5745707c779a9c223c891ac054b4fc1e2d89befc2
point_update,0,current,0.95,12,0.7729,972c4429c52261dea82c2c559d0ae4d9530f794983cb093b30a4820234bbaf91,60ad42678797f49c90cd86035a7ea65f2d66a23ee3291896de206a83df3d8659
point_update,0,current,0.95,13,0.7888,d4831a22ea1a0de5896ffc5bfd243534dadc73cdb0393c400989394abba5d96f,1879f11fb0fe9ae87417119626611263f39c53121c3c1e837aaa6a9fbcf64cfc
point_update,0,current,0.95,14,0.8041,d056d379b440183cbab98861d550068e050a7f3678f6de1bbca2f3ad53d5d3f7,50582cfe3fbd580d36ee80b3768da795a8e29940984133cd2f91ff082dae7bc3
point_update,0,current,0.95,15,0.8164,5d4f65b1e2d3c5baae6a8d88afd6be1ddcb7bc8b4e02578007d13471638dca35,32ff38bbaa2058aa62490aa20bacfbeab5a52b9e58b45339593217013bd41979
point_update,0,current,0.95,16,0.8289,b9868fe2065850ebb35787321c158ad842ddaf85f4db379f5b7aeea3438e9989,a13f80e36e644a9856375680dc8d8125d9d137389be8155890890332935860e8
point_update,0,current,0.95,17,0.8398,5f2a7da6270074c3ac3c4955eb2f8bebb1c90e29b35debc4510b0cda02c17a5f,d06288776a0e79feebe1a8da07c06e319f10c75dfb89dfcd42392fe28147d571
point_update,0,current,0.95,18,0.8505,dad79d21602af331f5d69a72b4065e2ddffcee879a8db053fbe3bf2c04b1b213,2ec2150f137615312e21d835d882f7924be7fe9affcf6ceef6b3a23bc4291787
point_update,0,current,0.95,19,0.8589,0ac88349cbef3a78a0cac925437455966a9a502a7a959d3e23ce938a3a13aa96,0374bc421bece47cc1a1c979e2c4dd82f625e345fd2003d5c293910645383820
point_update,0,current,0.95,20,0.8663,9e477349764d87cfa020ccd6bbac170cc15a43e9724bba9a9212d42c5e5e7e43,950817c176c1ee0eeea4c4a64c1adb16c0c1c5047c770c012eb4971da8a2fdcf
point_update,0,current,0.95,21,0.874,25e136480fd6d5fcd9c98fdc5fa86aad78e0f6b8195594aade62d856dd7ee6da,2221467f48da2b7ffcb8d98923d8b18a153eb0f29f9f78843979958aee0d49e7
point_update,0,current,0.95,22,0.8821,09b4d62db000a6077add2c2614bbf53879ade1533a429d1ccfff058cae4f2277,b9fce8f727679829dce1c0f6b325faebb8816fd6ffb1516568ca059e76c02d74
point_update,0,current,0.95,23,0.8888,9db381c2274037e9bd3f2e2d1b7b359d07fc368c588954a50a115474cde368ed,32b7e7f9d66343936372395279103256f32d16472e238a3ae37d1da07db32816
point_update,0,current,0.95,24,0.8943,4f4d3636e74b156f6d1b6ec8195d14fb0beee7a6a1c2c92512290a2c6faab43b,b1b1281772671ca22405a72bff0ed4ae210ff4802e9fdc704a32134778437a90
point_update,0,current,0.95,25,0.8976,2df1316b3cf3bb278ce9943951afaa8fbc3eb2b91affc8f0e7ddbbd1b6eb5eee,28a541518e99ce72c516467baacceedc955ffe8e110e69aadfb43e4dcd50bc4f
point_update,0,current,0.95,26,0.9029,5470ea2fee8d25e4e418fb074737d1e4fd9e3afcfe154ce430c484432a74ee34,a43331f8b7d966bc1b218d0ae1585b903dbed27c62ce07e8c5fa8d5abb767c54
point_update,0,current,0.95,27,0.9084,a34b48a01dab29b93845e73fc871eb9e898977b5b9df0d4e39b316ad8e7a3fce,daf1cfdb2383522ce82ce6a1d00c333282a7c0faded87bd67efb2d22ecadf521
point_update,0,current,0.95,28,0.9109,896f67dde478c5a03a21971fc8337158bed79ece7f835755fe5b8e4e038718de,5876a806cb661d620c5ffb64eea9a1343e3020eb34ab77e3de64cc5315b45254
point_update,0,current,0.95,29,0.9158,a84bb6959ca7dd6472dfc27d0980aef3b954e7c1a6e1079a7934f9d6553098a4,cc6f6b4f85e7c123ed7d15963ff96619991a6129c368b8185f1a68f0f51a9874
point_update,0,current,0.95,30,0.9207,41d00ea56612bded88719adcc1d4435483548ef467d080ef21bceec6a2a95c60,29a9aca7891dc0f0ac3d4198543c89b9a821b2cad6c7620baf954ec58c8cfa99
point_update,0,current,0.95,31,0.9241,2833e60b1d0c782a8f5bd3d4136c8fe70d9664c842f633262b76cfa6b1f648a6,fac81a8c104dc135bc2636e9c5e6cf7e07497f8169f51979d5ba64fdd6ae5f3d
point_update,0,current,0.95,32,0.9275,a98558b79f1f67dbadaa0c5323662306ad9ee6e0358b04a90117d93aaa9b8be0,2324b05fec3fa5053ac7f9a787c40d89724e16e201a28d3878796a050f8863a5
point_update,0,current,0.95,33,0.9317,65fc926ea63ad5cde8c440606b1023bfff3ce012dfbbdaa818a0d1f7ee2838b3,8e72ee027a6366523aa3c31a6c88107a69df4c71faf972b9422c999ac119e2b6
point_update,0,current,0.95,34,0.9343,6ed521d4315859918de1bb1c9b19adc89c97bef6b8d1db182bbe98776dae4d3e,25eb17f0afb50495f7dc13e76d70573bb8d1ca56619f67b0114a89575263e40d
point_update,0,current,0.95,35,0.9368,2c9cf102ac5bdbdce882503649dfbcab6544d19d26c669d7cbc106cf1f782856,676d907801ff7ea491119254df782a9cc4d013a6e7fb4cf6fe048644ce37fdb9
point_update,0,current,0.95,36,0.939,6603666470cd9dc7f1b8a7c254dc67be18a3fd04a7a9a897d5727e5c9dc4337f,cfa51207c4c613763bf9f365443e951b20180614bc9e021a83be1f23cb209b10
point_update,0,current,0.95,37,0.9415,487b7cbedaeb2198a2d10462adac698a8daeff8ccaa732dbca2d98cbab87bcd2,44e8729b1f4a3e7ca7bd9bd2f15b141bfab9c0326543bef6de2daafac2112460
point_update,0,current,0.95,38,0.9432,8e812e84eb798d6838d5c0448e1c1751f1d156d9e792c899d2960383776690d4,7528df6d0c95cd733bc3e143b404ec6c3b4d3b3b52d2775ef1bbc6f5c4864d59
point_update,0,current,0.95,39,0.9457,2592ffc3fe7a2bf821df869d98391c84fb4c55b0c2cf31ff3b7d5929dc9cffb9,34d66d8a19b57dd67a6ba7601582a7966efe4b8be7a114c3b0834c1dc2a4fb26
point_update,0,current,0.95,40,0.9484,5043a26480e9b00c40d4e73325f9f64a4f95092c34e26b6c9c20d71c8dedeb80,d2c993e54a6cb4b3ece915c138e59dd19446b73435c4474ec01dbb796e2e21fe
point_update,0,current,0.95,41,0.9509,75ff3d6e9bafad3a9008a5a29266e81b8deb8763d3689ee102b7771796a1d451,756ab1f3a169f1e601e55cb6c078fd74710baa3c1a9c3083b45091264293d534
point_update,1,initial,0.95,10,0.7276,180099c4bddffb0acd0ea25d8b6321836beed4fe5b298226eb55170d04b16622,98e5c479acbf9cc9f427d739c9cd8cc95125f2eb72a709c57f5f200febda0b96
point_update,1,initial,0.95,11,0.752,02bca2f159b68ffa855eff3ca704bd33f87f6920c008c5dd8812a85270c79209,83eae5cc0c35a86e486520c5745707c779a9c223c891ac054b4fc1e2d89befc2
point_update,1,initial,0.95,12,0.7729,972c4429c52261dea82c2c559d0ae4d9530f794983cb093b30a4820234bbaf91,60ad42678797f49c90cd86035a7ea65f2d66a23ee3291896de206a83df3d8659
point_update,1,initial,0.95,13,0.7888,d4831a22ea1a0de5896ffc5bfd243534dadc73cdb0393c400989394abba5d96f,1879f11fb0fe9ae87417119626611263f39c53121c3c1e837aaa6a9fbcf64cfc
point_update,1,initial,0.95,14,0.8041,d056d379b440183cbab98861d550068e050a7f3678f6de1bbca2f3ad53d5d3f7,50582cfe3fbd580d36ee80b3768da795a8e29940984133cd2f91ff082dae7bc3
point_update,1,initial,0.95,15,0.8164,5d4f65b1e2d3c5baae6a8d88afd6be1ddcb7bc8b4e02578007d13471638dca35,32ff38bbaa2058aa62490aa20bacfbeab5a52b9e58b45339593217013bd41979
point_update,1,initial,0.95,16,0.8289,b9868fe2065850ebb35787321c158ad842ddaf85f4db379f5b7aeea3438e9989,a13f80e36e644a9856375680dc8d8125d9d137389be8155890890332935860e8
point_update,1,initial,0.95,17,0.8398,5f2a7da6270074c3ac3c4955eb2f8bebb1c90e29b35debc4510b0cda02c17a5f,d06288776a0e79feebe1a8da07c06e319f10c75dfb89dfcd42392fe28147d571
point_update,1,initial,0.95,18,0.8505,dad79d21602af331f5d69a72b4065e2ddffcee879a8db053fbe3bf2c04b1b213,2ec2150f137615312e21d835d882f7924be7fe9affcf6ceef6b3a23bc4291787
point_update,1,initial,0.95,19,0.8589,0ac88349cbef3a78a0cac925437455966a9a502a7a959d3e23ce938a3a13aa96,0374bc421bece47cc1a1c979e2c4dd82f625e345fd2003d5c293910645383820
point_update,1,initial,0.95,20,0.8663,9e477349764d87cfa020ccd6bbac170cc15a43e9724bba9a9212d42c5e5e7e43,950817c176c1ee0eeea4c4a64c1adb16c0c1c5047c770c012eb4971da8a2fdcf
point_update,1,initial,0.95,21,0.874,25e136480fd6d5fcd9c98fdc5fa86aad78e0f6b8195594aade62d856dd7ee6da,2221467f48da2b7ffcb8d98923d8b18a153eb0f29f9f78843979958aee0d49e7
point_update,1,initial,0.95,22,0.8821,09b4d62db000a6077add2c2614bbf53879ade1533a429d1ccfff058cae4f2277,b9fce8f727679829dce1c0f6b325faebb8816fd6ffb1516568ca059e76c02d74
point_update,1,initial,0.95,23,0.8888,9db381c2274037e9bd3f2e2d1b7b359d07fc368c588954a50a115474cde368ed,32b7e7f9d66343936372395279103256f32d16472e238a3ae37d1da07db32816
point_update,1,initial,0.95,24,0.8943,4f4d3636e74b156f6d1b6ec8195d14fb0beee7a6a1c2c92512290a2c6faab43b,b1b1281772671ca22405a72bff0ed4ae210ff4802e9fdc704a32134778437a90
point_update,1,initial,0.95,25,0.8976,2df1316b3cf3bb278ce9943951afaa8fbc3eb2b91affc8f0e7ddbbd1b6eb5eee,28a541518e99ce72c516467baacceedc955ffe8e110e69aadfb43e4dcd50bc4f
point_update,1,initial,0.95,26,0.9029,5470ea2fee8d25e4e418fb074737d1e4fd9e3afcfe154ce430c484432a74ee34,a43331f8b7d966bc1b218d0ae1585b903dbed27c62ce07e8c5fa8d5abb767c54
point_update,1,initial,0.95,27,0.9084,a34b48a01dab29b93845e73fc871eb9e898977b5b9df0d4e39b316ad8e7a3fce,daf1cfdb2383522ce82ce6a1d00c333282a7c0faded87bd67efb2d22ecadf521
point_update,1,initial,0.95,28,0.9109,896f67dde478c5a03a21971fc8337158bed79ece7f835755fe5b8e4e038718de,5876a806cb661d620c5ffb64eea9a1343e3020eb34ab77e3de64cc5315b45254
point_update,1,initial,0.95,29,0.9158,a84bb6959ca7dd6472dfc27d0980aef3b954e7c1a6e1079a7934f9d6553098a4,cc6f6b4f85e7c123ed7d15963ff96619991a6129c368b8185f1a68f0f51a9874
point_update,1,initial,0.95,30,0.9207,41d00ea56612bded88719adcc1d4435483548ef467d080ef21bceec6a2a95c60,29a9aca7891dc0f0ac3d4198543c89b9a821b2cad6c7620baf954ec58c8cfa99
point_update,1,initial,0.95,31,0.9241,2833e60b1d0c782a8f5bd3d4136c8fe70d9664c842f633262b76cfa6b1f648a6,fac81a8c104dc135bc2636e9c5e6cf7e07497f8169f51979d5ba64fdd6ae5f3d
point_update,1,initial,0.95,32,0.9275,a98558b79f1f67dbadaa0c5323662306ad9ee6e0358b04a90117d93aaa9b8be0,2324b05fec3fa5053ac7f9a787c40d89724e16e201a28d3878796a050f8863a5
point_update,1,initial,0.95,33,0.9317,65fc926ea63ad5cde8c440606b1023bfff3ce012dfbbdaa818a0d1f7ee2838b3,8e72ee027a6366523aa3c31a6c88107a69df4c71faf972b9422c999ac119e2b6
point_update,1,initial,0.95,34,0.9343,6ed521d4315859918de1bb1c9b19adc89c97bef6b8d1db182bbe98776dae4d3e,25eb17f0afb50495f7dc13e76d70573bb8d1ca56619f67b0114a89575263e40d
point_update,1,initial,0.95,35,0.9368,2c9cf102ac5bdbdce882503649dfbcab6544d19d26c669d7cbc106cf1f782856,676d907801ff7ea491119254df782a9cc4d013a6e7fb4cf6fe048644ce37fdb9
point_update,1,initial,0.95,36,0.939,6603666470cd9dc7f1b8a7c254dc67be18a3fd04a7a9a897d5727e5c9dc4337f,cfa51207c4c613763bf9f365443e951b20180614bc9e021a83be1f23cb209b10
point_update,1,initial,0.95,37,0.9415,487b7cbedaeb2198a2d10462adac698a8daeff8ccaa732dbca2d98cbab87bcd2,44e8729b1f4a3e7ca7bd9bd2f15b141bfab9c0326543bef6de2daafac2112460
point_update,1,initial,0.95,38,0.9432,8e812e84eb798d6838d5c0448e1c1751f1d156d9e792c899d2960383776690d4,7528df6d0c95cd733bc3e143b404ec6c3b4d3b3b52d2775ef1bbc6f5c4864d59
point_update,1,initial,0.95,39,0.9457,2592ffc3fe7a2bf821df869d98391c84fb4c55b0c2cf31ff3b7d5929dc9cffb9,34d66d8a19b57dd67a6ba7601582a7966efe4b8be7a114c3b0834c1dc2a4fb26
point_update,1,initial,0.95,40,0.9484,5043a26480e9b00c40d4e73325f9f64a4f95092c34e26b6c9c20d71c8dedeb80,d2c993e54a6cb4b3ece915c138e59dd19446b73435c4474ec01dbb796e2e21fe
point_update,1,initial,0.95,41,0.9509,75ff3d6e9bafad3a9008a5a29266e81b8deb8763d3689ee102b7771796a1d451,756ab1f3a169f1e601e55cb6c078fd74710baa3c1a9c3083b45091264293d534
point_update,1,current,0.95,10,0.8395,2a1df12dd1bfba0ab307337a332a20dbea59cfec2d7a87b8db88ea1c0ffaa14b,892affee7bad6bd4844a7a756fabf17eb163dc443227199f25bd8c8c5e5ccdf7
point_update,1,current,0.95,11,0.8566,8e89e7b48662c9e50539fbe837ee53dcd65afa18fe3c0fb5cdf30a20f2d7182d,32bebe5312753355cf505ae55eed6cc7b7f8481a5df96cc9367db1237dabc5e2
point_update,1,current,0.95,12,0.8684,0413a4b149e5bcacbc38fee985193339df815aedbdfc1a2e8b90a3f81a93322b,5b9f9ccd5c703f51c446618f87a2fc60ed01a04df4596fac72c50298d44844ef
point_update,1,current,0.95,13,0.8814,16d3868caf33706d5b99896d3b67d14ef4f75b0ea116a928c2fa37ada5a983c9,53241c1c453533ea0d7746ee6841dcc6a3b6a2d368ba1e90f916e84880fcfd3e
point_update,1,current,0.95,14,0.8898,ca3d01083ac4461e2830dd0549f897e71a20295da684d1586b54b055e5e6562f,a64d113ff2708bc4a0c19d64f13e26028aa622aac2c61661e0cf458747b40f51
point_update,1,current,0.95,15,0.8985,19697e1efac297b4f1d48103849a5c3b68e4d98304db6f5ef695355b04f3ee27,7a5a357ff7d1bd37663c9807ddcef00086f7ab45e69a0a8bc6afef409c97f3fd
point_update,1,current,0.95,16,0.9065,7c002c091d4df4892d4befc876920d4ef061db7725a2148e94e1c4a0a3f3266f,5115aa1b62b7288e572447b0d3eec83b936d77f69563be436e5bf1c0cbdac14b
point_update,1,current,0.95,17,0.9147,913c90aec4fff8c0bd1dd9b07b1ba28fd66fabe7b4945ff7b955c3d1a005439f,ee238c2b263da5f6c4e86ed633c3cc2ab4821f0f2a3406ce9d8989a58f68e056
point_update,1,current,0.95,18,0.9208,6e03bc510cf6d78e52a233f30fc45ace75e3ce10e013e7e79cc760a1bbb43f16,30953753d6322df0e47e789b100bad2a0693f5a9d6ffc80081d582bd94d67bbf
point_update,1,current,0.95,19,0.9254,21e43d361e343be65e3ad72d711de1d118a9049085c38134cd1c02ad8fb645af,be3949178fb394a33867d7653d1f5df09ad4e6bf7f780ad194611b75c97577fc
point_update,1,current,0.95,20,0.9294,78116145bcb115f3c008f91e0565807b9db5fed478ce75a4f5e175af66878faa,10d29e61b7bff5b0ee88317bdd5e2081a382fb6e345f6470e47a5d8099c4559c
point_update,1,current,0.95,21,0.9332,68ffea10059302489bce9ab85595221cd72705cbbfc5986737a58e1ad5a536ed,ae72573a61727a5a5b01fae730392d238285f52dbe19f2c2d4dbc7e7425b0420
point_update,1,current,0.95,22,0.9396,7174bf914bc6db06e8e546b326e546c8d327288aee9d8f6b828333b3de2769b8,f29abab9b4196c065c30fa85ec4227782c343e115bd67f3cd6362068908ee52a
point_update,1,current,0.95,23,0.9431,c74d81221c7e915741433c015fd02145238df7cbfd09a2bdca752e532d895a5b,4280350aa98e49f1044bcb464adddff731707f79efbce0432d3c36cf8541c99b
point_update,1,current,0.95,24,0.9464,401d76f8ed9bce522bde559ca13964bd955d7392292e6293aacf18958a99e99b,c9f3b783b51e325ab4f54099e7d1f8a6e30ecb324ee5bf158d4a1eab7ab5b9d8
point_update,1,current,0.95,25,0.9513,f82e08ac82fdcb129890fdb5e912594e6b9fb228eb95deb289136a754da0bef2,54684b3a930a6f1c04409aeb6b0c361335ba1fb3fadabffd65c7169c0459d52e
point_update,2,initial,0.95,10,0.7276,180099c4bddffb0acd0ea25d8b6321836beed4fe5b298226eb55170d04b16622,98e5c479acbf9cc9f427d739c9cd8cc95125f2eb72a709c57f5f200febda0b96
point_update,2,initial,0.95,11,0.752,02bca2f159b68ffa855eff3ca704bd33f87f6920c008c5dd8812a85270c79209,83eae5cc0c35a86e486520c5745707c779a9c223c891ac054b4fc1e2d89befc2
point_update,2,initial,0.95,12,0.7729,972c4429c52261dea82c2c559d0ae4d9530f794983cb093b30a4820234bbaf91,60ad42678797f49c90cd86035a7ea65f2d66a23ee3291896de206a83df3d8659
point_update,2,initial,0.95,13,0.7888,d4831a22ea1a0de5896ffc5bfd243534dadc73cdb0393c400989394abba5d96f,1879f11fb0fe9ae87417119626611263f39c53121c3c1e837aaa6a9fbcf64cfc
point_update,2,initial,0.95,14,0.8041,d056d379b440183cbab98861d550068e050a7f3678f6de1bbca2f3ad53d5d3f7,50582cfe3fbd580d36ee80b3768da795a8e29940984133cd2f91ff082dae7bc3
point_update,2,initial,0.95,15,0.8164,5d4f65b1e2d3c5baae6a8d88afd6be1ddcb7bc8b4e02578007d13471638dca35,32ff38bbaa2058aa62490aa20bacfbeab5a52b9e58b45339593217013bd41979
point_update,2,initial,0.95,16,0.8289,b9868fe2065850ebb35787321c158ad842ddaf85f4db379f5b7aeea3438e9989,a13f80e36e644a9856375680dc8d8125d9d137389be8155890890332935860e8
point_update,2,initial,0.95,17,0.8398,5f2a7da6270074c3ac3c4955eb2f8bebb1c90e29b35debc4510b0cda02c17a5f,d06288776a0e79feebe1a8da07c06e319f10c75dfb89dfcd42392fe28147d571
point_update,2,initial,0.95,18,0.8505,dad79d21602af331f5d69a72b4065e2ddffcee879a8db053fbe3bf2c04b1b213,2ec2150f137615312e21d835d882f7924be7fe9affcf6ceef6b3a23bc4291787
point_update,2,initial,0.95,19,0.8589,0ac88349cbef3a78a0cac925437455966a9a502a7a959d3e23ce938a3a13aa96,0374bc421bece47cc1a1c979e2c4dd82f625e345fd2003d5c293910645383820
point_update,2,initial,0.95,20,0.8663,9e477349764d87cfa020ccd6bbac170cc15a43e9724bba9a9212d42c5e5e7e43,950817c176c1ee0eeea4c4a64c1adb16c0c1c5047c770c012eb4971da8a2fdcf
point_update,2,initial,0.95,21,0.874,25e136480fd6d5fcd9c98fdc5fa86aad78e0f6b8195594aade62d856dd7ee6da,2221467f48da2b7ffcb8d98923d8b18a153eb0f29f9f78843979958aee0d49e7
point_update,2,initial,0.95,22,0.8821,09b4d62db000a6077add2c2614bbf53879ade1533a429d1ccfff058cae4f2277,b9fce8f727679829dce1c0f6b325faebb8816fd6ffb1516568ca059e76c02d74
point_update,2,initial,0.95,23,0.8888,9db381c2274037e9bd3f2e2d1b7b359d07fc368c588954a50a115474cde368ed,32b7e7f9d66343936372395279103256f32d16472e238a3ae37d1da07db32816
point_update,2,initial,0.95,24,0.8943,4f4d3636e74b156f6d1b6ec8195d14fb0beee7a6a1c2c92512290a2c6faab43b,b1b1281772671ca22405a72bff0ed4ae210ff4802e9fdc704a32134778437a90
point_update,2,initial,0.95,25,0.8976,2df1316b3cf3bb278ce9943951afaa8fbc3eb2b91affc8f0e7ddbbd1b6eb5eee,28a541518e99ce72c516467baacceedc955ffe8e110e69aadfb43e4dcd50bc4f
point_update,2,initial,0.95,26,0.9029,5470ea2fee8d25e4e418fb074737d1e4fd9e3afcfe154ce430c484432a74ee34,a43331f8b7d966bc1b218d0ae1585b903dbed27c62ce07e8c5fa8d5abb767c54
point_update,2,initial,0.95,27,0.9084,a34b48a01dab29b93845e73fc871eb9e898977b5b9df0d4e39b316ad8e7a3fce,daf1cfdb2383522ce82ce6a1d00c333282a7c0faded87bd67efb2d22ecadf521
point_update,2,initial,0.95,28,0.9109,896f67dde478c5a03a21971fc8337158bed79ece7f835755fe5b8e4e038718de,5876a806cb661d620c5ffb64eea9a1343e3020eb34ab77e3de64cc5315b45254
point_update,2,initial,0.95,29,0.9158,a84bb6959ca7dd6472dfc27d0980aef3b954e7c1a6e1079a7934f9d6553098a4,cc6f6b4f85e7c123ed7d15963ff96619991a6129c368b8185f1a68f0f51a9874
point_update,2,initial,0.95,30,0.9207,41d00ea56612bded88719adcc1d4435483548ef467d080ef21bceec6a2a95c60,29a9aca7891dc0f0ac3d4198543c89b9a821b2cad6c7620baf954ec58c8cfa99
point_update,2,initial,0.95,31,0.9241,2833e60b1d0c782a8f5bd3d4136c8fe70d9664c842f633262b76cfa6b1f648a6,fac81a8c104dc135bc2636e9c5e6cf7e07497f8169f51979d5ba64fdd6ae5f3d
point_update,2,initial,0.95,32,0.9275,a98558b79f1f67dbadaa0c5323662306ad9ee6e0358b04a90117d93aaa9b8be0,2324b05fec3fa5053ac7f9a787c40d89724e16e201a28d3878796a050f8863a5
point_update,2,initial,0.95,33,0.9317,65fc926ea63ad5cde8c440606b1023bfff3ce012dfbbdaa818a0d1f7ee2838b3,8e72ee027a6366523aa3c31a6c88107a69df4c71faf972b9422c999ac119e2b6
point_update,2,initial,0.95,34,0.9343,6ed521d4315859918de1bb1c9b19adc89c97bef6b8d1db182bbe98776dae4d3e,25eb17f0afb50495f7dc13e76d70573bb8d1ca56619f67b0114a89575263e40d
point_update,2,initial,0.95,35,0.9368,2c9cf102ac5bdbdce882503649dfbcab6544d19d26c669d7cbc106cf1f782856,676d907801ff7ea491119254df782a9cc4d013a6e7fb4cf6fe048644ce37fdb9
point_update,2,initial,0.95,36,0.939,6603666470cd9dc7f1b8a7c254dc67be18a3fd04a7a9a897d5727e5c9dc4337f,cfa51207c4c613763bf9f365443e951b20180614bc9e021a83be1f23cb209b10
point_update,2,initial,0.95,37,0.9415,487b7cbedaeb2198a2d10462adac698a8daeff8ccaa732dbca2d98cbab87bcd2,44e8729b1f4a3e7ca7bd9bd2f15b141bfab9c0326543bef6de2daafac2112460
point_update,2,initial,0.95,38,0.9432,8e812e84eb798d6838d5c0448e1c1751f1d156d9e792c899d2960383776690d4,7528df6d0c95cd733bc3e143b404ec6c3b4d3b3b52d2775ef1bbc6f5c4864d59
point_update,2,initial,0.95,39,0.9457,2592ffc3fe7a2bf821df869d98391c84fb4c55b0c2cf31ff3b7d5929dc9cffb9,34d66d8a19b57dd67a6ba7601582a7966efe4b8be7a114c3b0834c1dc2a4fb26
point_update,2,initial,0.95,40,0.9484,5043a26480e9b00c40d4e73325f9f64a4f95092c34e26b6c9c20d71c8dedeb80,d2c993e54a6cb4b3ece915c138e59dd19446b73435c4474ec01dbb796e2e21fe
point_update,2,initial,0.95,41,0.9509,75ff3d6e9bafad3a9008a5a29266e81b8deb8763d3689ee102b7771796a1d451,756ab1f3a169f1e601e55cb6c078fd74710baa3c1a9c3083b45091264293d534
point_update,2,current,0.95,10,0.8536,b262ed5e0e3606c5f680a8f034b953c509c32b2a995bbab6d2ff60248aa66ecc,210cc6d4c25fd8780bdcbd809242ac699218c260791494caa306ded301edb01a
point_update,2,current,0.95,11,0.8656,b70a8368279962d0a90416684d72c32ec53d105766ede08fa1bf35a1b170f920,148c05e1b51458418f04a52ddedacfd74302986007060a99171f68677e1715d8
point_update,2,current,0.95,12,0.8801,7d10125ff8ebd921db0746580d8b5a2185e6d3ddb260c8b492a6f988ab531928,77e9bf913f07106cbde9befe4de1355dbfc212b4375e776ac6142b3ae7778b55
point_update,2,current,0.95,13,0.8903,060d028ebde67ffd1d8fe523fa2a4bb904be1d7923d2a5fae2a138778dfd242a,082404564e0dab72caa293d74a6f5a55b083f212802d65bcc8d8c46fe20a78d3
point_update,2,current,0.95,14,0.8997,24ad824e1d71fc3a4e0018ee2f0544cb3928d9c579aa35e791604df199ffb159,547d6be8feff61f12b1115ee9e8dcee7b21e096653c3d06b4e52a8e32eec11e1
point_update,2,current,0.95,15,0.9075,9dd6dc9e4ddf1e276bd283b97f59af49493e668f7d2a7de553abc6685726dd8a,72b3949acb63701644c498263c1fba762877bba3a4c39a44b886c9d17fba842a
point_update,2,current,0.95,16,0.9154,59c88fd07a82acc3683106725bc7a420c91ae801050a7431a12a2496ba767b7b,e77552fa1cc8dc92726eea4434a5f2b10a38e2bc8a47c5ad2db963d04366a0c3
point_update,2,current,0.95,17,0.9215,09e108aba163fe4c2111366bb54c8f99d4719c1a45783656d2ca3d2314d88370,1fc4f82dcc833f0049ba66f8e9d1f4f6bd4ffc0ab4ab148d747dee7a5e1202c3
point_update,2,current,0.95,18,0.9291,b5252a544d690ae501d01f0220c2c0470af74e55bcb5c9f72e3b66a507648ca4,575eab1b33d77785ad8fa418670f22ae79e3f927d5293bcecdb93c9dba956f85
point_update,2,current,0.95,19,0.9334,020f9492d98213b95c926e8af3d806ddbf9c8f2c27b81027d004b78f779c4e1e,4b8b91df1b7dab092f1fd6edf4dd51094ff725e3a6e8c22a0a38286c6009370d
point_update,2,current,0.95,20,0.9376,ab450522faf0b813d68f9970f1b49b419b085891d29870e3b13b5e1a9235786d,6370e2d2bd415e06633328c44e63910d5c1e4bf0daa613da6ca8c10838c8261f
point_update,2,current,0.95,21,0.9419,708a0405bb566e035d314f83da084641c1edf88f0a59c7ccafe66c7fe85861c5,613e0fef1c226dde01d40338799f210ee43d505b5365600d6658856e5cd01b0f
point_update,2,current,0.95,22,0.9459,f70dce6a5cea71dfcf96ba3326e2bfca46a5efb230b2dda35cd8fa4255f4f5e8,40edb20c14b3c1a1d166fe2baa4ea2f4fb6fb9c2473d9932adb10199af89446c
point_update,2,current,0.95,23,0.95,31a43c073c0aaf25c7f3f02fa11697241dc811a73cae7fe3b4f13ad169ffd6e2,d32df0fa6157c42e89cc637755e418524319c489dac64d6a55d88f221327a7aa
point_update,3,initial,0.95,10,0.7276,180099c4bddffb0acd0ea25d8b6321836beed4fe5b298226eb55170d04b16622,98e5c479acbf9cc9f427d739c9cd8cc95125f2eb72a709c57f5f200febda0b96
point_update,3,initial,0.95,11,0.752,02bca2f159b68ffa855eff3ca704bd33f87f6920c008c5dd8812a85270c79209,83eae5cc0c35a86e486520c5745707c779a9c223c891ac054b4fc1e2d89befc2
point_update,3,initial,0.95,12,0.7729,972c4429c52261dea82c2c559d0ae4d9530f794983cb093b30a4820234bbaf91,60ad42678797f49c90cd86035a7ea65f2d66a23ee3291896de206a83df3d8659
point_update,3,initial,0.95,13,0.7888,d4831a22ea1a0de5896ffc5bfd243534dadc73cdb0393c400989394abba5d96f,1879f11fb0fe9ae87417119626611263f39c53121c3c1e837aaa6a9fbcf64cfc
point_update,3,initial,0.95,14,0.8041,d056d379b440183cbab98861d550068e050a7f3678f6de1bbca2f3ad53d5d3f7,50582cfe3fbd580d36ee80b3768da795a8e29940984133cd2f91ff082dae7bc3
point_update,3,initial,0.95,15,0.8164,5d4f65b1e2d3c5baae6a8d88afd6be1ddcb7bc8b4e02578007d13471638dca35,32ff38bbaa2058aa62490aa20bacfbeab5a52b9e58b45339593217013bd41979
point_update,3,initial,0.95,16,0.8289,b9868fe2065850ebb35787321c158ad842ddaf85f4db379f5b7aeea3438e9989,a13f80e36e644a9856375680dc8d8125d9d137389be8155890890332935860e8
point_update,3,initial,0.95,17,0.8398,5f2a7da6270074c3ac3c4955eb2f8bebb1c90e29b35debc4510b0cda02c17a5f,d06288776a0e79feebe1a8da07c06e319f10c75dfb89dfcd42392fe28147d571
point_update,3,initial,0.95,18,0.8505,dad79d21602af331f5d69a72b4065e2ddffcee879a8db053fbe3bf2c04b1b213,2ec2150f137615312e21d835d882f7924be7fe9affcf6ceef6b3a23bc4291787
point_update,3,initial,0.95,19,0.8589,0ac88349cbef3a78a0cac925437455966a9a502a7a959d3e23ce938a3a13aa96,0374bc421bece47cc1a1c979e2c4dd82f625e345fd2003d5c293910645383820
point_update,3,initial,0.95,20,0.8663,9e477349764d87cfa020ccd6bbac170cc15a43e9724bba9a9212d42c5e5e7e43,950817c176c1ee0eeea4c4a64c1adb16c0c1c5047c770c012eb4971da8a2fdcf
point_update,3,initial,0.95,21,0.874,25e136480fd6d5fcd9c98fdc5fa86aad78e0f6b8195594aade62d856dd7ee6da,2221467f48da2b7ffcb8d98923d8b18a153eb0f29f9f78843979958aee0d49e7
point_update,3,initial,0.95,22,0.8821,09b4d62db000a6077add2c2614bbf53879ade1533a429d1ccfff058cae4f2277,b9fce8f727679829dce1c0f6b325faebb8816fd6ffb1516568ca059e76c02d74
point_update,3,initial,0.95,23,0.8888,9db381c2274037e9bd3f2e2d1b7b359d07fc368c588954a50a115474cde368ed,32b7e7f9d66343936372395279103256f32d16472e238a3ae37d1da07db32816
point_update,3,initial,0.95,24,0.8943,4f4d3636e74b156f6d1b6ec8195d14fb0beee7a6a1c2c92512290a2c6faab43b,b1b1281772671ca22405a72bff0ed4ae210ff4802e9fdc704a32134778437a90
point_update,3,initial,0.95,25,0.8976,2df1316b3cf3bb278ce9943951afaa8fbc3eb2b91affc8f0e7ddbbd1b6eb5eee,28a541518e99ce72c516467baacceedc955ffe8e110e69aadfb43e4dcd50bc4f
point_update,3,initial,0.95,26,0.9029,5470ea2fee8d25e4e418fb074737d1e4fd9e3afcfe154ce430c484432a74ee34,a43331f8b7d966bc1b218d0ae1585b903dbed27c62ce07e8c5fa8d5abb767c54
point_update,3,initial,0.95,27,0.9084,a34b48a01dab29b93845e73fc871eb9e898977b5b9df0d4e39b316ad8e7a3fce,daf1cfdb2383522ce82ce6a1d00c333282a7c0faded87bd67efb2d22ecadf521
point_update,3,initial,0.95,28,0.9109,896f67dde478c5a03a21971fc8337158bed79ece7f835755fe5b8e4e038718de,5876a806cb661d620c5ffb64eea9a1343e3020eb34ab77e3de64cc5315b45254
point_update,3,initial,0.95,29,0.9158,a84bb6959ca7dd6472dfc27d0980aef3b954e7c1a6e1079a7934f9d6553098a4,cc6f6b4f85e7c123ed7d15963ff96619991a6129c368b8185f1a68f0f51a9874
point_update,3,initial,0.95,30,0.9207,41d00ea56612bded88719adcc1d4435483548ef467d080ef21bceec6a2a95c60,29a9aca7891dc0f0ac3d4198543c89b9a821b2cad6c7620baf954ec58c8cfa99
point_update,3,initial,0.95,31,0.9241,2833e60b1d0c782a8f5bd3d4136c8fe70d9664c842f633262b76cfa6b1f648a6,fac81a8c104dc135bc2636e9c5e6cf7e07497f8169f51979d5ba64fdd6ae5f3d
point_update,3,initial,0.95,32,0.9275,a98558b79f1f67dbadaa0c5323662306ad9ee6e0358b04a90117d93aaa9b8be0,2324b05fec3fa5053ac7f9a787c40d89724e16e201a28d3878796a050f8863a5
point_update,3,initial,0.95,33,0.9317,65fc926ea63ad5cde8c440606b1023bfff3ce012dfbbdaa818a0d1f7ee2838b3,8e72ee027a6366523aa3c31a6c88107a69df4c71faf972b9422c999ac119e2b6
point_update,3,initial,0.95,34,0.9343,6ed521d4315859918de1bb1c9b19adc89c97bef6b8d1db182bbe98776dae4d3e,25eb17f0afb50495f7dc13e76d70573bb8d1ca56619f67b0114a89575263e40d
point_update,3,initial,0.95,35,0.9368,2c9cf102ac5bdbdce882503649dfbcab6544d19d26c669d7cbc106cf1f782856,676d907801ff7ea491119254df782a9cc4d013a6e7fb4cf6fe048644ce37fdb9
point_update,3,initial,0.95,36,0.939,6603666470cd9dc7f1b8a7c254dc67be18a3fd04a7a9a897d5727e5c9dc4337f,cfa51207c4c613763bf9f365443e951b20180614bc9e021a83be1f23cb209b10
point_update,3,initial,0.95,37,0.9415,487b7cbedaeb2198a2d10462adac698a8daeff8ccaa732dbca2d98cbab87bcd2,44e8729b1f4a3e7ca7bd9bd2f15b141bfab9c0326543bef6de2daafac2112460
point_update,3,initial,0.95,38,0.9432,8e812e84eb798d6838d5c0448e1c1751f1d156d9e792c899d2960383776690d4,7528df6d0c95cd733bc3e143b404ec6c3b4d3b3b52d2775ef1bbc6f5c4864d59
point_update,3,initial,0.95,39,0.9457,2592ffc3fe7a2bf821df869d98391c84fb4c55b0c2cf31ff3b7d5929dc9cffb9,34d66d8a19b57dd67a6ba7601582a7966efe4b8be7a114c3b0834c1dc2a4fb26
point_update,3,initial,0.95,40,0.9484,5043a26480e9b00c40d4e73325f9f64a4f95092c34e26b6c9c20d71c8dedeb80,d2c993e54a6cb4b3ece915c138e59dd19446b73435c4474ec01dbb796e2e21fe
point_update,3,initial,0.95,41,0.9509,75ff3d6e9bafad3a9008a5a29266e81b8deb8763d3689ee102b7771796a1d451,756ab1f3a169f1e601e55cb6c078fd74710baa3c1a9c3083b45091264293d534
point_update,3,current,0.95,10,0.8545,92533d75f901193e3ba311c3f3a43f37ea65a041eb055240c1c03b1355531a9b,bfd8fef057cff9492e9845267e23b1a1ef0a7c7b1f9e826146ba8c5696d64270
point_update,3,current,0.95,11,0.8672,9a1b9dfb8020e8ef5b39e7c894668fa3c7a909dbdc46f3e96a16fc8e13d811a1,944c5917d189ff24bae7d48bd8bb4b02bdf30eec61fdcda2d979ad5643dfdbc8
point_update,3,current,0.95,12,0.8815,debce78d7d00b4a5be8a591cf9d072f143d0df893d131452b9c566ad8a5deb92,2857469de51f93bbbca826ccc27f62bb4656d07a259986556e37b0f05f0dfd66
point_update,3,current,0.95,13,0.8936,853bc2da8ec9ffaf3fa9435aaa7065a4f449755f659ad9f3e4dd93920013b613,d1bd12b58318a8fa2914081187bbf7b1b607fc57559f2970d3816b880bf4daac
point_update,3,current,0.95,14,0.9039,79d53fef5cb1493867cc88875e7710d2241bd8e5d573f03e2e8d1adc8fdc4307,40bcbd6f1e75dcd9a84f41aa579583c0a9a6763d2ca375fdfbb210164faf5273
point_update,3,current,0.95,15,0.9119,332aa4f4bbb4977f267b6a1e6aab11e08720c30e3a0c36ba74824732da4a4546,83e80419595e7d41b5d1105b7e1df4d640ff6ed168cb48e38de02596950e176d
point_update,3,current,0.95,16,0.9177,5ad375e7262e89cfaef327959a3bac818f59f6cf22f6bcd685bc97b3488bef83,4101b714d92599e08e65a116209a7730eec4d1f1c2c87675d55fe04bdb686454
point_update,3,current,0.95,17,0.9243,82234a6ce26b26db97ce9bb4819fd5f203dd9e5520694aab5299eded898fd460,5a8f187ba7d3d845c9f2081ca940f147feafdd880b2a76b35cbd8bcb2eb4c2fd
point_update,3,current,0.95,18,0.9305,fd690d2222b9c1fd9306516d2af68f0c14e8dfa33b8af8a4a27cb6bbf029558e,accbf1bab078d69d32d4eb0a33f0ba7641e0832c474f2be3fefe0668d1043cb5
point_update,3,current,0.95,19,0.9357,57771c67bce01c9c87c23241f2f3de099194200a33336e36a860dfd65ca6ff70,ef679ae23e2aab4ca0d000b945d9fe4863e73e40bf0125d7f2a7297632828abd
point_update,3,current,0.95,20,0.9401,535fb98cf9005732dedab08e4b206e667d8b0272bf9ed12d11efab45848c31d4,0695d477abd7397b95ee68f804a121d92b282ef02c603847ef999b909e39ec51
point_update,3,current,0.95,21,0.9446,6f052bf47e2c450a0ad205e08e38a0927f9d86952c743fcd6f0355b043386bac,5aeea6bc63dfb5bfeed7436f1f922c86d990e911b467932bb1e4684ebb81d187
point_update,3,current,0.95,22,0.9481,b350bfc3edde59bc8ddc7c072559025dd1923a2971ac3a5598b9407d6874ceb6,0edc3b893aaae13bd3778c788e37d34dba98ed25f050c2e6326619bc6cab1914
point_update,3,current,0.95,23,0.9503,2c3dd09e51074393179b4e2f04813f851c16d5f36f976eb64018b4cff5a000b6,b6c097544f0abb61e4a18170d61ba4d4870bb6eb11aca206bda7ea77b4852c73
point_update,4,initial,0.95,10,0.7276,180099c4bddffb0acd0ea25d8b6321836beed4fe5b298226eb55170d04b16622,98e5c479acbf9cc9f427d739c9cd8cc95125f2eb72a709c57f5f200febda0b96
point_update,4,initial,0.95,11,0.752,02bca2f159b68ffa855eff3ca704bd33f87f6920c008c5dd8812a85270c79209,83eae5cc0c35a86e486520c5745707c779a9c223c891ac054b4fc1e2d89befc2
point_update,4,initial,0.95,12,0.7729,972c4429c52261dea82c2c559d0ae4d9530f794983cb093b30a4820234bbaf91,60ad42678797f49c90cd86035a7ea65f2d66a23ee3291896de206a83df3d8659
point_update,4,initial,0.95,13,0.7888,d4831a22ea1a0de5896ffc5bfd243534dadc73cdb0393c400989394abba5d96f,1879f11fb0fe9ae87417119626611263f39c53121c3c1e837aaa6a9fbcf64cfc
point_update,4,initial,0.95,14,0.8041,d056d379b440183cbab98861d550068e050a7f3678f6de1bbca2f3ad53d5d3f7,50582cfe3fbd580d36ee80b3768da795a8e29940984133cd2f91ff082dae7bc3
point_update,4,initial,0.95,15,0.8164,5d4f65b1e2d3c5baae6a8d88afd6be1ddcb7bc8b4e02578007d13471638dca35,32ff38bbaa2058aa62490aa20bacfbeab5a52b9e58b45339593217013bd41979
point_update,4,initial,0.95,16,0.8289,b9868fe2065850ebb35787321c158ad842ddaf85f4db379f5b7aeea3438e9989,a13f80e36e644a9856375680dc8d8125d9d137389be8155890890332935860e8
point_update,4,initial,0.95,17,0.8398,5f2a7da6270074c3ac3c4955eb2f8bebb1c90e29b35debc4510b0cda02c17a5f,d06288776a0e79feebe1a8da07c06e319f10c75dfb89dfcd42392fe28147d571
point_update,4,initial,0.95,18,0.8505,dad79d21602af331f5d69a72b4065e2ddffcee879a8db053fbe3bf2c04b1b213,2ec2150f137615312e21d835d882f7924be7fe9affcf6ceef6b3a23bc4291787
point_update,4,initial,0.95,19,0.8589,0ac88349cbef3a78a0cac925437455966a9a502a7a959d3e23ce938a3a13aa96,0374bc421bece47cc1a1c979e2c4dd82f625e345fd2003d5c293910645383820
point_update,4,initial,0.95,20,0.8663,9e477349764d87cfa020ccd6bbac170cc15a43e9724bba9a9212d42c5e5e7e43,950817c176c1ee0eeea4c4a64c1adb16c0c1c5047c770c012eb4971da8a2fdcf
point_update,4,initial,0.95,21,0.874,25e136480fd6d5fcd9c98fdc5fa86aad78e0f6b8195594aade62d856dd7ee6da,2221467f48da2b7ffcb8d98923d8b18a153eb0f29f9f78843979958aee0d49e7
point_update,4,initial,0.95,22,0.8821,09b4d62db000a6077add2c2614bbf53879ade1533a429d1ccfff058cae4f2277,b9fce8f727679829dce1c0f6b325faebb8816fd6ffb1516568ca059e76c02d74
point_update,4,initial,0.95,23,0.8888,9db381c2274037e9bd3f2e2d1b7b359d07fc368c588954a50a115474cde368ed,32b7e7f9d66343936372395279103256f32d16472e238a3ae37d1da07db32816
point_update,4,initial,0.95,24,0.8943,4f4d3636e74b156f6d1b6ec8195d14fb0beee7a6a1c2c92512290a2c6faab43b,b1b1281772671ca22405a72bff0ed4ae210ff4802e9fdc704a32134778437a90
point_update,4,initial,0.95,25,0.8976,2df1316b3cf3bb278ce9943951afaa8fbc3eb2b91affc8f0e7ddbbd1b6eb5eee,28a541518e99ce72c516467baacceedc955ffe8e110e69aadfb43e4dcd50bc4f
point_update,4,initial,0.95,26,0.9029,5470ea2fee8d25e4e418fb074737d1e4fd9e3afcfe154ce430c484432a74ee34,a43331f8b7d966bc1b218d0ae1585b903dbed27c62ce07e8c5fa8d5abb767c54
point_update,4,initial,0.95,27,0.9084,a34b48a01dab29b93845e73fc871eb9e898977b5b9df0d4e39b316ad8e7a3fce,daf1cfdb2383522ce82ce6a1d00c333282a7c0faded87bd67efb2d22ecadf521
point_update,4,initial,0.95,28,0.9109,896f67dde478c5a03a21971fc8337158bed79ece7f835755fe5b8e4e038718de,5876a806cb661d620c5ffb64eea9a1343e3020eb34ab77e3de64cc5315b45254
point_update,4,initial,0.95,29,0.9158,a84bb6959ca7dd6472dfc27d0980aef3b954e7c1a6e1079a7934f9d6553098a4,cc6f6b4f85e7c123ed7d15963ff96619991a6129c368b8185f1a68f0f51a9874
point_update,4,initial,0.95,30,0.9207,41d00ea56612bded88719adcc1d4435483548ef467d080ef21bceec6a2a95c60,29a9aca7891dc0f0ac3d4198543c89b9a821b2cad6c7620baf954ec58c8cfa99
point_update,4,initial,0.95,31,0.9241,2833e60b1d0c782a8f5bd3d4136c8fe70d9664c842f633262b76cfa6b1f648a6,fac81a8c104dc135bc2636e9c5e6cf7e07497f8169f51979d5ba64fdd6ae5f3d
point_update,4,initial,0.95,32,0.9275,a98558b79f1f67dbadaa0c5323662306ad9ee6e0358b04a90117d93aaa9b8be0,2324b05fec3fa5053ac7f9a787c40d89724e16e201a28d3878796a050f8863a5
point_update,4,initial,0.95,33,0.9317,65fc926ea63ad5cde8c440606b1023bfff3ce012dfbbdaa818a0d1f7ee2838b3,8e72ee027a6366523aa3c31a6c88107a69df4c71faf972b9422c999ac119e2b6
point_update,4,initial,0.95,34,0.9343,6ed521d4315859918de1bb1c9b19adc89c97bef6b8d1db182bbe98776dae4d3e,25eb17f0afb50495f7dc13e76d70573bb8d1ca56619f67b0114a89575263e40d
point_update,4,initial,0.95,35,0.9368,2c9cf102ac5bdbdce882503649dfbcab6544d19d26c669d7cbc106cf1f782856,676d907801ff7ea491119254df782a9cc4d013a6e7fb4cf6fe048644ce37fdb9
point_update,4,initial,0.95,36,0.939,6603666470cd9dc7f1b8a7c254dc67be18a3fd04a7a9a897d5727e5c9dc4337f,cfa51207c4c613763bf9f365443e951b20180614bc9e021a83be1f23cb209b10
point_update,4,initial,0.95,37,0.9415,487b7cbedaeb2198a2d10462adac698a8daeff8ccaa732dbca2d98cbab87bcd2,44e8729b1f4a3e7ca7bd9bd2f15b141bfab9c0326543bef6de2daafac2112460
point_update,4,initial,0.95,38,0.9432,8e812e84eb798d6838d5c0448e1c1751f1d156d9e792c899d2960383776690d4,7528df6d0c95cd733bc3e143b404ec6c3b4d3b3b52d2775ef1bbc6f5c4864d59
point_update,4,initial,0.95,39,0.9457,2592ffc3fe7a2bf821df869d98391c84fb4c55b0c2cf31ff3b7d5929dc9cffb9,34d66d8a19b57dd67a6ba7601582a7966efe4b8be7a114c3b0834c1dc2a4fb26
point_update,4,initial,0.95,40,0.9484,5043a26480e9b00c40d4e73325f9f64a4f95092c34e26b6c9c20d71c8dedeb80,d2c993e54a6cb4b3ece915c138e59dd19446b73435c4474ec01dbb796e2e21fe
point_update,4,initial,0.95,41,0.9509,75ff3d6e9bafad3a9008a5a29266e81b8deb8763d3689ee102b7771796a1d451,756ab1f3a169f1e601e55cb6c078fd74710baa3c1a9c3083b45091264293d534
point_update,4,current,0.95,10,0.8565,852ad0e15df0b3a98eb7bb3d3de60cc0493005f4a3c363e096a116b6b7fe42c9,27494ed4a056f9e67f42d42e4fbe389eb4c6624f3e65f5dc573a4f2f03dcec6c
point_update,4,current,0.95,11,0.8683,13ca1a725d3ab404cfb1e265392c88dbc3048141e5786ba7b0e02114e4ab2ecf,70fd60363b7ebb5e7ddc3cbdbb6410efef5fee066e2a99b1708bf711788fdd22
point_update,4,current,0.95,12,0.8824,b2708a1b90578874c9c26f27d2f744c9ca981639af218f3948c8d9dad93a78ad,4dd63e65c7789873bb030fc54b8eb156589d641d14e96d5f14391bf0647df265
point_update,4,current,0.95,13,0.8925,53e2cd3f4f1f4ac7a18f60e61edfcbfb718d9ee1824264d571fa04875cc7dc49,7db5d2bb623b1eb26eebc0f03c68b6c555f294de02b06726c22432441bd9f2f8
point_update,4,current,0.95,14,0.9024,2db9b801bcf886e75c97be58d9d372ea27f874c916a1347d54b952ddeecc6148,fd938e7039cd23eec7ed052293d1984d673a4165d596715203e36cfa7c74c032
point_update,4,current,0.95,15,0.9115,d257a929dc0199f06c23b5d5369e0b1c1d1f8beffe126ef0aad05d5ef2ec09d3,b1397f6d059e4398e1dddf3fa546cdebbd7417ccca2c765af9bb97979c6de6fd
point_update,4,current,0.95,16,0.918,69cb89cae70aa369de1de483dbb6906dc3905fe2d25e65a5025ae77d4f9c8fce,18f14afc467e12ba31c4d415a302f72cdc6ea9194330fa39075397bd117b93cc
point_update,4,current,0.95,17,0.9241,2675b5d7ac46ea3eb806497a46c3fdb42c9798b5496f4417baf5e5cc8d297a7d,d19d37eccdb935ad119821934ab10490b637d4f719cbb361675e5edd5e2fec95
point_update,4,current,0.95,18,0.9311,a634c2b9b63b371a32aa8eb9f716c2630791f285ea5d81dcc54dc9f234dce130,c0e48b981d5da9f8c19d732d8a68d679334f9155083b78f3c6ee1a2b51b1f1a5
point_update,4,current,0.95,19,0.9358,8c275684dacd922c72b00d28343793eb0c2c60cc05e6cd8ef8f447951ff7d39f,f919d03e2673b3393a00a2f101696f4f0e39710ccec6dd5c6bfcb2f5f5b2b94e
point_update,4,current,0.95,20,0.9418,1fa001f5b27c838ab2d82fda54b20c17f50cfc469d4bba6b7ca8e50ee155b7b7,762bc8da2d17704f975bf8687bc1c8efc5a94da20521fc4f4ec8cb5c2cb13b2f
point_update,4,current,0.95,21,0.9444,0a270d607dd0a3bcfe71c91eb111dee0f9fe83cb710eaa41706a5aeea802db8e,78bdaac6e06c5be075ac1d3a02460fdb1bad5dcbd8c6f6658f97bd446301ff5c
point_update,4,current,0.95,22,0.9482,06fae190dfd472ed6135b6df38653202cdf91791c71d92e7b1849e6b92971847,ed8d60aae637d446550c481f38a7ebafd2225449f4267bdbc3fdd2494a05ca1e
point_update,4,current,0.95,23,0.9521,093d93997e640f5bddd98d112fdb9ef75b5050ca620f9f7431e27350597da13a,dfbff6269fad17140ec3971dff2253ffb6bc735f1fe83cc7834766a3c02d9221
point_update,5,initial,0.95,10,0.7276,180099c4bddffb0acd0ea25d8b6321836beed4fe5b298226eb55170d04b16622,98e5c479acbf9cc9f427d739c9cd8cc95125f2eb72a709c57f5f200febda0b96
point_update,5,initial,0.95,11,0.752,02bca2f159b68ffa855eff3ca704bd33f87f6920c008c5dd8812a85270c79209,83eae5cc0c35a86e486520c5745707c779a9c223c891ac054b4fc1e2d89befc2
point_update,5,initial,0.95,12,0.7729,972c4429c52261dea82c2c559d0ae4d9530f794983cb093b30a4820234bbaf91,60ad42678797f49c90cd86035a7ea65f2d66a23ee3291896de206a83df3d8659
point_update,5,initial,0.95,13,0.7888,d4831a22ea1a0de5896ffc5bfd243534dadc73cdb0393c400989394abba5d96f,1879f11fb0fe9ae87417119626611263f39c53121c3c1e837aaa6a9fbcf64cfc
point_update,5,initial,0.95,14,0.8041,d056d379b440183cbab98861d550068e050a7f3678f6de1bbca2f3ad53d5d3f7,50582cfe3fbd580d36ee80b3768da795a8e29940984133cd2f91ff082dae7bc3
point_update,5,initial,0.95,15,0.8164,5d4f65b1e2d3c5baae6a8d88afd6be1ddcb7bc8b4e02578007d13471638dca35,32ff38bbaa2058aa62490aa20bacfbeab5a52b9e58b45339593217013bd41979
point_update,5,initial,0.95,16,0.8289,b9868fe2065850ebb35787321c158ad842ddaf85f4db379f5b7aeea3438e9989,a13f80e36e644a9856375680dc8d8125d9d137389be8155890890332935860e8
point_update,5,initial,0.95,17,0.8398,5f2a7da6270074c3ac3c4955eb2f8bebb1c90e29b35debc4510b0cda02c17a5f,d06288776a0e79feebe1a8da07c06e319f10c75dfb89dfcd42392fe28147d571
point_update,5,initial,0.95,18,0.8505,dad79d21602af331f5d69a72b4065e2ddffcee879a8db053fbe3bf2c04b1b213,2ec2150f137615312e21d835d882f7924be7fe9affcf6ceef6b3a23bc4291787
point_update,5,initial,0.95,19,0.8589,0ac88349cbef3a78a0cac925437455966a9a502a7a959d3e23ce938a3a13aa96,0374bc421bece47cc1a1c979e2c4dd82f625e345fd2003d5c293910645383820
point_update,5,initial,0.95,20,0.8663,9e477349764d87cfa020ccd6bbac170cc15a43e9724bba9a9212d42c5e5e7e43,950817c176c1ee0eeea4c4a64c1adb16c0c1c5047c770c012eb4971da8a2fdcf
point_update,5,initial,0.95,21,0.874,25e136480fd6d5fcd9c98fdc5fa86aad78e0f6b8195594aade62d856dd7ee6da,2221467f48da2b7ffcb8d98923d8b18a153eb0f29f9f78843979958aee0d49e7
point_update,5,initial,0.95,22,0.8821,09b4d62db000a6077add2c2614bbf53879ade1533a429d1ccfff058cae4f2277,b9fce8f727679829dce1c0f6b325faebb8816fd6ffb1516568ca059e76c02d74
point_update,5,initial,0.95,23,0.8888,9db381c2274037e9bd3f2e2d1b7b359d07fc368c588954a50a115474cde368ed,32b7e7f9d66343936372395279103256f32d16472e238a3ae37d1da07db32816
point_update,5,initial,0.95,24,0.8943,4f4d3636e74b156f6d1b6ec8195d14fb0beee7a6a1c2c92512290a2c6faab43b,b1b1281772671ca22405a72bff0ed4ae210ff4802e9fdc704a32134778437a90
point_update,5,initial,0.95,25,0.8976,2df1316b3cf3bb278ce9943951afaa8fbc3eb2b91affc8f0e7ddbbd1b6eb5eee,28a541518e99ce72c516467baacceedc955ffe8e110e69aadfb43e4dcd50bc4f
point_update,5,initial,0.95,26,0.9029,5470ea2fee8d25e4e418fb074737d1e4fd9e3afcfe154ce430c484432a74ee34,a43331f8b7d966bc1b218d0ae1585b903dbed27c62ce07e8c5fa8d5abb767c54
point_update,5,initial,0.95,27,0.9084,a34b48a01dab29b93845e73fc871eb9e898977b5b9df0d4e39b316ad8e7a3fce,daf1cfdb2383522ce82ce6a1d00c333282a7c0faded87bd67efb2d22ecadf521
point_update,5,initial,0.95,28,0.9109,896f67dde478c5a03a21971fc8337158bed79ece7f835755fe5b8e4e038718de,5876a806cb661d620c5ffb64eea9a1343e3020eb34ab77e3de64cc5315b45254
point_update,5,initial,0.95,29,0.9158,a84bb6959ca7dd6472dfc27d0980aef3b954e7c1a6e1079a7934f9d6553098a4,cc6f6b4f85e7c123ed7d15963ff96619991a6129c368b8185f1a68f0f51a9874
point_update,5,initial,0.95,30,0.9207,41d00ea56612bded88719adcc1d4435483548ef467d080ef21bceec6a2a95c60,29a9aca7891dc0f0ac3d4198543c89b9a821b2cad6c7620baf954ec58c8cfa99
point_update,5,initial,0.95,31,0.9241,2833e60b1d0c782a8f5bd3d4136c8fe70d9664c842f633262b76cfa6b1f648a6,fac81a8c104dc135bc2636e9c5e6cf7e07497f8169f51979d5ba64fdd6ae5f3d
point_update,5,initial,0.95,32,0.9275,a98558b79f1f67dbadaa0c5323662306ad9ee6e0358b04a90117d93aaa9b8be0,2324b05fec3fa5053ac7f9a787c40d89724e16e201a28d3878796a050f8863a5
point_update,5,initial,0.95,33,0.9317,65fc926ea63ad5cde8c440606b1023bfff3ce012dfbbdaa818a0d1f7ee2838b3,8e72ee027a6366523aa3c31a6c88107a69df4c71faf972b9422c999ac119e2b6
point_update,5,initial,0.95,34,0.9343,6ed521d4315859918de1bb1c9b19adc89c97bef6b8d1db182bbe98776dae4d3e,25eb17f0afb50495f7dc13e76d70573bb8d1ca56619f67b0114a89575263e40d
point_update,5,initial,0.95,35,0.9368,2c9cf102ac5bdbdce882503649dfbcab6544d19d26c669d7cbc106cf1f782856,676d907801ff7ea491119254df782a9cc4d013a6e7fb4cf6fe048644ce37fdb9
point_update,5,initial,0.95,36,0.939,6603666470cd9dc7f1b8a7c254dc67be18a3fd04a7a9a897d5727e5c9dc4337f,cfa51207c4c613763bf9f365443e951b20180614bc9e021a83be1f23cb209b10
point_update,5,initial,0.95,37,0.9415,487b7cbedaeb2198a2d10462adac698a8daeff8ccaa732dbca2d98cbab87bcd2,44e8729b1f4a3e7ca7bd9bd2f15b141bfab9c0326543bef6de2daafac2112460
point_update,5,initial,0.95,38,0.9432,8e812e84eb798d6838d5c0448e1c1751f1d156d9e792c899d2960383776690d4,7528df6d0c95cd733bc3e143b404ec6c3b4d3b3b52d2775ef1bbc6f5c4864d59
point_update,5,initial,0.95,39,0.9457,2592ffc3fe7a2bf821df869d98391c84fb4c55b0c2cf31ff3b7d5929dc9cffb9,34d66d8a19b57dd67a6ba7601582a7966efe4b8be7a114c3b0834c1dc2a4fb26
point_update,5,initial,0.95,40,0.9484,5043a26480e9b00c40d4e73325f9f64a4f95092c34e26b6c9c20d71c8dedeb80,d2c993e54a6cb4b3ece915c138e59dd19446b73435c4474ec01dbb796e2e21fe
point_update,5,initial,0.95,41,0.9509,75ff3d6e9bafad3a9008a5a29266e81b8deb8763d3689ee102b7771796a1d451,756ab1f3a169f1e601e55cb6c078fd74710baa3c1a9c3083b45091264293d534
point_update,5,current,0.95,10,0.8562,ae32223c0665522937e7ff8668fbc32e36adac987c938b8974a88d246b5d422c,83e110effc6b1cdbb758672142a4be31623292d65e4355e1eb3a45e61e5b5533
point_update,5,current,0.95,11,0.8682,b0fcd6619c1f50918b2077ad7f9695cbcde8181d07416f6f28d92136b42ee8d8,052a9e9884c7b878dd00b0b07c89dc49e62840c73e6348dcbf64651a61ad21e8
point_update,5,current,0.95,12,0.8817,29d1f04d76f83d15c534b0fe3e5a0e218543cf4c67e2d1c65f38fe6112ff02be,7e46f6a8fd51c9d57621d9f7274fadcd2e4f4336be07606bc68c9fcc842531d5
point_update,5,current,0.95,13,0.893,16191100f4141da9969d71c8c416257cb1bc23180089f418e5d78eeb9d26999d,fb95bf7ef5ca9480c3380bff59d9a21183db3645ca1a0525c2abcab3d291a346
point_update,5,current,0.95,14,0.9007,a2f81f10b87698d88ba76b38eb14f0dfa880ae6e4881436c21fb3804d1a77abb,1cb6a50eb6ea047e79de164e4eba9bea92df0615c1bd951befa1f9f58ba0435f
point_update,5,current,0.95,15,0.9072,c9d1605986abfc76f01e7cbc53595e0f80284f18cc7e314a38088f1f3a0a08f3,ee0fcef1bfe352d3b71f83041c3ae9f0728276dbbb71d2e5a723f0ac8993d1c8
point_update,5,current,0.95,16,0.9149,4600a21531e55581d25ead19ba630ec90025ece4f79db86c4478545392fc32ce,0dbef22dd8b4303d0c366239c5801c6df6223307dee64d4d59d8ba0db20fd914
point_update,5,current,0.95,17,0.9206,1ca885c558035e4858925c2d0e8a1109edbdcdbe4df8f4d332ba39eccfe28296,3768a0560f3a092648a78037ff0cb832a94438cc84ee694965bd6bfdf7729883
point_update,5,current,0.95,18,0.9274,3985fa36d57466ff26f7e91bdaaf7827a74c5655e8f3bc2de823e39e67b2e4c7,c08e44ada2975d4db7e25b26f7b91e73a5089915d5a4cab8e3e69d89d0941c56
point_update,5,current,0.95,19,0.9321,0b6fb54cc95698a501a1c97a9a4873496b5931820aace8cb2af9f6a7ca25536e,b7e620323b868d0df64b6bd548e06ce0528be6c59cb892e69b1b6494a83ac0fc
point_update,5,current,0.95,20,0.9362,e1cf7bb16c382e5ecb0a70a3df352ae581a4a29a8ae166bc1b13a696c357a6b3,bcec111c8407bbf626ce466854f3c5b15b4aa97cfba713ac52f888f9c5fbf304
point_update,5,current,0.95,21,0.9411,f52987d56cac16a4aeb63f2db835c2d9c1e287237697777d08799645a0658cc0,528ca0901bb98d069b0d4a038bf2f0f3396c8fe2e7991c70dbc7654ae900b25f
point_update,5,current,0.95,22,0.9445,1286ebe878cbc19a9de577ca8671977fde2fe376f8b9a89915a02e0202f38087,58a00feb9e6451a0473d08896f97d2e21a78af231b9a53d60670856128ca6c21
point_update,5,current,0.95,23,0.9485,f8a04ceda3279eaf6be85583337e2c5e8325cd5991f81f612d229ae353913121,b686f7502bbd47c9c6f0ba217db278d08026ba37a40cd757b00503ffbad0c1d1
point_update,5,current,0.95,24,0.9513,001d09f055ef271133233e79bdca43b25376a22f7d3949a10b083607beee0fc2,8169309e4e852ae53fa6744bcd17b22393de85445e6aec58f830157f3f84a80e
