operation,stage,graph,ef,recall,labels_sha256,distances_sha256,untimed_ft_work_counters_json,raw_results
insert,0,initial,10,0.7276,180099c4bddffb0acd0ea25d8b6321836beed4fe5b298226eb55170d04b16622,98e5c479acbf9cc9f427d739c9cd8cc95125f2eb72a709c57f5f200febda0b96,,data/raw/insert/stage-00/results.json
insert,0,initial,11,0.752,02bca2f159b68ffa855eff3ca704bd33f87f6920c008c5dd8812a85270c79209,83eae5cc0c35a86e486520c5745707c779a9c223c891ac054b4fc1e2d89befc2,,data/raw/insert/stage-00/results.json
insert,0,initial,12,0.7729,972c4429c52261dea82c2c559d0ae4d9530f794983cb093b30a4820234bbaf91,60ad42678797f49c90cd86035a7ea65f2d66a23ee3291896de206a83df3d8659,,data/raw/insert/stage-00/results.json
insert,0,initial,13,0.7888,d4831a22ea1a0de5896ffc5bfd243534dadc73cdb0393c400989394abba5d96f,1879f11fb0fe9ae87417119626611263f39c53121c3c1e837aaa6a9fbcf64cfc,,data/raw/insert/stage-00/results.json
insert,0,initial,14,0.8041,d056d379b440183cbab98861d550068e050a7f3678f6de1bbca2f3ad53d5d3f7,50582cfe3fbd580d36ee80b3768da795a8e29940984133cd2f91ff082dae7bc3,,data/raw/insert/stage-00/results.json
insert,0,initial,15,0.8164,5d4f65b1e2d3c5baae6a8d88afd6be1ddcb7bc8b4e02578007d13471638dca35,32ff38bbaa2058aa62490aa20bacfbeab5a52b9e58b45339593217013bd41979,,data/raw/insert/stage-00/results.json
insert,0,initial,16,0.8289,b9868fe2065850ebb35787321c158ad842ddaf85f4db379f5b7aeea3438e9989,a13f80e36e644a9856375680dc8d8125d9d137389be8155890890332935860e8,,data/raw/insert/stage-00/results.json
insert,0,initial,17,0.8398,5f2a7da6270074c3ac3c4955eb2f8bebb1c90e29b35debc4510b0cda02c17a5f,d06288776a0e79feebe1a8da07c06e319f10c75dfb89dfcd42392fe28147d571,,data/raw/insert/stage-00/results.json
insert,0,initial,18,0.8505,dad79d21602af331f5d69a72b4065e2ddffcee879a8db053fbe3bf2c04b1b213,2ec2150f137615312e21d835d882f7924be7fe9affcf6ceef6b3a23bc4291787,,data/raw/insert/stage-00/results.json
insert,0,initial,19,0.8589,0ac88349cbef3a78a0cac925437455966a9a502a7a959d3e23ce938a3a13aa96,0374bc421bece47cc1a1c979e2c4dd82f625e345fd2003d5c293910645383820,,data/raw/insert/stage-00/results.json
insert,0,initial,20,0.8663,9e477349764d87cfa020ccd6bbac170cc15a43e9724bba9a9212d42c5e5e7e43,950817c176c1ee0eeea4c4a64c1adb16c0c1c5047c770c012eb4971da8a2fdcf,,data/raw/insert/stage-00/results.json
insert,0,initial,21,0.874,25e136480fd6d5fcd9c98fdc5fa86aad78e0f6b8195594aade62d856dd7ee6da,2221467f48da2b7ffcb8d98923d8b18a153eb0f29f9f78843979958aee0d49e7,,data/raw/insert/stage-00/results.json
insert,0,initial,22,0.8821,09b4d62db000a6077add2c2614bbf53879ade1533a429d1ccfff058cae4f2277,b9fce8f727679829dce1c0f6b325faebb8816fd6ffb1516568ca059e76c02d74,,data/raw/insert/stage-00/results.json
insert,0,initial,23,0.8888,9db381c2274037e9bd3f2e2d1b7b359d07fc368c588954a50a115474cde368ed,32b7e7f9d66343936372395279103256f32d16472e238a3ae37d1da07db32816,,data/raw/insert/stage-00/results.json
insert,0,initial,24,0.8943,4f4d3636e74b156f6d1b6ec8195d14fb0beee7a6a1c2c92512290a2c6faab43b,b1b1281772671ca22405a72bff0ed4ae210ff4802e9fdc704a32134778437a90,,data/raw/insert/stage-00/results.json
insert,0,initial,25,0.8976,2df1316b3cf3bb278ce9943951afaa8fbc3eb2b91affc8f0e7ddbbd1b6eb5eee,28a541518e99ce72c516467baacceedc955ffe8e110e69aadfb43e4dcd50bc4f,"{""ft_false_positives"": 168813, ""ft_fp_rate"": 0.12301133030735162, ""ft_passed_total"": 1372337, ""ft_rejection_rate"": 0.7573668033058611, ""ft_true_positives"": 1203524, ""predicate_checked"": 248370, ""predicate_fp_rate"": 0.6796835366590168, ""total_neighbors"": 5656015}",data/raw/insert/stage-00/results.json
insert,0,initial,26,0.9029,5470ea2fee8d25e4e418fb074737d1e4fd9e3afcfe154ce430c484432a74ee34,a43331f8b7d966bc1b218d0ae1585b903dbed27c62ce07e8c5fa8d5abb767c54,"{""ft_false_positives"": 174810, ""ft_fp_rate"": 0.12229589716538804, ""ft_passed_total"": 1429402, ""ft_rejection_rate"": 0.7572815435065517, ""ft_true_positives"": 1254592, ""predicate_checked"": 256796, ""predicate_fp_rate"": 0.6807349024128102, ""total_neighbors"": 5889136}",data/raw/insert/stage-00/results.json
insert,0,current,10,0.7276,180099c4bddffb0acd0ea25d8b6321836beed4fe5b298226eb55170d04b16622,98e5c479acbf9cc9f427d739c9cd8cc95125f2eb72a709c57f5f200febda0b96,,data/raw/insert/stage-00/results.json
insert,0,current,11,0.752,02bca2f159b68ffa855eff3ca704bd33f87f6920c008c5dd8812a85270c79209,83eae5cc0c35a86e486520c5745707c779a9c223c891ac054b4fc1e2d89befc2,,data/raw/insert/stage-00/results.json
insert,0,current,12,0.7729,972c4429c52261dea82c2c559d0ae4d9530f794983cb093b30a4820234bbaf91,60ad42678797f49c90cd86035a7ea65f2d66a23ee3291896de206a83df3d8659,,data/raw/insert/stage-00/results.json
insert,0,current,13,0.7888,d4831a22ea1a0de5896ffc5bfd243534dadc73cdb0393c400989394abba5d96f,1879f11fb0fe9ae87417119626611263f39c53121c3c1e837aaa6a9fbcf64cfc,,data/raw/insert/stage-00/results.json
insert,0,current,14,0.8041,d056d379b440183cbab98861d550068e050a7f3678f6de1bbca2f3ad53d5d3f7,50582cfe3fbd580d36ee80b3768da795a8e29940984133cd2f91ff082dae7bc3,,data/raw/insert/stage-00/results.json
insert,0,current,15,0.8164,5d4f65b1e2d3c5baae6a8d88afd6be1ddcb7bc8b4e02578007d13471638dca35,32ff38bbaa2058aa62490aa20bacfbeab5a52b9e58b45339593217013bd41979,,data/raw/insert/stage-00/results.json
insert,0,current,16,0.8289,b9868fe2065850ebb35787321c158ad842ddaf85f4db379f5b7aeea3438e9989,a13f80e36e644a9856375680dc8d8125d9d137389be8155890890332935860e8,,data/raw/insert/stage-00/results.json
insert,0,current,17,0.8398,5f2a7da6270074c3ac3c4955eb2f8bebb1c90e29b35debc4510b0cda02c17a5f,d06288776a0e79feebe1a8da07c06e319f10c75dfb89dfcd42392fe28147d571,,data/raw/insert/stage-00/results.json
insert,0,current,18,0.8505,dad79d21602af331f5d69a72b4065e2ddffcee879a8db053fbe3bf2c04b1b213,2ec2150f137615312e21d835d882f7924be7fe9affcf6ceef6b3a23bc4291787,,data/raw/insert/stage-00/results.json
insert,0,current,19,0.8589,0ac88349cbef3a78a0cac925437455966a9a502a7a959d3e23ce938a3a13aa96,0374bc421bece47cc1a1c979e2c4dd82f625e345fd2003d5c293910645383820,,data/raw/insert/stage-00/results.json
insert,0,current,20,0.8663,9e477349764d87cfa020ccd6bbac170cc15a43e9724bba9a9212d42c5e5e7e43,950817c176c1ee0eeea4c4a64c1adb16c0c1c5047c770c012eb4971da8a2fdcf,,data/raw/insert/stage-00/results.json
insert,0,current,21,0.874,25e136480fd6d5fcd9c98fdc5fa86aad78e0f6b8195594aade62d856dd7ee6da,2221467f48da2b7ffcb8d98923d8b18a153eb0f29f9f78843979958aee0d49e7,,data/raw/insert/stage-00/results.json
insert,0,current,22,0.8821,09b4d62db000a6077add2c2614bbf53879ade1533a429d1ccfff058cae4f2277,b9fce8f727679829dce1c0f6b325faebb8816fd6ffb1516568ca059e76c02d74,,data/raw/insert/stage-00/results.json
insert,0,current,23,0.8888,9db381c2274037e9bd3f2e2d1b7b359d07fc368c588954a50a115474cde368ed,32b7e7f9d66343936372395279103256f32d16472e238a3ae37d1da07db32816,,data/raw/insert/stage-00/results.json
insert,0,current,24,0.8943,4f4d3636e74b156f6d1b6ec8195d14fb0beee7a6a1c2c92512290a2c6faab43b,b1b1281772671ca22405a72bff0ed4ae210ff4802e9fdc704a32134778437a90,,data/raw/insert/stage-00/results.json
insert,0,current,25,0.8976,2df1316b3cf3bb278ce9943951afaa8fbc3eb2b91affc8f0e7ddbbd1b6eb5eee,28a541518e99ce72c516467baacceedc955ffe8e110e69aadfb43e4dcd50bc4f,"{""ft_false_positives"": 168813, ""ft_fp_rate"": 0.12301133030735162, ""ft_passed_total"": 1372337, ""ft_rejection_rate"": 0.7573668033058611, ""ft_true_positives"": 1203524, ""predicate_checked"": 248370, ""predicate_fp_rate"": 0.6796835366590168, ""total_neighbors"": 5656015}",data/raw/insert/stage-00/results.json
insert,0,current,26,0.9029,5470ea2fee8d25e4e418fb074737d1e4fd9e3afcfe154ce430c484432a74ee34,a43331f8b7d966bc1b218d0ae1585b903dbed27c62ce07e8c5fa8d5abb767c54,"{""ft_false_positives"": 174810, ""ft_fp_rate"": 0.12229589716538804, ""ft_passed_total"": 1429402, ""ft_rejection_rate"": 0.7572815435065517, ""ft_true_positives"": 1254592, ""predicate_checked"": 256796, ""predicate_fp_rate"": 0.6807349024128102, ""total_neighbors"": 5889136}",data/raw/insert/stage-00/results.json
insert,1,initial,10,0.7276,180099c4bddffb0acd0ea25d8b6321836beed4fe5b298226eb55170d04b16622,98e5c479acbf9cc9f427d739c9cd8cc95125f2eb72a709c57f5f200febda0b96,,data/raw/insert/stage-01/results.json
insert,1,initial,11,0.752,02bca2f159b68ffa855eff3ca704bd33f87f6920c008c5dd8812a85270c79209,83eae5cc0c35a86e486520c5745707c779a9c223c891ac054b4fc1e2d89befc2,,data/raw/insert/stage-01/results.json
insert,1,initial,12,0.7729,972c4429c52261dea82c2c559d0ae4d9530f794983cb093b30a4820234bbaf91,60ad42678797f49c90cd86035a7ea65f2d66a23ee3291896de206a83df3d8659,,data/raw/insert/stage-01/results.json
insert,1,initial,13,0.7888,d4831a22ea1a0de5896ffc5bfd243534dadc73cdb0393c400989394abba5d96f,1879f11fb0fe9ae87417119626611263f39c53121c3c1e837aaa6a9fbcf64cfc,,data/raw/insert/stage-01/results.json
insert,1,initial,14,0.8041,d056d379b440183cbab98861d550068e050a7f3678f6de1bbca2f3ad53d5d3f7,50582cfe3fbd580d36ee80b3768da795a8e29940984133cd2f91ff082dae7bc3,,data/raw/insert/stage-01/results.json
insert,1,initial,15,0.8164,5d4f65b1e2d3c5baae6a8d88afd6be1ddcb7bc8b4e02578007d13471638dca35,32ff38bbaa2058aa62490aa20bacfbeab5a52b9e58b45339593217013bd41979,,data/raw/insert/stage-01/results.json
insert,1,initial,16,0.8289,b9868fe2065850ebb35787321c158ad842ddaf85f4db379f5b7aeea3438e9989,a13f80e36e644a9856375680dc8d8125d9d137389be8155890890332935860e8,,data/raw/insert/stage-01/results.json
insert,1,initial,17,0.8398,5f2a7da6270074c3ac3c4955eb2f8bebb1c90e29b35debc4510b0cda02c17a5f,d06288776a0e79feebe1a8da07c06e319f10c75dfb89dfcd42392fe28147d571,,data/raw/insert/stage-01/results.json
insert,1,initial,18,0.8505,dad79d21602af331f5d69a72b4065e2ddffcee879a8db053fbe3bf2c04b1b213,2ec2150f137615312e21d835d882f7924be7fe9affcf6ceef6b3a23bc4291787,,data/raw/insert/stage-01/results.json
insert,1,initial,19,0.8589,0ac88349cbef3a78a0cac925437455966a9a502a7a959d3e23ce938a3a13aa96,0374bc421bece47cc1a1c979e2c4dd82f625e345fd2003d5c293910645383820,,data/raw/insert/stage-01/results.json
insert,1,initial,20,0.8663,9e477349764d87cfa020ccd6bbac170cc15a43e9724bba9a9212d42c5e5e7e43,950817c176c1ee0eeea4c4a64c1adb16c0c1c5047c770c012eb4971da8a2fdcf,,data/raw/insert/stage-01/results.json
insert,1,initial,21,0.874,25e136480fd6d5fcd9c98fdc5fa86aad78e0f6b8195594aade62d856dd7ee6da,2221467f48da2b7ffcb8d98923d8b18a153eb0f29f9f78843979958aee0d49e7,,data/raw/insert/stage-01/results.json
insert,1,initial,22,0.8821,09b4d62db000a6077add2c2614bbf53879ade1533a429d1ccfff058cae4f2277,b9fce8f727679829dce1c0f6b325faebb8816fd6ffb1516568ca059e76c02d74,,data/raw/insert/stage-01/results.json
insert,1,initial,23,0.8888,9db381c2274037e9bd3f2e2d1b7b359d07fc368c588954a50a115474cde368ed,32b7e7f9d66343936372395279103256f32d16472e238a3ae37d1da07db32816,,data/raw/insert/stage-01/results.json
insert,1,initial,24,0.8943,4f4d3636e74b156f6d1b6ec8195d14fb0beee7a6a1c2c92512290a2c6faab43b,b1b1281772671ca22405a72bff0ed4ae210ff4802e9fdc704a32134778437a90,,data/raw/insert/stage-01/results.json
insert,1,initial,25,0.8976,2df1316b3cf3bb278ce9943951afaa8fbc3eb2b91affc8f0e7ddbbd1b6eb5eee,28a541518e99ce72c516467baacceedc955ffe8e110e69aadfb43e4dcd50bc4f,"{""ft_false_positives"": 168813, ""ft_fp_rate"": 0.12301133030735162, ""ft_passed_total"": 1372337, ""ft_rejection_rate"": 0.7573668033058611, ""ft_true_positives"": 1203524, ""predicate_checked"": 248370, ""predicate_fp_rate"": 0.6796835366590168, ""total_neighbors"": 5656015}",data/raw/insert/stage-01/results.json
insert,1,initial,26,0.9029,5470ea2fee8d25e4e418fb074737d1e4fd9e3afcfe154ce430c484432a74ee34,a43331f8b7d966bc1b218d0ae1585b903dbed27c62ce07e8c5fa8d5abb767c54,"{""ft_false_positives"": 174810, ""ft_fp_rate"": 0.12229589716538804, ""ft_passed_total"": 1429402, ""ft_rejection_rate"": 0.7572815435065517, ""ft_true_positives"": 1254592, ""predicate_checked"": 256796, ""predicate_fp_rate"": 0.6807349024128102, ""total_neighbors"": 5889136}",data/raw/insert/stage-01/results.json
insert,1,current,10,0.7177,ebac559cdd1f18e233105f62c8cb9af4a0c272aa564ede46e6386b5d23945951,7c3d12c3ba40be47d9e3a3ed8d46dd8bb6ecb277734670e74785dd500a247cab,,data/raw/insert/stage-01/results.json
insert,1,current,11,0.7428,3aa1b5ac11192e7b0709299155cbe775082cac73b7b1760cc2046ad95ce55e03,b924c404d758295bbd692410880ec606ce7920641ab2a023e49c3fae68960602,,data/raw/insert/stage-01/results.json
insert,1,current,12,0.758,a18a50d5119c9d6f2e8aa57ce77b3567e1dc210d3dc6791e5171562203a72258,ebe21cb81570d4eb0f1f7c850e98120ffc2ddcc72b20cb4d9879ef906c0d350f,,data/raw/insert/stage-01/results.json
insert,1,current,13,0.7769,fe6b33b4ce81309acfadb73edcdc83ab973457f5948edd837794001401260081,554926923754c8451959dc6b63711d51dabddc88f3be46981dd48bae2a4fd529,,data/raw/insert/stage-01/results.json
insert,1,current,14,0.791,4c56864f7f042572d74535a415fc50487d8639d742cab119f32f064dae9593a9,ac9e9a297d5e833e1c6ea06254247627c5b2aa0df80533de8ef11a18f8021540,,data/raw/insert/stage-01/results.json
insert,1,current,15,0.8038,3bb27062b66b720f1da19714f4582a5b6549ed41ddbb09f1bc40bc99cd73c548,3e5cea56b1178ce9deac0b6e0f519045dbebd97e67fbd05dab19bf3db1d407f1,,data/raw/insert/stage-01/results.json
insert,1,current,16,0.8192,7ba0e5964aa907929ec1ab83468cb8193b2f44cbab6a66fca3056f1924debebd,65f0e28a638d5d5715432397c9f888dd479d896435e3f6d9d33a3029ae40887b,,data/raw/insert/stage-01/results.json
insert,1,current,17,0.8289,1ea2559efe170fb0d7e728193c45a9bbcaadfa15f866e084ffb5804e8d1f986b,08b01dcd80e26e02a7481f64a2a1893e0857424e364cfa7fac71d4a811987426,,data/raw/insert/stage-01/results.json
insert,1,current,18,0.8388,90b558088bce540c086efcd0c6b24658db6f0e030f6d65eb60ba4717dc102dc5,f10af2b641467d9b7f0afabeb7f82b386d5c248349431115d969fd7f7c40318a,,data/raw/insert/stage-01/results.json
insert,1,current,19,0.8493,abe9086cfaf9aaed3bdf92ce9a27f7e9f3b793f9a8202ea249eb73b9ef4254f7,b9645f62dba7d7f577d96143baa61118d111dd40cfc842090cb65b3f080ee389,,data/raw/insert/stage-01/results.json
insert,1,current,20,0.8592,a96826d3233216d843040a8ee4ed7ef681903bc0835f2509d51201f4ac91a146,2a404aa0c60f0e911735c1312eb6cf61bc88b36109e8b94bc05309391d2e60a9,,data/raw/insert/stage-01/results.json
insert,1,current,21,0.8676,d928e8c6d6c2a13814c3b433c68ed3731b03f1c08758454f45941e0301ff26a9,f929a7847b35c701ddc3ad6dbf7786ff681f578e769119697ca3aedb65d59be7,,data/raw/insert/stage-01/results.json
insert,1,current,22,0.8756,979226071291f31da906f2244c195d1ccdc14c3fde07c07655f6c039df63b094,e6d0ef2278e84f581e819ba96c45ffa92287e6eaf224e3284b00f14e4d3d7c34,,data/raw/insert/stage-01/results.json
insert,1,current,23,0.8826,3a8269226c7688e68f7b3a2aa97e5b1b324512baa5e3c76617ec8ebeac177073,8c0c8cfae381b0e1517d91f51fd8e533e444018cc2dd9bb9826e2dbb4e60f4ed,,data/raw/insert/stage-01/results.json
insert,1,current,24,0.8875,649a86055dbffa11fed6a8b9f53e5af7c4f54258967959c209b8c3f59f906d2e,6199428017f7313c82fc1db31a7714c57a0ff1a393c2cecc92b6518a3d96ec33,,data/raw/insert/stage-01/results.json
insert,1,current,25,0.8936,84efdc11d4389122bafac388b0add30686a15cdfdddc8d12fda6d7e53bccd869,ae140b0e5e706c194e232aec05179381df74097423f3262da15e3327c799169e,,data/raw/insert/stage-01/results.json
insert,1,current,26,0.8989,9c0c476096a34e76bc7758f8f3c05c3382cac6cec57162122379d0a5995b106c,332917215b5a03c04c82074d0195fffa828939d678461629fee7853d23426e24,"{""ft_false_positives"": 174626, ""ft_fp_rate"": 0.1233749396817457, ""ft_passed_total"": 1415409, ""ft_rejection_rate"": 0.7587577175223208, ""ft_true_positives"": 1240783, ""predicate_checked"": 257741, ""predicate_fp_rate"": 0.6775251124190563, ""total_neighbors"": 5867168}",data/raw/insert/stage-01/results.json
insert,1,current,27,0.9038,ee0f83a77087323a96d7ef035e725690aa0fa248d8df36b8ee86c5015323c935,5facb7c5e14393c3a444260d6137d17081a28727da42793c038af911d6dc053c,"{""ft_false_positives"": 180989, ""ft_fp_rate"": 0.12268394559280282, ""ft_passed_total"": 1475246, ""ft_rejection_rate"": 0.7588025653241758, ""ft_true_positives"": 1294257, ""predicate_checked"": 266653, ""predicate_fp_rate"": 0.6787435356061998, ""total_neighbors"": 6116342}",data/raw/insert/stage-01/results.json
insert,2,initial,10,0.7276,180099c4bddffb0acd0ea25d8b6321836beed4fe5b298226eb55170d04b16622,98e5c479acbf9cc9f427d739c9cd8cc95125f2eb72a709c57f5f200febda0b96,,data/raw/insert/stage-02/results.json
insert,2,initial,11,0.752,02bca2f159b68ffa855eff3ca704bd33f87f6920c008c5dd8812a85270c79209,83eae5cc0c35a86e486520c5745707c779a9c223c891ac054b4fc1e2d89befc2,,data/raw/insert/stage-02/results.json
insert,2,initial,12,0.7729,972c4429c52261dea82c2c559d0ae4d9530f794983cb093b30a4820234bbaf91,60ad42678797f49c90cd86035a7ea65f2d66a23ee3291896de206a83df3d8659,,data/raw/insert/stage-02/results.json
insert,2,initial,13,0.7888,d4831a22ea1a0de5896ffc5bfd243534dadc73cdb0393c400989394abba5d96f,1879f11fb0fe9ae87417119626611263f39c53121c3c1e837aaa6a9fbcf64cfc,,data/raw/insert/stage-02/results.json
insert,2,initial,14,0.8041,d056d379b440183cbab98861d550068e050a7f3678f6de1bbca2f3ad53d5d3f7,50582cfe3fbd580d36ee80b3768da795a8e29940984133cd2f91ff082dae7bc3,,data/raw/insert/stage-02/results.json
insert,2,initial,15,0.8164,5d4f65b1e2d3c5baae6a8d88afd6be1ddcb7bc8b4e02578007d13471638dca35,32ff38bbaa2058aa62490aa20bacfbeab5a52b9e58b45339593217013bd41979,,data/raw/insert/stage-02/results.json
insert,2,initial,16,0.8289,b9868fe2065850ebb35787321c158ad842ddaf85f4db379f5b7aeea3438e9989,a13f80e36e644a9856375680dc8d8125d9d137389be8155890890332935860e8,,data/raw/insert/stage-02/results.json
insert,2,initial,17,0.8398,5f2a7da6270074c3ac3c4955eb2f8bebb1c90e29b35debc4510b0cda02c17a5f,d06288776a0e79feebe1a8da07c06e319f10c75dfb89dfcd42392fe28147d571,,data/raw/insert/stage-02/results.json
insert,2,initial,18,0.8505,dad79d21602af331f5d69a72b4065e2ddffcee879a8db053fbe3bf2c04b1b213,2ec2150f137615312e21d835d882f7924be7fe9affcf6ceef6b3a23bc4291787,,data/raw/insert/stage-02/results.json
insert,2,initial,19,0.8589,0ac88349cbef3a78a0cac925437455966a9a502a7a959d3e23ce938a3a13aa96,0374bc421bece47cc1a1c979e2c4dd82f625e345fd2003d5c293910645383820,,data/raw/insert/stage-02/results.json
insert,2,initial,20,0.8663,9e477349764d87cfa020ccd6bbac170cc15a43e9724bba9a9212d42c5e5e7e43,950817c176c1ee0eeea4c4a64c1adb16c0c1c5047c770c012eb4971da8a2fdcf,,data/raw/insert/stage-02/results.json
insert,2,initial,21,0.874,25e136480fd6d5fcd9c98fdc5fa86aad78e0f6b8195594aade62d856dd7ee6da,2221467f48da2b7ffcb8d98923d8b18a153eb0f29f9f78843979958aee0d49e7,,data/raw/insert/stage-02/results.json
insert,2,initial,22,0.8821,09b4d62db000a6077add2c2614bbf53879ade1533a429d1ccfff058cae4f2277,b9fce8f727679829dce1c0f6b325faebb8816fd6ffb1516568ca059e76c02d74,,data/raw/insert/stage-02/results.json
insert,2,initial,23,0.8888,9db381c2274037e9bd3f2e2d1b7b359d07fc368c588954a50a115474cde368ed,32b7e7f9d66343936372395279103256f32d16472e238a3ae37d1da07db32816,,data/raw/insert/stage-02/results.json
insert,2,initial,24,0.8943,4f4d3636e74b156f6d1b6ec8195d14fb0beee7a6a1c2c92512290a2c6faab43b,b1b1281772671ca22405a72bff0ed4ae210ff4802e9fdc704a32134778437a90,,data/raw/insert/stage-02/results.json
insert,2,initial,25,0.8976,2df1316b3cf3bb278ce9943951afaa8fbc3eb2b91affc8f0e7ddbbd1b6eb5eee,28a541518e99ce72c516467baacceedc955ffe8e110e69aadfb43e4dcd50bc4f,"{""ft_false_positives"": 168813, ""ft_fp_rate"": 0.12301133030735162, ""ft_passed_total"": 1372337, ""ft_rejection_rate"": 0.7573668033058611, ""ft_true_positives"": 1203524, ""predicate_checked"": 248370, ""predicate_fp_rate"": 0.6796835366590168, ""total_neighbors"": 5656015}",data/raw/insert/stage-02/results.json
insert,2,initial,26,0.9029,5470ea2fee8d25e4e418fb074737d1e4fd9e3afcfe154ce430c484432a74ee34,a43331f8b7d966bc1b218d0ae1585b903dbed27c62ce07e8c5fa8d5abb767c54,"{""ft_false_positives"": 174810, ""ft_fp_rate"": 0.12229589716538804, ""ft_passed_total"": 1429402, ""ft_rejection_rate"": 0.7572815435065517, ""ft_true_positives"": 1254592, ""predicate_checked"": 256796, ""predicate_fp_rate"": 0.6807349024128102, ""total_neighbors"": 5889136}",data/raw/insert/stage-02/results.json
insert,2,current,10,0.7055,de950d3dc777614223ef8a1739d328211d403368aa854a01ed9a920e38943813,22bec8a07f51ea5d8d3262b2198d77a6006fe39355440386cb14fc1f3da2c472,,data/raw/insert/stage-02/results.json
insert,2,current,11,0.7314,d7721ab73795903c30812d5bb66322434234ae6eeb3498722db67706ffd617b2,fb5df11c90305b31f1e79b77944072aaf0a9eb603924f8141f20b77649c62cf8,,data/raw/insert/stage-02/results.json
insert,2,current,12,0.7491,c78e330e8bee4893390a1e28db0ec42ff87ee917e4474fdc75b45f12244a6ab3,e1f7fb052f81fce919723cdcdc9911d18ba92dbd6c584eea5cbfc0b3b03f5421,,data/raw/insert/stage-02/results.json
insert,2,current,13,0.7666,d480ee66d7c2429065540581dad9a36b4422d452980defbba2bcf83db2992cbf,b61f877145d744d662b4a76f9941fbf9df190acbfe2f3c9445e4a0527d81749b,,data/raw/insert/stage-02/results.json
insert,2,current,14,0.7834,b1839dc04284f37e79b52f644369f899c9ced9064368a76d6127f3fb4db65b7a,e4dc7ea77a545d1f1c4d7f7c54b484022a7891eab5db51f5b88aa053d6a7d25f,,data/raw/insert/stage-02/results.json
insert,2,current,15,0.7972,7d2da14d6c853b92f4f6341687db32ede5259640b0b39f66e47edc737d6b3640,04092968d600a0cd230cf7ffcb940269f76642f6c9d1741d128de33ab20cec6f,,data/raw/insert/stage-02/results.json
insert,2,current,16,0.8094,71a7a6ddab89468ed94587cf209b3183f7933872c16bdf0439fe2b4f7eb23361,25084c0bd2b2b130a1f2f4f5595bf2f7f9e0c849e56372bd3fd5011d5c74176a,,data/raw/insert/stage-02/results.json
insert,2,current,17,0.8217,5d8d3918c28c2bd350dbc1db4c0fb13a6c93902551f723e90320b348dd2c3128,70171a968ce27ea7f865d9554f74c052ae4c016bb7ab1bfa72e8dff6d2abacae,,data/raw/insert/stage-02/results.json
insert,2,current,18,0.8339,2dd6c184c6ea2d0ffcbd2f710909692c2e0fc15d435b2ab881d0c6d0893879da,3095247918e6be22597269cfbb199e5789d995132352c64898b804e71f5e95a2,,data/raw/insert/stage-02/results.json
insert,2,current,19,0.8432,7351a80443f0c0b7ab019e25ae63cc7a0bbbd78dc44c0b4bba05de8fb2302a92,f024818af114ae10bd2569091a70bfbf7c920acc96839c794b9c4c6ea43ddb65,,data/raw/insert/stage-02/results.json
insert,2,current,20,0.8523,938e9b6c5fefae74faa83c809d513967eaa327e84518feb9000995eae560f870,51625f86b79022d9f80545941439efcaf74b22fa701155f292a8f9a4e90562f0,,data/raw/insert/stage-02/results.json
insert,2,current,21,0.8604,d87bfb244ca16719369ca4fe732f827d84baecb8b0c235c46e62ea5784f35d71,83e9d5d913d4c0886c4a039255f4ad6b2eb8e3e543a0d90981e290eee267e24b,,data/raw/insert/stage-02/results.json
insert,2,current,22,0.8662,9bfa1b16a07ce247336f7c3bcccaba7ef003730f68a51960c0a58bb2272bebd3,f0ce70c2ff4b50851ad8113fcb893e97c441f8d8e2c03098a88aff920ae3e9e5,,data/raw/insert/stage-02/results.json
insert,2,current,23,0.8736,9f8f4277da7ee2c00875ae05e487eccc3b87de0a802e533675a5c75bd58f014f,aa0084bf3d463c50263444fe2bf617c02dab64f7663a6bac374a97d0b4ed4073,,data/raw/insert/stage-02/results.json
insert,2,current,24,0.8796,2760c6c988ddd5f3f71ad0a1f31aeccb91548cc79c49e4363a6bbeac15819dba,bb1857d6e10e685017d9e4ac362bc031efbc67f71f0bfedf7aaf7e6c210b5027,,data/raw/insert/stage-02/results.json
insert,2,current,25,0.8861,a2afba73b71fe8c33d0daef1addc58138ab7d8fd0d1c07c2ba36fff66db3ed04,99d9ebade598fce56017296a2004f5d08fe85ac0897d99afbc9cfc4b1eddb2a1,,data/raw/insert/stage-02/results.json
insert,2,current,26,0.8909,d4ce376fc3b46a4ca76bd49f87a9df72342187008c25ece521f45b7196e6047e,78b95762ea4c885f844db92e6a27cd27cc465cbbede2edd92bfc5a5ce0413370,,data/raw/insert/stage-02/results.json
insert,2,current,27,0.8965,273df437da76f5985d2d9756a87e78267cb7e4be1d0019cacf3b3a67f06468d6,1e59782fcef5badc01d27de5670b087023fcfa5b069e2037e8715e0717f9120f,"{""ft_false_positives"": 178968, ""ft_fp_rate"": 0.1221738824722858, ""ft_passed_total"": 1464863, ""ft_rejection_rate"": 0.7592352200976693, ""ft_true_positives"": 1285895, ""predicate_checked"": 264656, ""predicate_fp_rate"": 0.6762287648872498, ""total_neighbors"": 6084208}",data/raw/insert/stage-02/results.json
insert,2,current,28,0.9015,859fb2befae2aa62ea111d1a8cfdc5d5e312029e894b54d87416889db9f5da14,7c9159fe58d96846742c8dee9ea9b7972e6b55696a7ebb34bdfff46138675af4,"{""ft_false_positives"": 185059, ""ft_fp_rate"": 0.12151686116298555, ""ft_passed_total"": 1522908, ""ft_rejection_rate"": 0.7592394859713353, ""ft_true_positives"": 1337849, ""predicate_checked"": 273209, ""predicate_fp_rate"": 0.6773532350691229, ""total_neighbors"": 6325406}",data/raw/insert/stage-02/results.json
insert,3,initial,10,0.7276,180099c4bddffb0acd0ea25d8b6321836beed4fe5b298226eb55170d04b16622,98e5c479acbf9cc9f427d739c9cd8cc95125f2eb72a709c57f5f200febda0b96,,data/raw/insert/stage-03/results.json
insert,3,initial,11,0.752,02bca2f159b68ffa855eff3ca704bd33f87f6920c008c5dd8812a85270c79209,83eae5cc0c35a86e486520c5745707c779a9c223c891ac054b4fc1e2d89befc2,,data/raw/insert/stage-03/results.json
insert,3,initial,12,0.7729,972c4429c52261dea82c2c559d0ae4d9530f794983cb093b30a4820234bbaf91,60ad42678797f49c90cd86035a7ea65f2d66a23ee3291896de206a83df3d8659,,data/raw/insert/stage-03/results.json
insert,3,initial,13,0.7888,d4831a22ea1a0de5896ffc5bfd243534dadc73cdb0393c400989394abba5d96f,1879f11fb0fe9ae87417119626611263f39c53121c3c1e837aaa6a9fbcf64cfc,,data/raw/insert/stage-03/results.json
insert,3,initial,14,0.8041,d056d379b440183cbab98861d550068e050a7f3678f6de1bbca2f3ad53d5d3f7,50582cfe3fbd580d36ee80b3768da795a8e29940984133cd2f91ff082dae7bc3,,data/raw/insert/stage-03/results.json
insert,3,initial,15,0.8164,5d4f65b1e2d3c5baae6a8d88afd6be1ddcb7bc8b4e02578007d13471638dca35,32ff38bbaa2058aa62490aa20bacfbeab5a52b9e58b45339593217013bd41979,,data/raw/insert/stage-03/results.json
insert,3,initial,16,0.8289,b9868fe2065850ebb35787321c158ad842ddaf85f4db379f5b7aeea3438e9989,a13f80e36e644a9856375680dc8d8125d9d137389be8155890890332935860e8,,data/raw/insert/stage-03/results.json
insert,3,initial,17,0.8398,5f2a7da6270074c3ac3c4955eb2f8bebb1c90e29b35debc4510b0cda02c17a5f,d06288776a0e79feebe1a8da07c06e319f10c75dfb89dfcd42392fe28147d571,,data/raw/insert/stage-03/results.json
insert,3,initial,18,0.8505,dad79d21602af331f5d69a72b4065e2ddffcee879a8db053fbe3bf2c04b1b213,2ec2150f137615312e21d835d882f7924be7fe9affcf6ceef6b3a23bc4291787,,data/raw/insert/stage-03/results.json
insert,3,initial,19,0.8589,0ac88349cbef3a78a0cac925437455966a9a502a7a959d3e23ce938a3a13aa96,0374bc421bece47cc1a1c979e2c4dd82f625e345fd2003d5c293910645383820,,data/raw/insert/stage-03/results.json
insert,3,initial,20,0.8663,9e477349764d87cfa020ccd6bbac170cc15a43e9724bba9a9212d42c5e5e7e43,950817c176c1ee0eeea4c4a64c1adb16c0c1c5047c770c012eb4971da8a2fdcf,,data/raw/insert/stage-03/results.json
insert,3,initial,21,0.874,25e136480fd6d5fcd9c98fdc5fa86aad78e0f6b8195594aade62d856dd7ee6da,2221467f48da2b7ffcb8d98923d8b18a153eb0f29f9f78843979958aee0d49e7,,data/raw/insert/stage-03/results.json
insert,3,initial,22,0.8821,09b4d62db000a6077add2c2614bbf53879ade1533a429d1ccfff058cae4f2277,b9fce8f727679829dce1c0f6b325faebb8816fd6ffb1516568ca059e76c02d74,,data/raw/insert/stage-03/results.json
insert,3,initial,23,0.8888,9db381c2274037e9bd3f2e2d1b7b359d07fc368c588954a50a115474cde368ed,32b7e7f9d66343936372395279103256f32d16472e238a3ae37d1da07db32816,,data/raw/insert/stage-03/results.json
insert,3,initial,24,0.8943,4f4d3636e74b156f6d1b6ec8195d14fb0beee7a6a1c2c92512290a2c6faab43b,b1b1281772671ca22405a72bff0ed4ae210ff4802e9fdc704a32134778437a90,,data/raw/insert/stage-03/results.json
insert,3,initial,25,0.8976,2df1316b3cf3bb278ce9943951afaa8fbc3eb2b91affc8f0e7ddbbd1b6eb5eee,28a541518e99ce72c516467baacceedc955ffe8e110e69aadfb43e4dcd50bc4f,"{""ft_false_positives"": 168813, ""ft_fp_rate"": 0.12301133030735162, ""ft_passed_total"": 1372337, ""ft_rejection_rate"": 0.7573668033058611, ""ft_true_positives"": 1203524, ""predicate_checked"": 248370, ""predicate_fp_rate"": 0.6796835366590168, ""total_neighbors"": 5656015}",data/raw/insert/stage-03/results.json
insert,3,initial,26,0.9029,5470ea2fee8d25e4e418fb074737d1e4fd9e3afcfe154ce430c484432a74ee34,a43331f8b7d966bc1b218d0ae1585b903dbed27c62ce07e8c5fa8d5abb767c54,"{""ft_false_positives"": 174810, ""ft_fp_rate"": 0.12229589716538804, ""ft_passed_total"": 1429402, ""ft_rejection_rate"": 0.7572815435065517, ""ft_true_positives"": 1254592, ""predicate_checked"": 256796, ""predicate_fp_rate"": 0.6807349024128102, ""total_neighbors"": 5889136}",data/raw/insert/stage-03/results.json
insert,3,current,10,0.6998,e80b0286c8460cc3fa714faa0d113619f1a2163babe9cb72b77f7c5e80f76c43,fa2710c5d76d9ac27b71e689442b8cc66c15e0728f69ce0893fe98d71aa47ddc,,data/raw/insert/stage-03/results.json
insert,3,current,11,0.7218,927eab652b40f1fb4b7dec9d1ffa2a51a5a53b609ff0b3526c1ea8d247ce39ee,86c8d32443788442ba5e25321c55acae4471f7c44f1b18cfb7bed906e338a8ee,,data/raw/insert/stage-03/results.json
insert,3,current,12,0.742,66e525aa921a88b4431ac2b95b69957e19d6689574fbd0d5a62150bdc2914d35,6498ac07925d64819608c4632c9c1e89e117a8c230a220a1011982e8f0ecdd6d,,data/raw/insert/stage-03/results.json
insert,3,current,13,0.7604,f6c9c19427f6d4e525446c65c7c3cb8debdd4a1633ac8edf70e53ded4da6f4d3,59906f6cdbb56659abfa321a7641f4e66a929acf32ed82a339618ff390557c02,,data/raw/insert/stage-03/results.json
insert,3,current,14,0.7756,8784fb83ed3eccb6c0a04a0a135ffdcab2fdd4369e8a0d6d54b66b1b7b2339f2,bd4924c4efbf9d43294691310a5e7c063165864c4f13e2a240638049b6645ba9,,data/raw/insert/stage-03/results.json
insert,3,current,15,0.7905,7e1ea23aea8ecf8308130d78af5138aec0b12ea10c3f12f519c891b956e1620c,10fd96029608726762fffe37233e828357e9f95ffde43775cd33b1e171ddb1f7,,data/raw/insert/stage-03/results.json
insert,3,current,16,0.8047,e86edd4ec12999b653482e0e387c51865d0c8e60a40b647dbcb17c72e2a00229,67c41022dd304173615d03137714be4c137b31e8ebbf3b705030a81523acdbf5,,data/raw/insert/stage-03/results.json
insert,3,current,17,0.8156,73100d839ed4af3b9d32de11403381ae876e57a90380426cfcd3e200ec1e5323,b5e9a795f9583b65b58e5f356420d45e9434d897c56da56455602e97c8eda52b,,data/raw/insert/stage-03/results.json
insert,3,current,18,0.8287,b0ef6999bda3cd9cb44261db97b1a36776241a9eafd7a33250f6efa9b50c760b,d5da6b2285bb8f77e6da70596a14e53317525e3738cdf5d57f76c2258332fbf3,,data/raw/insert/stage-03/results.json
insert,3,current,19,0.8386,06b80e566d14c21854d3b626f1e2c328f91b442f121358120a4145153b1235dd,bd4f95523d636a5621f9a36356ebcb4e1a4f0f7cbf2e30f7aa800b0dd7e2b96c,,data/raw/insert/stage-03/results.json
insert,3,current,20,0.8475,1350ebcd7b84017cd2e7779856906605c42c060472ef6dabbdb7e79a88504e7a,c05ed3fc5eaa4c3f380ae764c8f0aa5de4c2d55bc2ed45df57a41a5b5ca3b952,,data/raw/insert/stage-03/results.json
insert,3,current,21,0.8561,6509f18dcf6ce252e14e7f6bc010ab8beb10b84fef7216cf9b110adfde45c447,ae9611f4a3c77e23ffd1d1dba8b465601cd869a1e2e44b2b1ee5220dcbac3d69,,data/raw/insert/stage-03/results.json
insert,3,current,22,0.8634,b0180d6ada3d5ec309833b171fab7f8e6c198faef8262949f86fbdc6be222fb2,3e16e8451bc9e34238cdf0ef26a23e9d662c73dcbff876cf2351597fcba6075c,,data/raw/insert/stage-03/results.json
insert,3,current,23,0.869,d5c66de71f08e3038cf229a6aece106fd10f57a5f39c5d970da7674ee0ac98f5,2230707e28d5e62a3380e394f1c20fadfd5877758cc5ff5708aefcf162a17ea2,,data/raw/insert/stage-03/results.json
insert,3,current,24,0.875,ac6b226fb6f484c0867a9c24dd16d97609fe4f79714a126dc61e66dbfde4c9cf,87a1831b23b3f76127b149af2253ed884575c4a638fd11a010990ed582a6c6ea,,data/raw/insert/stage-03/results.json
insert,3,current,25,0.8803,8d8933e7d0621afaa2b22bc5021791e9bc4a6087e48ed6974ea9fb227249952c,aecc9feb121e0e396f8aa443a71560935c4361aea0c438e339606fe194bd48d0,,data/raw/insert/stage-03/results.json
insert,3,current,26,0.8864,da06a56be1247fb583b08a3d3b23b7b1b2b0528f56a412bdb969338b88daad55,f861a4b4c11db3d1b4e041fa9bca6cf294c22d3c8c47bb21c29ec329138d4995,,data/raw/insert/stage-03/results.json
insert,3,current,27,0.8916,3d97275ca5eca4ee0a5a1351179ce7d59219f226451a949a8f61f9730e5b4abd,e88cdeb07d0aa06398ded55ab7a561a22295dd52dc5690b5a34d212ba1ddf2a9,,data/raw/insert/stage-03/results.json
insert,3,current,28,0.8972,588812803ba650f1ad1c38db15979863397540eeeb4fbc21f62215b38c41c444,b858000d20fbd1eaeab85beb6ab77c5ecc970f8db4a93ce6e47674c6433db8eb,"{""ft_false_positives"": 184386, ""ft_fp_rate"": 0.12148609063128807, ""ft_passed_total"": 1517754, ""ft_rejection_rate"": 0.7598602596872456, ""ft_true_positives"": 1333368, ""predicate_checked"": 272570, ""predicate_fp_rate"": 0.6764720989103716, ""total_neighbors"": 6320295}",data/raw/insert/stage-03/results.json
insert,3,current,29,0.9028,6ca4b3a376efa0c62163ce0b01137aa1710dd942d1a11ec9e708404eb0ec8bc3,d6151fb02bc844728c3e42e1847f3284d3240f6df71d83122c66144075d973ed,"{""ft_false_positives"": 190614, ""ft_fp_rate"": 0.12074815280297578, ""ft_passed_total"": 1578608, ""ft_rejection_rate"": 0.7598531073962008, ""ft_true_positives"": 1387994, ""predicate_checked"": 281400, ""predicate_fp_rate"": 0.6773773987206823, ""total_neighbors"": 6573510}",data/raw/insert/stage-03/results.json
insert,4,initial,10,0.7276,180099c4bddffb0acd0ea25d8b6321836beed4fe5b298226eb55170d04b16622,98e5c479acbf9cc9f427d739c9cd8cc95125f2eb72a709c57f5f200febda0b96,,data/raw/insert/stage-04/results.json
insert,4,initial,11,0.752,02bca2f159b68ffa855eff3ca704bd33f87f6920c008c5dd8812a85270c79209,83eae5cc0c35a86e486520c5745707c779a9c223c891ac054b4fc1e2d89befc2,,data/raw/insert/stage-04/results.json
insert,4,initial,12,0.7729,972c4429c52261dea82c2c559d0ae4d9530f794983cb093b30a4820234bbaf91,60ad42678797f49c90cd86035a7ea65f2d66a23ee3291896de206a83df3d8659,,data/raw/insert/stage-04/results.json
insert,4,initial,13,0.7888,d4831a22ea1a0de5896ffc5bfd243534dadc73cdb0393c400989394abba5d96f,1879f11fb0fe9ae87417119626611263f39c53121c3c1e837aaa6a9fbcf64cfc,,data/raw/insert/stage-04/results.json
insert,4,initial,14,0.8041,d056d379b440183cbab98861d550068e050a7f3678f6de1bbca2f3ad53d5d3f7,50582cfe3fbd580d36ee80b3768da795a8e29940984133cd2f91ff082dae7bc3,,data/raw/insert/stage-04/results.json
insert,4,initial,15,0.8164,5d4f65b1e2d3c5baae6a8d88afd6be1ddcb7bc8b4e02578007d13471638dca35,32ff38bbaa2058aa62490aa20bacfbeab5a52b9e58b45339593217013bd41979,,data/raw/insert/stage-04/results.json
insert,4,initial,16,0.8289,b9868fe2065850ebb35787321c158ad842ddaf85f4db379f5b7aeea3438e9989,a13f80e36e644a9856375680dc8d8125d9d137389be8155890890332935860e8,,data/raw/insert/stage-04/results.json
insert,4,initial,17,0.8398,5f2a7da6270074c3ac3c4955eb2f8bebb1c90e29b35debc4510b0cda02c17a5f,d06288776a0e79feebe1a8da07c06e319f10c75dfb89dfcd42392fe28147d571,,data/raw/insert/stage-04/results.json
insert,4,initial,18,0.8505,dad79d21602af331f5d69a72b4065e2ddffcee879a8db053fbe3bf2c04b1b213,2ec2150f137615312e21d835d882f7924be7fe9affcf6ceef6b3a23bc4291787,,data/raw/insert/stage-04/results.json
insert,4,initial,19,0.8589,0ac88349cbef3a78a0cac925437455966a9a502a7a959d3e23ce938a3a13aa96,0374bc421bece47cc1a1c979e2c4dd82f625e345fd2003d5c293910645383820,,data/raw/insert/stage-04/results.json
insert,4,initial,20,0.8663,9e477349764d87cfa020ccd6bbac170cc15a43e9724bba9a9212d42c5e5e7e43,950817c176c1ee0eeea4c4a64c1adb16c0c1c5047c770c012eb4971da8a2fdcf,,data/raw/insert/stage-04/results.json
insert,4,initial,21,0.874,25e136480fd6d5fcd9c98fdc5fa86aad78e0f6b8195594aade62d856dd7ee6da,2221467f48da2b7ffcb8d98923d8b18a153eb0f29f9f78843979958aee0d49e7,,data/raw/insert/stage-04/results.json
insert,4,initial,22,0.8821,09b4d62db000a6077add2c2614bbf53879ade1533a429d1ccfff058cae4f2277,b9fce8f727679829dce1c0f6b325faebb8816fd6ffb1516568ca059e76c02d74,,data/raw/insert/stage-04/results.json
insert,4,initial,23,0.8888,9db381c2274037e9bd3f2e2d1b7b359d07fc368c588954a50a115474cde368ed,32b7e7f9d66343936372395279103256f32d16472e238a3ae37d1da07db32816,,data/raw/insert/stage-04/results.json
insert,4,initial,24,0.8943,4f4d3636e74b156f6d1b6ec8195d14fb0beee7a6a1c2c92512290a2c6faab43b,b1b1281772671ca22405a72bff0ed4ae210ff4802e9fdc704a32134778437a90,,data/raw/insert/stage-04/results.json
insert,4,initial,25,0.8976,2df1316b3cf3bb278ce9943951afaa8fbc3eb2b91affc8f0e7ddbbd1b6eb5eee,28a541518e99ce72c516467baacceedc955ffe8e110e69aadfb43e4dcd50bc4f,"{""ft_false_positives"": 168813, ""ft_fp_rate"": 0.12301133030735162, ""ft_passed_total"": 1372337, ""ft_rejection_rate"": 0.7573668033058611, ""ft_true_positives"": 1203524, ""predicate_checked"": 248370, ""predicate_fp_rate"": 0.6796835366590168, ""total_neighbors"": 5656015}",data/raw/insert/stage-04/results.json
insert,4,initial,26,0.9029,5470ea2fee8d25e4e418fb074737d1e4fd9e3afcfe154ce430c484432a74ee34,a43331f8b7d966bc1b218d0ae1585b903dbed27c62ce07e8c5fa8d5abb767c54,"{""ft_false_positives"": 174810, ""ft_fp_rate"": 0.12229589716538804, ""ft_passed_total"": 1429402, ""ft_rejection_rate"": 0.7572815435065517, ""ft_true_positives"": 1254592, ""predicate_checked"": 256796, ""predicate_fp_rate"": 0.6807349024128102, ""total_neighbors"": 5889136}",data/raw/insert/stage-04/results.json
insert,4,current,10,0.7091,d05c2a098324b848aefc5e46d72b1ad56c0b506f48b191dde646adc3f637e021,cb3859b17edb66d3dc621135d7eee38729948070fa6aca6a2a0af81703989a9b,,data/raw/insert/stage-04/results.json
insert,4,current,11,0.7281,d7be91e181f4a6d4fb3d6ef48af55c33e78ee124df1af0a271d9a01a448daa61,f6cca213aefe104308239ca839c19936f813652881bd142065d7632487254dea,,data/raw/insert/stage-04/results.json
insert,4,current,12,0.7497,745370e546eab5341f97f1634975e72d74eb914e63b0ed00aa9d55ad6dd8d3a6,cb97c2af8ed1bcce0193e85ccfb664bdb8b4b86b961b1268e701f4b76a36dd8f,,data/raw/insert/stage-04/results.json
insert,4,current,13,0.7673,d1349d767d5431246876efc14f5afa25e15610d1800f78c97dbb5df8c263af30,019b1b7680532200910159697e61352ca3edd189501a9f5f96a7348307c4cc7e,,data/raw/insert/stage-04/results.json
insert,4,current,14,0.7794,431253164af47b064d9a1e5b17986438f39486a854095c42ed63ec712a23254e,4679d39edf4c0df525b08703ceaf4dce29937783e689b7bdb1aacddde982d050,,data/raw/insert/stage-04/results.json
insert,4,current,15,0.7937,7b5c4a96ac209b3c60efae3eedf80b9ccd4ba96555e3aae85572bc0f2844cc08,f489ade85eac93e4f2df047c4309448e672a261a701d09f141f127695312513d,,data/raw/insert/stage-04/results.json
insert,4,current,16,0.8062,7ba8c51f36137185452079c08394ff7d3928e1e176e19c2b6ee70c75f9bd9f61,24630bedbeb2e427af4391fe5a5ed287fbd933592610d25f231152bdceefd781,,data/raw/insert/stage-04/results.json
insert,4,current,17,0.8177,0536d362bad6669489f06af007de2bf8fdf21b4562e3cc26d25b2d531c123d4e,687e202967dda931c854560d0ee8b0f1d17b720e4ad53a5ec1c278e76c218caa,,data/raw/insert/stage-04/results.json
insert,4,current,18,0.8286,e3287eff6ed1b8325cf1221dbbcfd392047750eb4d0bd050c117ac31d61c7c5c,1efa279512ed192de372edcce983af67034ebd31bc5ea3435d3c9c3882b6ed4e,,data/raw/insert/stage-04/results.json
insert,4,current,19,0.8389,82e525526e4809c3cad5e2651578a2b7d5efa0fc22daac4b8c1db34b17a03759,adf2f0648d254132749163f82cb258fe63eb545d3810e0912382de923b0da9d9,,data/raw/insert/stage-04/results.json
insert,4,current,20,0.8484,0c9615d45483f4c8492bd6dc967d0c28d6a95ce5aa61b408e939605dd6555621,bdde4bc83c9f59feecd6e35182458101c4778c8368a0158b18b82c77b9f8768a,,data/raw/insert/stage-04/results.json
insert,4,current,21,0.8554,16380cbef69110b77984ac433d1df11554906c149cf01d049d74e4c7b74c31f4,17af85aed929e1ba357ce6b07efff884f509dc9f0676d2ca9f35d5231b280c96,,data/raw/insert/stage-04/results.json
insert,4,current,22,0.863,6d9863106118596bf80247161b2c22cfbd73f0dabe405dac217956b3cd26965a,eedbe6d85290dc5e70de7eacb1179d3e6f65aed34e0a922394ddb063500f8c55,,data/raw/insert/stage-04/results.json
insert,4,current,23,0.8715,1d5a2b4e6b02b05cf4163f5d2d9ea71257415f1856d8d6ed452c9cfc773e3c03,33edd01e94917e0cf07bb4696a519adbc7f8fa4c365cb07a2de1eb2d3311dec6,,data/raw/insert/stage-04/results.json
insert,4,current,24,0.8773,8c3dcef030c63abfd72cb966767b4a086c000e0fa8d35d0ec943cc50ad80f87f,c96fd7586efe7e7c531885becfad6f292ce677130f3b187ae371dfa89cc99d15,,data/raw/insert/stage-04/results.json
insert,4,current,25,0.8825,0d750ec57e6ae22423102eef8d6f4d0ccaa846272592de4a67deb4f8b5080f1c,c85e7e0d1a28e6e53b7499807dc6f9189192ccc886b40c726f0eedd8bfe20a76,,data/raw/insert/stage-04/results.json
insert,4,current,26,0.8868,1471930e3cc65312cb548d20cd6fc19bff7a3cfcd2453292d6dcadfd04847273,2e11af2d7209eb1546b55faf27502aaab3720cce551c3f87fa5bfb1acb5eac6d,,data/raw/insert/stage-04/results.json
insert,4,current,27,0.8908,d71182f0b2e5ccc1722cea476888c2fc50335ad9d8a40549ca257c7ed70af696,91b57510d201e48cbe77433ee517513598b9321b74926a4aeb6e973f1894caa7,,data/raw/insert/stage-04/results.json
insert,4,current,28,0.8964,56208dce38c12f0efdb2a290bf04418bc54afa6adc2652f00deb7a0e9547ca81,5295226e15f620c3d5736f3b05da29cb6723989210e66779419082943bcb47c3,"{""ft_false_positives"": 184597, ""ft_fp_rate"": 0.12233384428093237, ""ft_passed_total"": 1508961, ""ft_rejection_rate"": 0.7598581646514814, ""ft_true_positives"": 1324364, ""predicate_checked"": 273445, ""predicate_fp_rate"": 0.675079083545137, ""total_neighbors"": 6283624}",data/raw/insert/stage-04/results.json
insert,4,current,29,0.9005,1d36d51cb70180dd84ff47c58d626607aa8a65a41401dccb2ac315f3e385af9b,ef56ad958d1f6a6e2698f8474f38e72be7a6259ee676d44147f843ba59d68e48,"{""ft_false_positives"": 190478, ""ft_fp_rate"": 0.12176961596267602, ""ft_passed_total"": 1564249, ""ft_rejection_rate"": 0.7598762423543733, ""ft_true_positives"": 1373771, ""predicate_checked"": 281822, ""predicate_fp_rate"": 0.6758805203284343, ""total_neighbors"": 6514345}",data/raw/insert/stage-04/results.json
insert,5,initial,10,0.7276,180099c4bddffb0acd0ea25d8b6321836beed4fe5b298226eb55170d04b16622,98e5c479acbf9cc9f427d739c9cd8cc95125f2eb72a709c57f5f200febda0b96,,data/raw/insert/stage-05/results.json
insert,5,initial,11,0.752,02bca2f159b68ffa855eff3ca704bd33f87f6920c008c5dd8812a85270c79209,83eae5cc0c35a86e486520c5745707c779a9c223c891ac054b4fc1e2d89befc2,,data/raw/insert/stage-05/results.json
insert,5,initial,12,0.7729,972c4429c52261dea82c2c559d0ae4d9530f794983cb093b30a4820234bbaf91,60ad42678797f49c90cd86035a7ea65f2d66a23ee3291896de206a83df3d8659,,data/raw/insert/stage-05/results.json
insert,5,initial,13,0.7888,d4831a22ea1a0de5896ffc5bfd243534dadc73cdb0393c400989394abba5d96f,1879f11fb0fe9ae87417119626611263f39c53121c3c1e837aaa6a9fbcf64cfc,,data/raw/insert/stage-05/results.json
insert,5,initial,14,0.8041,d056d379b440183cbab98861d550068e050a7f3678f6de1bbca2f3ad53d5d3f7,50582cfe3fbd580d36ee80b3768da795a8e29940984133cd2f91ff082dae7bc3,,data/raw/insert/stage-05/results.json
insert,5,initial,15,0.8164,5d4f65b1e2d3c5baae6a8d88afd6be1ddcb7bc8b4e02578007d13471638dca35,32ff38bbaa2058aa62490aa20bacfbeab5a52b9e58b45339593217013bd41979,,data/raw/insert/stage-05/results.json
insert,5,initial,16,0.8289,b9868fe2065850ebb35787321c158ad842ddaf85f4db379f5b7aeea3438e9989,a13f80e36e644a9856375680dc8d8125d9d137389be8155890890332935860e8,,data/raw/insert/stage-05/results.json
insert,5,initial,17,0.8398,5f2a7da6270074c3ac3c4955eb2f8bebb1c90e29b35debc4510b0cda02c17a5f,d06288776a0e79feebe1a8da07c06e319f10c75dfb89dfcd42392fe28147d571,,data/raw/insert/stage-05/results.json
insert,5,initial,18,0.8505,dad79d21602af331f5d69a72b4065e2ddffcee879a8db053fbe3bf2c04b1b213,2ec2150f137615312e21d835d882f7924be7fe9affcf6ceef6b3a23bc4291787,,data/raw/insert/stage-05/results.json
insert,5,initial,19,0.8589,0ac88349cbef3a78a0cac925437455966a9a502a7a959d3e23ce938a3a13aa96,0374bc421bece47cc1a1c979e2c4dd82f625e345fd2003d5c293910645383820,,data/raw/insert/stage-05/results.json
insert,5,initial,20,0.8663,9e477349764d87cfa020ccd6bbac170cc15a43e9724bba9a9212d42c5e5e7e43,950817c176c1ee0eeea4c4a64c1adb16c0c1c5047c770c012eb4971da8a2fdcf,,data/raw/insert/stage-05/results.json
insert,5,initial,21,0.874,25e136480fd6d5fcd9c98fdc5fa86aad78e0f6b8195594aade62d856dd7ee6da,2221467f48da2b7ffcb8d98923d8b18a153eb0f29f9f78843979958aee0d49e7,,data/raw/insert/stage-05/results.json
insert,5,initial,22,0.8821,09b4d62db000a6077add2c2614bbf53879ade1533a429d1ccfff058cae4f2277,b9fce8f727679829dce1c0f6b325faebb8816fd6ffb1516568ca059e76c02d74,,data/raw/insert/stage-05/results.json
insert,5,initial,23,0.8888,9db381c2274037e9bd3f2e2d1b7b359d07fc368c588954a50a115474cde368ed,32b7e7f9d66343936372395279103256f32d16472e238a3ae37d1da07db32816,,data/raw/insert/stage-05/results.json
insert,5,initial,24,0.8943,4f4d3636e74b156f6d1b6ec8195d14fb0beee7a6a1c2c92512290a2c6faab43b,b1b1281772671ca22405a72bff0ed4ae210ff4802e9fdc704a32134778437a90,,data/raw/insert/stage-05/results.json
insert,5,initial,25,0.8976,2df1316b3cf3bb278ce9943951afaa8fbc3eb2b91affc8f0e7ddbbd1b6eb5eee,28a541518e99ce72c516467baacceedc955ffe8e110e69aadfb43e4dcd50bc4f,"{""ft_false_positives"": 168813, ""ft_fp_rate"": 0.12301133030735162, ""ft_passed_total"": 1372337, ""ft_rejection_rate"": 0.7573668033058611, ""ft_true_positives"": 1203524, ""predicate_checked"": 248370, ""predicate_fp_rate"": 0.6796835366590168, ""total_neighbors"": 5656015}",data/raw/insert/stage-05/results.json
insert,5,initial,26,0.9029,5470ea2fee8d25e4e418fb074737d1e4fd9e3afcfe154ce430c484432a74ee34,a43331f8b7d966bc1b218d0ae1585b903dbed27c62ce07e8c5fa8d5abb767c54,"{""ft_false_positives"": 174810, ""ft_fp_rate"": 0.12229589716538804, ""ft_passed_total"": 1429402, ""ft_rejection_rate"": 0.7572815435065517, ""ft_true_positives"": 1254592, ""predicate_checked"": 256796, ""predicate_fp_rate"": 0.6807349024128102, ""total_neighbors"": 5889136}",data/raw/insert/stage-05/results.json
insert,5,current,10,0.7047,7d7ee9a351c91ec291e82467632fcf55462bebeeb8d79b36fc012558741c8c34,78fd235abcd76810e68da415e78d72c77396c898b06fa37235c0a3026a3394d8,,data/raw/insert/stage-05/results.json
insert,5,current,11,0.7245,d5f37a0060ef122874936ec5536dae6cd12ac47c240d47e848c958e60d026a53,30692f9312e4c9e2ec45ffabfe0efcc7754aab09a888c568a01176ad156d37ac,,data/raw/insert/stage-05/results.json
insert,5,current,12,0.7426,8aa4ffd4b20ae2de6a497c24c3a00af17aa5cb7479b3a0ff42e22cc1e417503e,d40eac690d91e012236cd4fee4a01d83c7885b823d2286d195f38060d3067305,,data/raw/insert/stage-05/results.json
insert,5,current,13,0.7592,a57e0b9639799bb1b8e7187b24c6d5ed23b0a26f8af62431728a80dafa8ddacc,d4a7de0c88a091b2f605a2f892146aacb9ca07f7e640950c9a40fb832dceba9d,,data/raw/insert/stage-05/results.json
insert,5,current,14,0.7757,8b178a9a705a63c61d992e1a4526796d409edd94488d3ba7f79e62145e568bd5,d19cbe1d0c6849feb4801021f2ec6e650ffa4d2a9c18469fb890fd8ce9f785bd,,data/raw/insert/stage-05/results.json
insert,5,current,15,0.7917,1817ad60cde7c40594433e50c63ce35724b06e88b9137850942d0f1305c14659,eb7afae5b7e7ca0af9e02266499e4f4f9a2c3fe1e422fe495ed10d4261b30f8f,,data/raw/insert/stage-05/results.json
insert,5,current,16,0.8045,e6ff1b0be185b2c33f9831fd80f4f31797714ece68ae62c83299365dd9d5ae15,40250316ee4f047b3de1acbdc40da87c882f282cc4889df522827aa9aae44eb2,,data/raw/insert/stage-05/results.json
insert,5,current,17,0.8181,e036ded5ba3c845bdb64255a20052e9ab99a643a0550aa145299e299661304d4,74f08c06160c65c0e0b0671e506d97d3304676c3d7e6e49fdf15072317a40669,,data/raw/insert/stage-05/results.json
insert,5,current,18,0.8288,6ded8a65a80c6991d5531cdc2e93e33f8d992f7a030e570faebcd9f68de13bfb,8df828e2a70750f1f55434098d0471d0b232a7bd9f6b32ac2e537b4df107043d,,data/raw/insert/stage-05/results.json
insert,5,current,19,0.8372,d7c964cfa10906fa56a2932174c3a9396bd06fa458234cdb6d0e9208fed5167c,5909bd046a5d0d4e2918425d3da1c15e5a38bba62799c395a6ad94e72b9466e4,,data/raw/insert/stage-05/results.json
insert,5,current,20,0.8465,f662d9d0c89f3dc5150c7c92d978f0f4230ce59a3af99d7ccbecbed07dc77630,a8c0317f357ca3c6bfb8f76a77b1378f9d9d7489f2147e40c81a961530d8a1b5,,data/raw/insert/stage-05/results.json
insert,5,current,21,0.8547,59e4fb6b51bfcc4b4e0dcabf799a974d6cf3223237517178ccff0f3fc3197a04,e820757a44ef3f6f22dd675366477fb96238f0f81fb56de85daf17593117a9ed,,data/raw/insert/stage-05/results.json
insert,5,current,22,0.8608,2d768117d915b932608b4776aa0da331b241c9e3a285219019a8a9cc00f99dd4,2f0466baa4fac41dfd03f7b230ec4f281cb19955ae2d10960af81663d5ba8c9c,,data/raw/insert/stage-05/results.json
insert,5,current,23,0.8681,853772aca907f2303dd1bfe6c34777e8bb9ca4b6722fdfff30824f5e5ad8db06,2d1b082ff348a065c1c064bd65db60e6bdae533173e4e81a180f6d818d61aade,,data/raw/insert/stage-05/results.json
insert,5,current,24,0.8741,26ca27fdb13e4726265f8bbcb1bd05079aaf53c359e34f6937aad2d657f82c43,58d8187ffd9b995feced24d98b30b24870ee63eadd2caaa93927a51f37298605,,data/raw/insert/stage-05/results.json
insert,5,current,25,0.8814,e1e7eb464ea70a07fb1335a836fea7002ae20c96e8758d3928e2c169329a6b59,d4201c62af8b1946a632218111768a8b4338e064cc7bc5af0b7fb018c520dc58,,data/raw/insert/stage-05/results.json
insert,5,current,26,0.886,fcdd566462e20451e510271511e5dfef0b5308108a153f7624be390e2f401646,9acdc5ca5bc8ef2b106694941b4ac35ec090c626475b6d1289bbaa4480c3152a,,data/raw/insert/stage-05/results.json
insert,5,current,27,0.8929,38dfb80a7b657ce6608fb8393ac6f9d49cad150a31fcdbd96f76f408d6691bd7,6d5e915f333ec3d864d03db9608ea91449a6945eb9047fc2eff4b245ad03f461,,data/raw/insert/stage-05/results.json
insert,5,current,28,0.8973,af2ae88ef34a90d702f0ed3e945a549febd47c814e570e2f0c361f06416ebe52,09a8595e98eb037a175b6de93a3e1bbc5ee2844fd809d35aeb7789686fda2648,"{""ft_false_positives"": 183673, ""ft_fp_rate"": 0.12210871600131899, ""ft_passed_total"": 1504176, ""ft_rejection_rate"": 0.7606716955794679, ""ft_true_positives"": 1320503, ""predicate_checked"": 272983, ""predicate_fp_rate"": 0.6728367700552782, ""total_neighbors"": 6284990}",data/raw/insert/stage-05/results.json
insert,5,current,29,0.9009,9d1528c65180d8b23cf97b3e60c07027110bd4e89acfee643a026ad89c9b4f73,b1eeba5536fcce6b60c3cfd8df5c5afa5203b4ce150366a95f345e8b879ae2a2,"{""ft_false_positives"": 189846, ""ft_fp_rate"": 0.12159334511397095, ""ft_passed_total"": 1561319, ""ft_rejection_rate"": 0.760585450617689, ""ft_true_positives"": 1371473, ""predicate_checked"": 281652, ""predicate_fp_rate"": 0.6740445656341869, ""total_neighbors"": 6521404}",data/raw/insert/stage-05/results.json
delete,0,initial,10,0.7047,7d7ee9a351c91ec291e82467632fcf55462bebeeb8d79b36fc012558741c8c34,78fd235abcd76810e68da415e78d72c77396c898b06fa37235c0a3026a3394d8,,data/raw/delete/stage-00/results.json
delete,0,initial,11,0.7245,d5f37a0060ef122874936ec5536dae6cd12ac47c240d47e848c958e60d026a53,30692f9312e4c9e2ec45ffabfe0efcc7754aab09a888c568a01176ad156d37ac,,data/raw/delete/stage-00/results.json
delete,0,initial,12,0.7426,8aa4ffd4b20ae2de6a497c24c3a00af17aa5cb7479b3a0ff42e22cc1e417503e,d40eac690d91e012236cd4fee4a01d83c7885b823d2286d195f38060d3067305,,data/raw/delete/stage-00/results.json
delete,0,initial,13,0.7592,a57e0b9639799bb1b8e7187b24c6d5ed23b0a26f8af62431728a80dafa8ddacc,d4a7de0c88a091b2f605a2f892146aacb9ca07f7e640950c9a40fb832dceba9d,,data/raw/delete/stage-00/results.json
delete,0,initial,14,0.7757,8b178a9a705a63c61d992e1a4526796d409edd94488d3ba7f79e62145e568bd5,d19cbe1d0c6849feb4801021f2ec6e650ffa4d2a9c18469fb890fd8ce9f785bd,,data/raw/delete/stage-00/results.json
delete,0,initial,15,0.7917,1817ad60cde7c40594433e50c63ce35724b06e88b9137850942d0f1305c14659,eb7afae5b7e7ca0af9e02266499e4f4f9a2c3fe1e422fe495ed10d4261b30f8f,,data/raw/delete/stage-00/results.json
delete,0,initial,16,0.8045,e6ff1b0be185b2c33f9831fd80f4f31797714ece68ae62c83299365dd9d5ae15,40250316ee4f047b3de1acbdc40da87c882f282cc4889df522827aa9aae44eb2,,data/raw/delete/stage-00/results.json
delete,0,initial,17,0.8181,e036ded5ba3c845bdb64255a20052e9ab99a643a0550aa145299e299661304d4,74f08c06160c65c0e0b0671e506d97d3304676c3d7e6e49fdf15072317a40669,,data/raw/delete/stage-00/results.json
delete,0,initial,18,0.8288,6ded8a65a80c6991d5531cdc2e93e33f8d992f7a030e570faebcd9f68de13bfb,8df828e2a70750f1f55434098d0471d0b232a7bd9f6b32ac2e537b4df107043d,,data/raw/delete/stage-00/results.json
delete,0,initial,19,0.8372,d7c964cfa10906fa56a2932174c3a9396bd06fa458234cdb6d0e9208fed5167c,5909bd046a5d0d4e2918425d3da1c15e5a38bba62799c395a6ad94e72b9466e4,,data/raw/delete/stage-00/results.json
delete,0,initial,20,0.8465,f662d9d0c89f3dc5150c7c92d978f0f4230ce59a3af99d7ccbecbed07dc77630,a8c0317f357ca3c6bfb8f76a77b1378f9d9d7489f2147e40c81a961530d8a1b5,,data/raw/delete/stage-00/results.json
delete,0,initial,21,0.8547,59e4fb6b51bfcc4b4e0dcabf799a974d6cf3223237517178ccff0f3fc3197a04,e820757a44ef3f6f22dd675366477fb96238f0f81fb56de85daf17593117a9ed,,data/raw/delete/stage-00/results.json
delete,0,initial,22,0.8608,2d768117d915b932608b4776aa0da331b241c9e3a285219019a8a9cc00f99dd4,2f0466baa4fac41dfd03f7b230ec4f281cb19955ae2d10960af81663d5ba8c9c,,data/raw/delete/stage-00/results.json
delete,0,initial,23,0.8681,853772aca907f2303dd1bfe6c34777e8bb9ca4b6722fdfff30824f5e5ad8db06,2d1b082ff348a065c1c064bd65db60e6bdae533173e4e81a180f6d818d61aade,,data/raw/delete/stage-00/results.json
delete,0,initial,24,0.8741,26ca27fdb13e4726265f8bbcb1bd05079aaf53c359e34f6937aad2d657f82c43,58d8187ffd9b995feced24d98b30b24870ee63eadd2caaa93927a51f37298605,,data/raw/delete/stage-00/results.json
delete,0,initial,25,0.8814,e1e7eb464ea70a07fb1335a836fea7002ae20c96e8758d3928e2c169329a6b59,d4201c62af8b1946a632218111768a8b4338e064cc7bc5af0b7fb018c520dc58,,data/raw/delete/stage-00/results.json
delete,0,initial,26,0.886,fcdd566462e20451e510271511e5dfef0b5308108a153f7624be390e2f401646,9acdc5ca5bc8ef2b106694941b4ac35ec090c626475b6d1289bbaa4480c3152a,,data/raw/delete/stage-00/results.json
delete,0,initial,27,0.8929,38dfb80a7b657ce6608fb8393ac6f9d49cad150a31fcdbd96f76f408d6691bd7,6d5e915f333ec3d864d03db9608ea91449a6945eb9047fc2eff4b245ad03f461,,data/raw/delete/stage-00/results.json
delete,0,initial,28,0.8973,af2ae88ef34a90d702f0ed3e945a549febd47c814e570e2f0c361f06416ebe52,09a8595e98eb037a175b6de93a3e1bbc5ee2844fd809d35aeb7789686fda2648,"{""ft_false_positives"": 183673, ""ft_fp_rate"": 0.12210871600131899, ""ft_passed_total"": 1504176, ""ft_rejection_rate"": 0.7606716955794679, ""ft_true_positives"": 1320503, ""predicate_checked"": 272983, ""predicate_fp_rate"": 0.6728367700552782, ""total_neighbors"": 6284990}",data/raw/delete/stage-00/results.json
delete,0,initial,29,0.9009,9d1528c65180d8b23cf97b3e60c07027110bd4e89acfee643a026ad89c9b4f73,b1eeba5536fcce6b60c3cfd8df5c5afa5203b4ce150366a95f345e8b879ae2a2,"{""ft_false_positives"": 189846, ""ft_fp_rate"": 0.12159334511397095, ""ft_passed_total"": 1561319, ""ft_rejection_rate"": 0.760585450617689, ""ft_true_positives"": 1371473, ""predicate_checked"": 281652, ""predicate_fp_rate"": 0.6740445656341869, ""total_neighbors"": 6521404}",data/raw/delete/stage-00/results.json
delete,0,current,10,0.7047,7d7ee9a351c91ec291e82467632fcf55462bebeeb8d79b36fc012558741c8c34,78fd235abcd76810e68da415e78d72c77396c898b06fa37235c0a3026a3394d8,,data/raw/delete/stage-00/results.json
delete,0,current,11,0.7245,d5f37a0060ef122874936ec5536dae6cd12ac47c240d47e848c958e60d026a53,30692f9312e4c9e2ec45ffabfe0efcc7754aab09a888c568a01176ad156d37ac,,data/raw/delete/stage-00/results.json
delete,0,current,12,0.7426,8aa4ffd4b20ae2de6a497c24c3a00af17aa5cb7479b3a0ff42e22cc1e417503e,d40eac690d91e012236cd4fee4a01d83c7885b823d2286d195f38060d3067305,,data/raw/delete/stage-00/results.json
delete,0,current,13,0.7592,a57e0b9639799bb1b8e7187b24c6d5ed23b0a26f8af62431728a80dafa8ddacc,d4a7de0c88a091b2f605a2f892146aacb9ca07f7e640950c9a40fb832dceba9d,,data/raw/delete/stage-00/results.json
delete,0,current,14,0.7757,8b178a9a705a63c61d992e1a4526796d409edd94488d3ba7f79e62145e568bd5,d19cbe1d0c6849feb4801021f2ec6e650ffa4d2a9c18469fb890fd8ce9f785bd,,data/raw/delete/stage-00/results.json
delete,0,current,15,0.7917,1817ad60cde7c40594433e50c63ce35724b06e88b9137850942d0f1305c14659,eb7afae5b7e7ca0af9e02266499e4f4f9a2c3fe1e422fe495ed10d4261b30f8f,,data/raw/delete/stage-00/results.json
delete,0,current,16,0.8045,e6ff1b0be185b2c33f9831fd80f4f31797714ece68ae62c83299365dd9d5ae15,40250316ee4f047b3de1acbdc40da87c882f282cc4889df522827aa9aae44eb2,,data/raw/delete/stage-00/results.json
delete,0,current,17,0.8181,e036ded5ba3c845bdb64255a20052e9ab99a643a0550aa145299e299661304d4,74f08c06160c65c0e0b0671e506d97d3304676c3d7e6e49fdf15072317a40669,,data/raw/delete/stage-00/results.json
delete,0,current,18,0.8288,6ded8a65a80c6991d5531cdc2e93e33f8d992f7a030e570faebcd9f68de13bfb,8df828e2a70750f1f55434098d0471d0b232a7bd9f6b32ac2e537b4df107043d,,data/raw/delete/stage-00/results.json
delete,0,current,19,0.8372,d7c964cfa10906fa56a2932174c3a9396bd06fa458234cdb6d0e9208fed5167c,5909bd046a5d0d4e2918425d3da1c15e5a38bba62799c395a6ad94e72b9466e4,,data/raw/delete/stage-00/results.json
delete,0,current,20,0.8465,f662d9d0c89f3dc5150c7c92d978f0f4230ce59a3af99d7ccbecbed07dc77630,a8c0317f357ca3c6bfb8f76a77b1378f9d9d7489f2147e40c81a961530d8a1b5,,data/raw/delete/stage-00/results.json
delete,0,current,21,0.8547,59e4fb6b51bfcc4b4e0dcabf799a974d6cf3223237517178ccff0f3fc3197a04,e820757a44ef3f6f22dd675366477fb96238f0f81fb56de85daf17593117a9ed,,data/raw/delete/stage-00/results.json
delete,0,current,22,0.8608,2d768117d915b932608b4776aa0da331b241c9e3a285219019a8a9cc00f99dd4,2f0466baa4fac41dfd03f7b230ec4f281cb19955ae2d10960af81663d5ba8c9c,,data/raw/delete/stage-00/results.json
delete,0,current,23,0.8681,853772aca907f2303dd1bfe6c34777e8bb9ca4b6722fdfff30824f5e5ad8db06,2d1b082ff348a065c1c064bd65db60e6bdae533173e4e81a180f6d818d61aade,,data/raw/delete/stage-00/results.json
delete,0,current,24,0.8741,26ca27fdb13e4726265f8bbcb1bd05079aaf53c359e34f6937aad2d657f82c43,58d8187ffd9b995feced24d98b30b24870ee63eadd2caaa93927a51f37298605,,data/raw/delete/stage-00/results.json
delete,0,current,25,0.8814,e1e7eb464ea70a07fb1335a836fea7002ae20c96e8758d3928e2c169329a6b59,d4201c62af8b1946a632218111768a8b4338e064cc7bc5af0b7fb018c520dc58,,data/raw/delete/stage-00/results.json
delete,0,current,26,0.886,fcdd566462e20451e510271511e5dfef0b5308108a153f7624be390e2f401646,9acdc5ca5bc8ef2b106694941b4ac35ec090c626475b6d1289bbaa4480c3152a,,data/raw/delete/stage-00/results.json
delete,0,current,27,0.8929,38dfb80a7b657ce6608fb8393ac6f9d49cad150a31fcdbd96f76f408d6691bd7,6d5e915f333ec3d864d03db9608ea91449a6945eb9047fc2eff4b245ad03f461,,data/raw/delete/stage-00/results.json
delete,0,current,28,0.8973,af2ae88ef34a90d702f0ed3e945a549febd47c814e570e2f0c361f06416ebe52,09a8595e98eb037a175b6de93a3e1bbc5ee2844fd809d35aeb7789686fda2648,"{""ft_false_positives"": 183673, ""ft_fp_rate"": 0.12210871600131899, ""ft_passed_total"": 1504176, ""ft_rejection_rate"": 0.7606716955794679, ""ft_true_positives"": 1320503, ""predicate_checked"": 272983, ""predicate_fp_rate"": 0.6728367700552782, ""total_neighbors"": 6284990}",data/raw/delete/stage-00/results.json
delete,0,current,29,0.9009,9d1528c65180d8b23cf97b3e60c07027110bd4e89acfee643a026ad89c9b4f73,b1eeba5536fcce6b60c3cfd8df5c5afa5203b4ce150366a95f345e8b879ae2a2,"{""ft_false_positives"": 189846, ""ft_fp_rate"": 0.12159334511397095, ""ft_passed_total"": 1561319, ""ft_rejection_rate"": 0.760585450617689, ""ft_true_positives"": 1371473, ""predicate_checked"": 281652, ""predicate_fp_rate"": 0.6740445656341869, ""total_neighbors"": 6521404}",data/raw/delete/stage-00/results.json
delete,1,initial,10,0.7047,7d7ee9a351c91ec291e82467632fcf55462bebeeb8d79b36fc012558741c8c34,78fd235abcd76810e68da415e78d72c77396c898b06fa37235c0a3026a3394d8,,data/raw/delete/stage-01/results.json
delete,1,initial,11,0.7245,d5f37a0060ef122874936ec5536dae6cd12ac47c240d47e848c958e60d026a53,30692f9312e4c9e2ec45ffabfe0efcc7754aab09a888c568a01176ad156d37ac,,data/raw/delete/stage-01/results.json
delete,1,initial,12,0.7426,8aa4ffd4b20ae2de6a497c24c3a00af17aa5cb7479b3a0ff42e22cc1e417503e,d40eac690d91e012236cd4fee4a01d83c7885b823d2286d195f38060d3067305,,data/raw/delete/stage-01/results.json
delete,1,initial,13,0.7592,a57e0b9639799bb1b8e7187b24c6d5ed23b0a26f8af62431728a80dafa8ddacc,d4a7de0c88a091b2f605a2f892146aacb9ca07f7e640950c9a40fb832dceba9d,,data/raw/delete/stage-01/results.json
delete,1,initial,14,0.7757,8b178a9a705a63c61d992e1a4526796d409edd94488d3ba7f79e62145e568bd5,d19cbe1d0c6849feb4801021f2ec6e650ffa4d2a9c18469fb890fd8ce9f785bd,,data/raw/delete/stage-01/results.json
delete,1,initial,15,0.7917,1817ad60cde7c40594433e50c63ce35724b06e88b9137850942d0f1305c14659,eb7afae5b7e7ca0af9e02266499e4f4f9a2c3fe1e422fe495ed10d4261b30f8f,,data/raw/delete/stage-01/results.json
delete,1,initial,16,0.8045,e6ff1b0be185b2c33f9831fd80f4f31797714ece68ae62c83299365dd9d5ae15,40250316ee4f047b3de1acbdc40da87c882f282cc4889df522827aa9aae44eb2,,data/raw/delete/stage-01/results.json
delete,1,initial,17,0.8181,e036ded5ba3c845bdb64255a20052e9ab99a643a0550aa145299e299661304d4,74f08c06160c65c0e0b0671e506d97d3304676c3d7e6e49fdf15072317a40669,,data/raw/delete/stage-01/results.json
delete,1,initial,18,0.8288,6ded8a65a80c6991d5531cdc2e93e33f8d992f7a030e570faebcd9f68de13bfb,8df828e2a70750f1f55434098d0471d0b232a7bd9f6b32ac2e537b4df107043d,,data/raw/delete/stage-01/results.json
delete,1,initial,19,0.8372,d7c964cfa10906fa56a2932174c3a9396bd06fa458234cdb6d0e9208fed5167c,5909bd046a5d0d4e2918425d3da1c15e5a38bba62799c395a6ad94e72b9466e4,,data/raw/delete/stage-01/results.json
delete,1,initial,20,0.8465,f662d9d0c89f3dc5150c7c92d978f0f4230ce59a3af99d7ccbecbed07dc77630,a8c0317f357ca3c6bfb8f76a77b1378f9d9d7489f2147e40c81a961530d8a1b5,,data/raw/delete/stage-01/results.json
delete,1,initial,21,0.8547,59e4fb6b51bfcc4b4e0dcabf799a974d6cf3223237517178ccff0f3fc3197a04,e820757a44ef3f6f22dd675366477fb96238f0f81fb56de85daf17593117a9ed,,data/raw/delete/stage-01/results.json
delete,1,initial,22,0.8608,2d768117d915b932608b4776aa0da331b241c9e3a285219019a8a9cc00f99dd4,2f0466baa4fac41dfd03f7b230ec4f281cb19955ae2d10960af81663d5ba8c9c,,data/raw/delete/stage-01/results.json
delete,1,initial,23,0.8681,853772aca907f2303dd1bfe6c34777e8bb9ca4b6722fdfff30824f5e5ad8db06,2d1b082ff348a065c1c064bd65db60e6bdae533173e4e81a180f6d818d61aade,,data/raw/delete/stage-01/results.json
delete,1,initial,24,0.8741,26ca27fdb13e4726265f8bbcb1bd05079aaf53c359e34f6937aad2d657f82c43,58d8187ffd9b995feced24d98b30b24870ee63eadd2caaa93927a51f37298605,,data/raw/delete/stage-01/results.json
delete,1,initial,25,0.8814,e1e7eb464ea70a07fb1335a836fea7002ae20c96e8758d3928e2c169329a6b59,d4201c62af8b1946a632218111768a8b4338e064cc7bc5af0b7fb018c520dc58,,data/raw/delete/stage-01/results.json
delete,1,initial,26,0.886,fcdd566462e20451e510271511e5dfef0b5308108a153f7624be390e2f401646,9acdc5ca5bc8ef2b106694941b4ac35ec090c626475b6d1289bbaa4480c3152a,,data/raw/delete/stage-01/results.json
delete,1,initial,27,0.8929,38dfb80a7b657ce6608fb8393ac6f9d49cad150a31fcdbd96f76f408d6691bd7,6d5e915f333ec3d864d03db9608ea91449a6945eb9047fc2eff4b245ad03f461,,data/raw/delete/stage-01/results.json
delete,1,initial,28,0.8973,af2ae88ef34a90d702f0ed3e945a549febd47c814e570e2f0c361f06416ebe52,09a8595e98eb037a175b6de93a3e1bbc5ee2844fd809d35aeb7789686fda2648,"{""ft_false_positives"": 183673, ""ft_fp_rate"": 0.12210871600131899, ""ft_passed_total"": 1504176, ""ft_rejection_rate"": 0.7606716955794679, ""ft_true_positives"": 1320503, ""predicate_checked"": 272983, ""predicate_fp_rate"": 0.6728367700552782, ""total_neighbors"": 6284990}",data/raw/delete/stage-01/results.json
delete,1,initial,29,0.9009,9d1528c65180d8b23cf97b3e60c07027110bd4e89acfee643a026ad89c9b4f73,b1eeba5536fcce6b60c3cfd8df5c5afa5203b4ce150366a95f345e8b879ae2a2,"{""ft_false_positives"": 189846, ""ft_fp_rate"": 0.12159334511397095, ""ft_passed_total"": 1561319, ""ft_rejection_rate"": 0.760585450617689, ""ft_true_positives"": 1371473, ""predicate_checked"": 281652, ""predicate_fp_rate"": 0.6740445656341869, ""total_neighbors"": 6521404}",data/raw/delete/stage-01/results.json
delete,1,current,10,0.8395,263f65a496deb1a78cdca0785e971bbc658aee9ee43b0cd9391b395f8b5987d8,a5bc7612e78fbd1637b3e199dcd209116a4abaa1fd52b5c482fd7e19a5c3bee4,,data/raw/delete/stage-01/results.json
delete,1,current,11,0.8539,b61553bdd0f1523156248acc3727f4b1d352f78f91312b04a2e7b137614266bc,bbf5b4783bfd9e42d56cdbad8368935866a73ea7f6d64d3f5dc805ac92f718e1,,data/raw/delete/stage-01/results.json
delete,1,current,12,0.8682,7e169c60ad74f01416f91a7c791283101283636bced6c28c5f2c61162fd61be2,be1eb533e8c622d45207cd0777c56e99cdee4351c1f2aa91052b689b0f3c3a9d,,data/raw/delete/stage-01/results.json
delete,1,current,13,0.8801,9f188d78970dfc469cc8578d9eb94aa7ae2b34337fd2330b7ea677ddba5e7980,c9d8e077b1a9afd736bdc7d3b5d1ab9603cf0d110793e6833fb59fac18ddcd06,,data/raw/delete/stage-01/results.json
delete,1,current,14,0.89,3970163e0af91b1f60cd3ea05a91eaffcaa34b1d9149cf831659b53f76873f18,f43f380172f6c2d3020b6e701ccd03c65253ce01c0b093d454374d948b2603bd,,data/raw/delete/stage-01/results.json
delete,1,current,15,0.8989,474b0d33560e4cb39a4272c939b1a0fcf7fab6d9c4f0fa67d0e98df782f767be,6c6c1222bed0d29e0eb237b50f5015ff763a1f9b507b53a176bc4c1e2cbcb1e2,"{""ft_false_positives"": 174893, ""ft_fp_rate"": 0.11251863322668619, ""ft_passed_total"": 1554347, ""ft_rejection_rate"": 0.7090401122397694, ""ft_true_positives"": 1379454, ""predicate_checked"": 228719, ""predicate_fp_rate"": 0.7646631893283898, ""total_neighbors"": 5342135}",data/raw/delete/stage-01/results.json
delete,1,current,16,0.9066,54e083ebcd26fbc1fd44b19eaf889e696a2267e5a13f876954d446a7084c543c,38219b6876589649666155dee7eba5c506373dff32fe6a0d8208d1e5d92cfea1,"{""ft_false_positives"": 184765, ""ft_fp_rate"": 0.1110858595423574, ""ft_passed_total"": 1663263, ""ft_rejection_rate"": 0.7091585870245088, ""ft_true_positives"": 1478498, ""predicate_checked"": 241393, ""predicate_fp_rate"": 0.7654115902283828, ""total_neighbors"": 5718797}",data/raw/delete/stage-01/results.json
delete,2,initial,10,0.7047,7d7ee9a351c91ec291e82467632fcf55462bebeeb8d79b36fc012558741c8c34,78fd235abcd76810e68da415e78d72c77396c898b06fa37235c0a3026a3394d8,,data/raw/delete/stage-02/results.json
delete,2,initial,11,0.7245,d5f37a0060ef122874936ec5536dae6cd12ac47c240d47e848c958e60d026a53,30692f9312e4c9e2ec45ffabfe0efcc7754aab09a888c568a01176ad156d37ac,,data/raw/delete/stage-02/results.json
delete,2,initial,12,0.7426,8aa4ffd4b20ae2de6a497c24c3a00af17aa5cb7479b3a0ff42e22cc1e417503e,d40eac690d91e012236cd4fee4a01d83c7885b823d2286d195f38060d3067305,,data/raw/delete/stage-02/results.json
delete,2,initial,13,0.7592,a57e0b9639799bb1b8e7187b24c6d5ed23b0a26f8af62431728a80dafa8ddacc,d4a7de0c88a091b2f605a2f892146aacb9ca07f7e640950c9a40fb832dceba9d,,data/raw/delete/stage-02/results.json
delete,2,initial,14,0.7757,8b178a9a705a63c61d992e1a4526796d409edd94488d3ba7f79e62145e568bd5,d19cbe1d0c6849feb4801021f2ec6e650ffa4d2a9c18469fb890fd8ce9f785bd,,data/raw/delete/stage-02/results.json
delete,2,initial,15,0.7917,1817ad60cde7c40594433e50c63ce35724b06e88b9137850942d0f1305c14659,eb7afae5b7e7ca0af9e02266499e4f4f9a2c3fe1e422fe495ed10d4261b30f8f,,data/raw/delete/stage-02/results.json
delete,2,initial,16,0.8045,e6ff1b0be185b2c33f9831fd80f4f31797714ece68ae62c83299365dd9d5ae15,40250316ee4f047b3de1acbdc40da87c882f282cc4889df522827aa9aae44eb2,,data/raw/delete/stage-02/results.json
delete,2,initial,17,0.8181,e036ded5ba3c845bdb64255a20052e9ab99a643a0550aa145299e299661304d4,74f08c06160c65c0e0b0671e506d97d3304676c3d7e6e49fdf15072317a40669,,data/raw/delete/stage-02/results.json
delete,2,initial,18,0.8288,6ded8a65a80c6991d5531cdc2e93e33f8d992f7a030e570faebcd9f68de13bfb,8df828e2a70750f1f55434098d0471d0b232a7bd9f6b32ac2e537b4df107043d,,data/raw/delete/stage-02/results.json
delete,2,initial,19,0.8372,d7c964cfa10906fa56a2932174c3a9396bd06fa458234cdb6d0e9208fed5167c,5909bd046a5d0d4e2918425d3da1c15e5a38bba62799c395a6ad94e72b9466e4,,data/raw/delete/stage-02/results.json
delete,2,initial,20,0.8465,f662d9d0c89f3dc5150c7c92d978f0f4230ce59a3af99d7ccbecbed07dc77630,a8c0317f357ca3c6bfb8f76a77b1378f9d9d7489f2147e40c81a961530d8a1b5,,data/raw/delete/stage-02/results.json
delete,2,initial,21,0.8547,59e4fb6b51bfcc4b4e0dcabf799a974d6cf3223237517178ccff0f3fc3197a04,e820757a44ef3f6f22dd675366477fb96238f0f81fb56de85daf17593117a9ed,,data/raw/delete/stage-02/results.json
delete,2,initial,22,0.8608,2d768117d915b932608b4776aa0da331b241c9e3a285219019a8a9cc00f99dd4,2f0466baa4fac41dfd03f7b230ec4f281cb19955ae2d10960af81663d5ba8c9c,,data/raw/delete/stage-02/results.json
delete,2,initial,23,0.8681,853772aca907f2303dd1bfe6c34777e8bb9ca4b6722fdfff30824f5e5ad8db06,2d1b082ff348a065c1c064bd65db60e6bdae533173e4e81a180f6d818d61aade,,data/raw/delete/stage-02/results.json
delete,2,initial,24,0.8741,26ca27fdb13e4726265f8bbcb1bd05079aaf53c359e34f6937aad2d657f82c43,58d8187ffd9b995feced24d98b30b24870ee63eadd2caaa93927a51f37298605,,data/raw/delete/stage-02/results.json
delete,2,initial,25,0.8814,e1e7eb464ea70a07fb1335a836fea7002ae20c96e8758d3928e2c169329a6b59,d4201c62af8b1946a632218111768a8b4338e064cc7bc5af0b7fb018c520dc58,,data/raw/delete/stage-02/results.json
delete,2,initial,26,0.886,fcdd566462e20451e510271511e5dfef0b5308108a153f7624be390e2f401646,9acdc5ca5bc8ef2b106694941b4ac35ec090c626475b6d1289bbaa4480c3152a,,data/raw/delete/stage-02/results.json
delete,2,initial,27,0.8929,38dfb80a7b657ce6608fb8393ac6f9d49cad150a31fcdbd96f76f408d6691bd7,6d5e915f333ec3d864d03db9608ea91449a6945eb9047fc2eff4b245ad03f461,,data/raw/delete/stage-02/results.json
delete,2,initial,28,0.8973,af2ae88ef34a90d702f0ed3e945a549febd47c814e570e2f0c361f06416ebe52,09a8595e98eb037a175b6de93a3e1bbc5ee2844fd809d35aeb7789686fda2648,"{""ft_false_positives"": 183673, ""ft_fp_rate"": 0.12210871600131899, ""ft_passed_total"": 1504176, ""ft_rejection_rate"": 0.7606716955794679, ""ft_true_positives"": 1320503, ""predicate_checked"": 272983, ""predicate_fp_rate"": 0.6728367700552782, ""total_neighbors"": 6284990}",data/raw/delete/stage-02/results.json
delete,2,initial,29,0.9009,9d1528c65180d8b23cf97b3e60c07027110bd4e89acfee643a026ad89c9b4f73,b1eeba5536fcce6b60c3cfd8df5c5afa5203b4ce150366a95f345e8b879ae2a2,"{""ft_false_positives"": 189846, ""ft_fp_rate"": 0.12159334511397095, ""ft_passed_total"": 1561319, ""ft_rejection_rate"": 0.760585450617689, ""ft_true_positives"": 1371473, ""predicate_checked"": 281652, ""predicate_fp_rate"": 0.6740445656341869, ""total_neighbors"": 6521404}",data/raw/delete/stage-02/results.json
delete,2,current,10,0.8762,a00995548a4b2698ab4a2d444393f5157757e00d86386694d0ae86cb638eee77,d7eb63de7965a2fda476e63bd5b2341ff02e1236912052a908cd5f547f827235,,data/raw/delete/stage-02/results.json
delete,2,current,11,0.8923,cfea1f38adf29faf650780321a355b8d39c9b309d163474a371eb8781e701fe2,08c25377a1eb4cd9ce3d469810fd8e61bd7aa7c3c8c2a005edd0d8d7c9392184,"{""ft_false_positives"": 161333, ""ft_fp_rate"": 0.1098522710869133, ""ft_passed_total"": 1468636, ""ft_rejection_rate"": 0.6796829623910429, ""ft_true_positives"": 1307303, ""predicate_checked"": 203507, ""predicate_fp_rate"": 0.7927638852717597, ""total_neighbors"": 4584945}",data/raw/delete/stage-02/results.json
delete,2,current,12,0.904,0d97efdf528075386784865a690c998db9e6090d6d61acc88b445df3c977b729,e7bf02c309424ae2ea81cc04bf1450dc3a1cc9029ed96dea715dd9b311295970,"{""ft_false_positives"": 172830, ""ft_fp_rate"": 0.10775307133349335, ""ft_passed_total"": 1603945, ""ft_rejection_rate"": 0.6801791616418777, ""ft_true_positives"": 1431115, ""predicate_checked"": 217927, ""predicate_fp_rate"": 0.7930637323507413, ""total_neighbors"": 5015136}",data/raw/delete/stage-02/results.json
delete,3,initial,10,0.7047,7d7ee9a351c91ec291e82467632fcf55462bebeeb8d79b36fc012558741c8c34,78fd235abcd76810e68da415e78d72c77396c898b06fa37235c0a3026a3394d8,,data/raw/delete/stage-03/results.json
delete,3,initial,11,0.7245,d5f37a0060ef122874936ec5536dae6cd12ac47c240d47e848c958e60d026a53,30692f9312e4c9e2ec45ffabfe0efcc7754aab09a888c568a01176ad156d37ac,,data/raw/delete/stage-03/results.json
delete,3,initial,12,0.7426,8aa4ffd4b20ae2de6a497c24c3a00af17aa5cb7479b3a0ff42e22cc1e417503e,d40eac690d91e012236cd4fee4a01d83c7885b823d2286d195f38060d3067305,,data/raw/delete/stage-03/results.json
delete,3,initial,13,0.7592,a57e0b9639799bb1b8e7187b24c6d5ed23b0a26f8af62431728a80dafa8ddacc,d4a7de0c88a091b2f605a2f892146aacb9ca07f7e640950c9a40fb832dceba9d,,data/raw/delete/stage-03/results.json
delete,3,initial,14,0.7757,8b178a9a705a63c61d992e1a4526796d409edd94488d3ba7f79e62145e568bd5,d19cbe1d0c6849feb4801021f2ec6e650ffa4d2a9c18469fb890fd8ce9f785bd,,data/raw/delete/stage-03/results.json
delete,3,initial,15,0.7917,1817ad60cde7c40594433e50c63ce35724b06e88b9137850942d0f1305c14659,eb7afae5b7e7ca0af9e02266499e4f4f9a2c3fe1e422fe495ed10d4261b30f8f,,data/raw/delete/stage-03/results.json
delete,3,initial,16,0.8045,e6ff1b0be185b2c33f9831fd80f4f31797714ece68ae62c83299365dd9d5ae15,40250316ee4f047b3de1acbdc40da87c882f282cc4889df522827aa9aae44eb2,,data/raw/delete/stage-03/results.json
delete,3,initial,17,0.8181,e036ded5ba3c845bdb64255a20052e9ab99a643a0550aa145299e299661304d4,74f08c06160c65c0e0b0671e506d97d3304676c3d7e6e49fdf15072317a40669,,data/raw/delete/stage-03/results.json
delete,3,initial,18,0.8288,6ded8a65a80c6991d5531cdc2e93e33f8d992f7a030e570faebcd9f68de13bfb,8df828e2a70750f1f55434098d0471d0b232a7bd9f6b32ac2e537b4df107043d,,data/raw/delete/stage-03/results.json
delete,3,initial,19,0.8372,d7c964cfa10906fa56a2932174c3a9396bd06fa458234cdb6d0e9208fed5167c,5909bd046a5d0d4e2918425d3da1c15e5a38bba62799c395a6ad94e72b9466e4,,data/raw/delete/stage-03/results.json
delete,3,initial,20,0.8465,f662d9d0c89f3dc5150c7c92d978f0f4230ce59a3af99d7ccbecbed07dc77630,a8c0317f357ca3c6bfb8f76a77b1378f9d9d7489f2147e40c81a961530d8a1b5,,data/raw/delete/stage-03/results.json
delete,3,initial,21,0.8547,59e4fb6b51bfcc4b4e0dcabf799a974d6cf3223237517178ccff0f3fc3197a04,e820757a44ef3f6f22dd675366477fb96238f0f81fb56de85daf17593117a9ed,,data/raw/delete/stage-03/results.json
delete,3,initial,22,0.8608,2d768117d915b932608b4776aa0da331b241c9e3a285219019a8a9cc00f99dd4,2f0466baa4fac41dfd03f7b230ec4f281cb19955ae2d10960af81663d5ba8c9c,,data/raw/delete/stage-03/results.json
delete,3,initial,23,0.8681,853772aca907f2303dd1bfe6c34777e8bb9ca4b6722fdfff30824f5e5ad8db06,2d1b082ff348a065c1c064bd65db60e6bdae533173e4e81a180f6d818d61aade,,data/raw/delete/stage-03/results.json
delete,3,initial,24,0.8741,26ca27fdb13e4726265f8bbcb1bd05079aaf53c359e34f6937aad2d657f82c43,58d8187ffd9b995feced24d98b30b24870ee63eadd2caaa93927a51f37298605,,data/raw/delete/stage-03/results.json
delete,3,initial,25,0.8814,e1e7eb464ea70a07fb1335a836fea7002ae20c96e8758d3928e2c169329a6b59,d4201c62af8b1946a632218111768a8b4338e064cc7bc5af0b7fb018c520dc58,,data/raw/delete/stage-03/results.json
delete,3,initial,26,0.886,fcdd566462e20451e510271511e5dfef0b5308108a153f7624be390e2f401646,9acdc5ca5bc8ef2b106694941b4ac35ec090c626475b6d1289bbaa4480c3152a,,data/raw/delete/stage-03/results.json
delete,3,initial,27,0.8929,38dfb80a7b657ce6608fb8393ac6f9d49cad150a31fcdbd96f76f408d6691bd7,6d5e915f333ec3d864d03db9608ea91449a6945eb9047fc2eff4b245ad03f461,,data/raw/delete/stage-03/results.json
delete,3,initial,28,0.8973,af2ae88ef34a90d702f0ed3e945a549febd47c814e570e2f0c361f06416ebe52,09a8595e98eb037a175b6de93a3e1bbc5ee2844fd809d35aeb7789686fda2648,"{""ft_false_positives"": 183673, ""ft_fp_rate"": 0.12210871600131899, ""ft_passed_total"": 1504176, ""ft_rejection_rate"": 0.7606716955794679, ""ft_true_positives"": 1320503, ""predicate_checked"": 272983, ""predicate_fp_rate"": 0.6728367700552782, ""total_neighbors"": 6284990}",data/raw/delete/stage-03/results.json
delete,3,initial,29,0.9009,9d1528c65180d8b23cf97b3e60c07027110bd4e89acfee643a026ad89c9b4f73,b1eeba5536fcce6b60c3cfd8df5c5afa5203b4ce150366a95f345e8b879ae2a2,"{""ft_false_positives"": 189846, ""ft_fp_rate"": 0.12159334511397095, ""ft_passed_total"": 1561319, ""ft_rejection_rate"": 0.760585450617689, ""ft_true_positives"": 1371473, ""predicate_checked"": 281652, ""predicate_fp_rate"": 0.6740445656341869, ""total_neighbors"": 6521404}",data/raw/delete/stage-03/results.json
delete,3,current,10,0.9023,ad73d378e19c6ff0ae7858ecd293bb2a44e246334a4c1e83cd56552c7ea4e6f0,713caa21a742868e651aaaa1d42c479b1bfcab8dae35be3faebc8073bc37b11b,"{""ft_false_positives"": 163050, ""ft_fp_rate"": 0.10766953081045673, ""ft_passed_total"": 1514356, ""ft_rejection_rate"": 0.6616218312993706, ""ft_true_positives"": 1351306, ""predicate_checked"": 201855, ""predicate_fp_rate"": 0.8077580441405959, ""total_neighbors"": 4475336}",data/raw/delete/stage-03/results.json
delete,4,initial,10,0.7047,7d7ee9a351c91ec291e82467632fcf55462bebeeb8d79b36fc012558741c8c34,78fd235abcd76810e68da415e78d72c77396c898b06fa37235c0a3026a3394d8,,data/raw/delete/stage-04/results.json
delete,4,initial,11,0.7245,d5f37a0060ef122874936ec5536dae6cd12ac47c240d47e848c958e60d026a53,30692f9312e4c9e2ec45ffabfe0efcc7754aab09a888c568a01176ad156d37ac,,data/raw/delete/stage-04/results.json
delete,4,initial,12,0.7426,8aa4ffd4b20ae2de6a497c24c3a00af17aa5cb7479b3a0ff42e22cc1e417503e,d40eac690d91e012236cd4fee4a01d83c7885b823d2286d195f38060d3067305,,data/raw/delete/stage-04/results.json
delete,4,initial,13,0.7592,a57e0b9639799bb1b8e7187b24c6d5ed23b0a26f8af62431728a80dafa8ddacc,d4a7de0c88a091b2f605a2f892146aacb9ca07f7e640950c9a40fb832dceba9d,,data/raw/delete/stage-04/results.json
delete,4,initial,14,0.7757,8b178a9a705a63c61d992e1a4526796d409edd94488d3ba7f79e62145e568bd5,d19cbe1d0c6849feb4801021f2ec6e650ffa4d2a9c18469fb890fd8ce9f785bd,,data/raw/delete/stage-04/results.json
delete,4,initial,15,0.7917,1817ad60cde7c40594433e50c63ce35724b06e88b9137850942d0f1305c14659,eb7afae5b7e7ca0af9e02266499e4f4f9a2c3fe1e422fe495ed10d4261b30f8f,,data/raw/delete/stage-04/results.json
delete,4,initial,16,0.8045,e6ff1b0be185b2c33f9831fd80f4f31797714ece68ae62c83299365dd9d5ae15,40250316ee4f047b3de1acbdc40da87c882f282cc4889df522827aa9aae44eb2,,data/raw/delete/stage-04/results.json
delete,4,initial,17,0.8181,e036ded5ba3c845bdb64255a20052e9ab99a643a0550aa145299e299661304d4,74f08c06160c65c0e0b0671e506d97d3304676c3d7e6e49fdf15072317a40669,,data/raw/delete/stage-04/results.json
delete,4,initial,18,0.8288,6ded8a65a80c6991d5531cdc2e93e33f8d992f7a030e570faebcd9f68de13bfb,8df828e2a70750f1f55434098d0471d0b232a7bd9f6b32ac2e537b4df107043d,,data/raw/delete/stage-04/results.json
delete,4,initial,19,0.8372,d7c964cfa10906fa56a2932174c3a9396bd06fa458234cdb6d0e9208fed5167c,5909bd046a5d0d4e2918425d3da1c15e5a38bba62799c395a6ad94e72b9466e4,,data/raw/delete/stage-04/results.json
delete,4,initial,20,0.8465,f662d9d0c89f3dc5150c7c92d978f0f4230ce59a3af99d7ccbecbed07dc77630,a8c0317f357ca3c6bfb8f76a77b1378f9d9d7489f2147e40c81a961530d8a1b5,,data/raw/delete/stage-04/results.json
delete,4,initial,21,0.8547,59e4fb6b51bfcc4b4e0dcabf799a974d6cf3223237517178ccff0f3fc3197a04,e820757a44ef3f6f22dd675366477fb96238f0f81fb56de85daf17593117a9ed,,data/raw/delete/stage-04/results.json
delete,4,initial,22,0.8608,2d768117d915b932608b4776aa0da331b241c9e3a285219019a8a9cc00f99dd4,2f0466baa4fac41dfd03f7b230ec4f281cb19955ae2d10960af81663d5ba8c9c,,data/raw/delete/stage-04/results.json
delete,4,initial,23,0.8681,853772aca907f2303dd1bfe6c34777e8bb9ca4b6722fdfff30824f5e5ad8db06,2d1b082ff348a065c1c064bd65db60e6bdae533173e4e81a180f6d818d61aade,,data/raw/delete/stage-04/results.json
delete,4,initial,24,0.8741,26ca27fdb13e4726265f8bbcb1bd05079aaf53c359e34f6937aad2d657f82c43,58d8187ffd9b995feced24d98b30b24870ee63eadd2caaa93927a51f37298605,,data/raw/delete/stage-04/results.json
delete,4,initial,25,0.8814,e1e7eb464ea70a07fb1335a836fea7002ae20c96e8758d3928e2c169329a6b59,d4201c62af8b1946a632218111768a8b4338e064cc7bc5af0b7fb018c520dc58,,data/raw/delete/stage-04/results.json
delete,4,initial,26,0.886,fcdd566462e20451e510271511e5dfef0b5308108a153f7624be390e2f401646,9acdc5ca5bc8ef2b106694941b4ac35ec090c626475b6d1289bbaa4480c3152a,,data/raw/delete/stage-04/results.json
delete,4,initial,27,0.8929,38dfb80a7b657ce6608fb8393ac6f9d49cad150a31fcdbd96f76f408d6691bd7,6d5e915f333ec3d864d03db9608ea91449a6945eb9047fc2eff4b245ad03f461,,data/raw/delete/stage-04/results.json
delete,4,initial,28,0.8973,af2ae88ef34a90d702f0ed3e945a549febd47c814e570e2f0c361f06416ebe52,09a8595e98eb037a175b6de93a3e1bbc5ee2844fd809d35aeb7789686fda2648,"{""ft_false_positives"": 183673, ""ft_fp_rate"": 0.12210871600131899, ""ft_passed_total"": 1504176, ""ft_rejection_rate"": 0.7606716955794679, ""ft_true_positives"": 1320503, ""predicate_checked"": 272983, ""predicate_fp_rate"": 0.6728367700552782, ""total_neighbors"": 6284990}",data/raw/delete/stage-04/results.json
delete,4,initial,29,0.9009,9d1528c65180d8b23cf97b3e60c07027110bd4e89acfee643a026ad89c9b4f73,b1eeba5536fcce6b60c3cfd8df5c5afa5203b4ce150366a95f345e8b879ae2a2,"{""ft_false_positives"": 189846, ""ft_fp_rate"": 0.12159334511397095, ""ft_passed_total"": 1561319, ""ft_rejection_rate"": 0.760585450617689, ""ft_true_positives"": 1371473, ""predicate_checked"": 281652, ""predicate_fp_rate"": 0.6740445656341869, ""total_neighbors"": 6521404}",data/raw/delete/stage-04/results.json
delete,4,current,10,0.9103,7257be353e8e247cb8cad7ad6d29c6c9d1955e603fac4026e35cb3556bf20fca,03bfa9cb6f1be51286adcaaaa3d6ce092d2a985098f07c768259ef3e7d909218,"{""ft_false_positives"": 171302, ""ft_fp_rate"": 0.10419386035874385, ""ft_passed_total"": 1644070, ""ft_rejection_rate"": 0.6503709759019312, ""ft_true_positives"": 1472768, ""predicate_checked"": 209985, ""predicate_fp_rate"": 0.8157820796723575, ""total_neighbors"": 4702327}",data/raw/delete/stage-04/results.json
delete,5,initial,10,0.7047,7d7ee9a351c91ec291e82467632fcf55462bebeeb8d79b36fc012558741c8c34,78fd235abcd76810e68da415e78d72c77396c898b06fa37235c0a3026a3394d8,,data/raw/delete/stage-05/results.json
delete,5,initial,11,0.7245,d5f37a0060ef122874936ec5536dae6cd12ac47c240d47e848c958e60d026a53,30692f9312e4c9e2ec45ffabfe0efcc7754aab09a888c568a01176ad156d37ac,,data/raw/delete/stage-05/results.json
delete,5,initial,12,0.7426,8aa4ffd4b20ae2de6a497c24c3a00af17aa5cb7479b3a0ff42e22cc1e417503e,d40eac690d91e012236cd4fee4a01d83c7885b823d2286d195f38060d3067305,,data/raw/delete/stage-05/results.json
delete,5,initial,13,0.7592,a57e0b9639799bb1b8e7187b24c6d5ed23b0a26f8af62431728a80dafa8ddacc,d4a7de0c88a091b2f605a2f892146aacb9ca07f7e640950c9a40fb832dceba9d,,data/raw/delete/stage-05/results.json
delete,5,initial,14,0.7757,8b178a9a705a63c61d992e1a4526796d409edd94488d3ba7f79e62145e568bd5,d19cbe1d0c6849feb4801021f2ec6e650ffa4d2a9c18469fb890fd8ce9f785bd,,data/raw/delete/stage-05/results.json
delete,5,initial,15,0.7917,1817ad60cde7c40594433e50c63ce35724b06e88b9137850942d0f1305c14659,eb7afae5b7e7ca0af9e02266499e4f4f9a2c3fe1e422fe495ed10d4261b30f8f,,data/raw/delete/stage-05/results.json
delete,5,initial,16,0.8045,e6ff1b0be185b2c33f9831fd80f4f31797714ece68ae62c83299365dd9d5ae15,40250316ee4f047b3de1acbdc40da87c882f282cc4889df522827aa9aae44eb2,,data/raw/delete/stage-05/results.json
delete,5,initial,17,0.8181,e036ded5ba3c845bdb64255a20052e9ab99a643a0550aa145299e299661304d4,74f08c06160c65c0e0b0671e506d97d3304676c3d7e6e49fdf15072317a40669,,data/raw/delete/stage-05/results.json
delete,5,initial,18,0.8288,6ded8a65a80c6991d5531cdc2e93e33f8d992f7a030e570faebcd9f68de13bfb,8df828e2a70750f1f55434098d0471d0b232a7bd9f6b32ac2e537b4df107043d,,data/raw/delete/stage-05/results.json
delete,5,initial,19,0.8372,d7c964cfa10906fa56a2932174c3a9396bd06fa458234cdb6d0e9208fed5167c,5909bd046a5d0d4e2918425d3da1c15e5a38bba62799c395a6ad94e72b9466e4,,data/raw/delete/stage-05/results.json
delete,5,initial,20,0.8465,f662d9d0c89f3dc5150c7c92d978f0f4230ce59a3af99d7ccbecbed07dc77630,a8c0317f357ca3c6bfb8f76a77b1378f9d9d7489f2147e40c81a961530d8a1b5,,data/raw/delete/stage-05/results.json
delete,5,initial,21,0.8547,59e4fb6b51bfcc4b4e0dcabf799a974d6cf3223237517178ccff0f3fc3197a04,e820757a44ef3f6f22dd675366477fb96238f0f81fb56de85daf17593117a9ed,,data/raw/delete/stage-05/results.json
delete,5,initial,22,0.8608,2d768117d915b932608b4776aa0da331b241c9e3a285219019a8a9cc00f99dd4,2f0466baa4fac41dfd03f7b230ec4f281cb19955ae2d10960af81663d5ba8c9c,,data/raw/delete/stage-05/results.json
delete,5,initial,23,0.8681,853772aca907f2303dd1bfe6c34777e8bb9ca4b6722fdfff30824f5e5ad8db06,2d1b082ff348a065c1c064bd65db60e6bdae533173e4e81a180f6d818d61aade,,data/raw/delete/stage-05/results.json
delete,5,initial,24,0.8741,26ca27fdb13e4726265f8bbcb1bd05079aaf53c359e34f6937aad2d657f82c43,58d8187ffd9b995feced24d98b30b24870ee63eadd2caaa93927a51f37298605,,data/raw/delete/stage-05/results.json
delete,5,initial,25,0.8814,e1e7eb464ea70a07fb1335a836fea7002ae20c96e8758d3928e2c169329a6b59,d4201c62af8b1946a632218111768a8b4338e064cc7bc5af0b7fb018c520dc58,,data/raw/delete/stage-05/results.json
delete,5,initial,26,0.886,fcdd566462e20451e510271511e5dfef0b5308108a153f7624be390e2f401646,9acdc5ca5bc8ef2b106694941b4ac35ec090c626475b6d1289bbaa4480c3152a,,data/raw/delete/stage-05/results.json
delete,5,initial,27,0.8929,38dfb80a7b657ce6608fb8393ac6f9d49cad150a31fcdbd96f76f408d6691bd7,6d5e915f333ec3d864d03db9608ea91449a6945eb9047fc2eff4b245ad03f461,,data/raw/delete/stage-05/results.json
delete,5,initial,28,0.8973,af2ae88ef34a90d702f0ed3e945a549febd47c814e570e2f0c361f06416ebe52,09a8595e98eb037a175b6de93a3e1bbc5ee2844fd809d35aeb7789686fda2648,"{""ft_false_positives"": 183673, ""ft_fp_rate"": 0.12210871600131899, ""ft_passed_total"": 1504176, ""ft_rejection_rate"": 0.7606716955794679, ""ft_true_positives"": 1320503, ""predicate_checked"": 272983, ""predicate_fp_rate"": 0.6728367700552782, ""total_neighbors"": 6284990}",data/raw/delete/stage-05/results.json
delete,5,initial,29,0.9009,9d1528c65180d8b23cf97b3e60c07027110bd4e89acfee643a026ad89c9b4f73,b1eeba5536fcce6b60c3cfd8df5c5afa5203b4ce150366a95f345e8b879ae2a2,"{""ft_false_positives"": 189846, ""ft_fp_rate"": 0.12159334511397095, ""ft_passed_total"": 1561319, ""ft_rejection_rate"": 0.760585450617689, ""ft_true_positives"": 1371473, ""predicate_checked"": 281652, ""predicate_fp_rate"": 0.6740445656341869, ""total_neighbors"": 6521404}",data/raw/delete/stage-05/results.json
delete,5,current,10,0.9218,03a2f1dc64e2d9d504cfdfa36b4e0e19388e16a78013f8bffc1401b6716202b9,a4d36b1f815f85a34822fbaf1a4c268d9efc3c4a90950e501b31fe3c6e987c99,"{""ft_false_positives"": 174246, ""ft_fp_rate"": 0.10182214695683577, ""ft_passed_total"": 1711278, ""ft_rejection_rate"": 0.6448913857506919, ""ft_true_positives"": 1537032, ""predicate_checked"": 212714, ""predicate_fp_rate"": 0.8191562379533082, ""total_neighbors"": 4819027}",data/raw/delete/stage-05/results.json
point_update,0,initial,10,0.7276,180099c4bddffb0acd0ea25d8b6321836beed4fe5b298226eb55170d04b16622,98e5c479acbf9cc9f427d739c9cd8cc95125f2eb72a709c57f5f200febda0b96,,data/raw/point_update/stage-00/results.json
point_update,0,initial,11,0.752,02bca2f159b68ffa855eff3ca704bd33f87f6920c008c5dd8812a85270c79209,83eae5cc0c35a86e486520c5745707c779a9c223c891ac054b4fc1e2d89befc2,,data/raw/point_update/stage-00/results.json
point_update,0,initial,12,0.7729,972c4429c52261dea82c2c559d0ae4d9530f794983cb093b30a4820234bbaf91,60ad42678797f49c90cd86035a7ea65f2d66a23ee3291896de206a83df3d8659,,data/raw/point_update/stage-00/results.json
point_update,0,initial,13,0.7888,d4831a22ea1a0de5896ffc5bfd243534dadc73cdb0393c400989394abba5d96f,1879f11fb0fe9ae87417119626611263f39c53121c3c1e837aaa6a9fbcf64cfc,,data/raw/point_update/stage-00/results.json
point_update,0,initial,14,0.8041,d056d379b440183cbab98861d550068e050a7f3678f6de1bbca2f3ad53d5d3f7,50582cfe3fbd580d36ee80b3768da795a8e29940984133cd2f91ff082dae7bc3,,data/raw/point_update/stage-00/results.json
point_update,0,initial,15,0.8164,5d4f65b1e2d3c5baae6a8d88afd6be1ddcb7bc8b4e02578007d13471638dca35,32ff38bbaa2058aa62490aa20bacfbeab5a52b9e58b45339593217013bd41979,,data/raw/point_update/stage-00/results.json
point_update,0,initial,16,0.8289,b9868fe2065850ebb35787321c158ad842ddaf85f4db379f5b7aeea3438e9989,a13f80e36e644a9856375680dc8d8125d9d137389be8155890890332935860e8,,data/raw/point_update/stage-00/results.json
point_update,0,initial,17,0.8398,5f2a7da6270074c3ac3c4955eb2f8bebb1c90e29b35debc4510b0cda02c17a5f,d06288776a0e79feebe1a8da07c06e319f10c75dfb89dfcd42392fe28147d571,,data/raw/point_update/stage-00/results.json
point_update,0,initial,18,0.8505,dad79d21602af331f5d69a72b4065e2ddffcee879a8db053fbe3bf2c04b1b213,2ec2150f137615312e21d835d882f7924be7fe9affcf6ceef6b3a23bc4291787,,data/raw/point_update/stage-00/results.json
point_update,0,initial,19,0.8589,0ac88349cbef3a78a0cac925437455966a9a502a7a959d3e23ce938a3a13aa96,0374bc421bece47cc1a1c979e2c4dd82f625e345fd2003d5c293910645383820,,data/raw/point_update/stage-00/results.json
point_update,0,initial,20,0.8663,9e477349764d87cfa020ccd6bbac170cc15a43e9724bba9a9212d42c5e5e7e43,950817c176c1ee0eeea4c4a64c1adb16c0c1c5047c770c012eb4971da8a2fdcf,,data/raw/point_update/stage-00/results.json
point_update,0,initial,21,0.874,25e136480fd6d5fcd9c98fdc5fa86aad78e0f6b8195594aade62d856dd7ee6da,2221467f48da2b7ffcb8d98923d8b18a153eb0f29f9f78843979958aee0d49e7,,data/raw/point_update/stage-00/results.json
point_update,0,initial,22,0.8821,09b4d62db000a6077add2c2614bbf53879ade1533a429d1ccfff058cae4f2277,b9fce8f727679829dce1c0f6b325faebb8816fd6ffb1516568ca059e76c02d74,,data/raw/point_update/stage-00/results.json
point_update,0,initial,23,0.8888,9db381c2274037e9bd3f2e2d1b7b359d07fc368c588954a50a115474cde368ed,32b7e7f9d66343936372395279103256f32d16472e238a3ae37d1da07db32816,,data/raw/point_update/stage-00/results.json
point_update,0,initial,24,0.8943,4f4d3636e74b156f6d1b6ec8195d14fb0beee7a6a1c2c92512290a2c6faab43b,b1b1281772671ca22405a72bff0ed4ae210ff4802e9fdc704a32134778437a90,,data/raw/point_update/stage-00/results.json
point_update,0,initial,25,0.8976,2df1316b3cf3bb278ce9943951afaa8fbc3eb2b91affc8f0e7ddbbd1b6eb5eee,28a541518e99ce72c516467baacceedc955ffe8e110e69aadfb43e4dcd50bc4f,"{""ft_false_positives"": 168813, ""ft_fp_rate"": 0.12301133030735162, ""ft_passed_total"": 1372337, ""ft_rejection_rate"": 0.7573668033058611, ""ft_true_positives"": 1203524, ""predicate_checked"": 248370, ""predicate_fp_rate"": 0.6796835366590168, ""total_neighbors"": 5656015}",data/raw/point_update/stage-00/results.json
point_update,0,initial,26,0.9029,5470ea2fee8d25e4e418fb074737d1e4fd9e3afcfe154ce430c484432a74ee34,a43331f8b7d966bc1b218d0ae1585b903dbed27c62ce07e8c5fa8d5abb767c54,"{""ft_false_positives"": 174810, ""ft_fp_rate"": 0.12229589716538804, ""ft_passed_total"": 1429402, ""ft_rejection_rate"": 0.7572815435065517, ""ft_true_positives"": 1254592, ""predicate_checked"": 256796, ""predicate_fp_rate"": 0.6807349024128102, ""total_neighbors"": 5889136}",data/raw/point_update/stage-00/results.json
point_update,0,current,10,0.7276,180099c4bddffb0acd0ea25d8b6321836beed4fe5b298226eb55170d04b16622,98e5c479acbf9cc9f427d739c9cd8cc95125f2eb72a709c57f5f200febda0b96,,data/raw/point_update/stage-00/results.json
point_update,0,current,11,0.752,02bca2f159b68ffa855eff3ca704bd33f87f6920c008c5dd8812a85270c79209,83eae5cc0c35a86e486520c5745707c779a9c223c891ac054b4fc1e2d89befc2,,data/raw/point_update/stage-00/results.json
point_update,0,current,12,0.7729,972c4429c52261dea82c2c559d0ae4d9530f794983cb093b30a4820234bbaf91,60ad42678797f49c90cd86035a7ea65f2d66a23ee3291896de206a83df3d8659,,data/raw/point_update/stage-00/results.json
point_update,0,current,13,0.7888,d4831a22ea1a0de5896ffc5bfd243534dadc73cdb0393c400989394abba5d96f,1879f11fb0fe9ae87417119626611263f39c53121c3c1e837aaa6a9fbcf64cfc,,data/raw/point_update/stage-00/results.json
point_update,0,current,14,0.8041,d056d379b440183cbab98861d550068e050a7f3678f6de1bbca2f3ad53d5d3f7,50582cfe3fbd580d36ee80b3768da795a8e29940984133cd2f91ff082dae7bc3,,data/raw/point_update/stage-00/results.json
point_update,0,current,15,0.8164,5d4f65b1e2d3c5baae6a8d88afd6be1ddcb7bc8b4e02578007d13471638dca35,32ff38bbaa2058aa62490aa20bacfbeab5a52b9e58b45339593217013bd41979,,data/raw/point_update/stage-00/results.json
point_update,0,current,16,0.8289,b9868fe2065850ebb35787321c158ad842ddaf85f4db379f5b7aeea3438e9989,a13f80e36e644a9856375680dc8d8125d9d137389be8155890890332935860e8,,data/raw/point_update/stage-00/results.json
point_update,0,current,17,0.8398,5f2a7da6270074c3ac3c4955eb2f8bebb1c90e29b35debc4510b0cda02c17a5f,d06288776a0e79feebe1a8da07c06e319f10c75dfb89dfcd42392fe28147d571,,data/raw/point_update/stage-00/results.json
point_update,0,current,18,0.8505,dad79d21602af331f5d69a72b4065e2ddffcee879a8db053fbe3bf2c04b1b213,2ec2150f137615312e21d835d882f7924be7fe9affcf6ceef6b3a23bc4291787,,data/raw/point_update/stage-00/results.json
point_update,0,current,19,0.8589,0ac88349cbef3a78a0cac925437455966a9a502a7a959d3e23ce938a3a13aa96,0374bc421bece47cc1a1c979e2c4dd82f625e345fd2003d5c293910645383820,,data/raw/point_update/stage-00/results.json
point_update,0,current,20,0.8663,9e477349764d87cfa020ccd6bbac170cc15a43e9724bba9a9212d42c5e5e7e43,950817c176c1ee0eeea4c4a64c1adb16c0c1c5047c770c012eb4971da8a2fdcf,,data/raw/point_update/stage-00/results.json
point_update,0,current,21,0.874,25e136480fd6d5fcd9c98fdc5fa86aad78e0f6b8195594aade62d856dd7ee6da,2221467f48da2b7ffcb8d98923d8b18a153eb0f29f9f78843979958aee0d49e7,,data/raw/point_update/stage-00/results.json
point_update,0,current,22,0.8821,09b4d62db000a6077add2c2614bbf53879ade1533a429d1ccfff058cae4f2277,b9fce8f727679829dce1c0f6b325faebb8816fd6ffb1516568ca059e76c02d74,,data/raw/point_update/stage-00/results.json
point_update,0,current,23,0.8888,9db381c2274037e9bd3f2e2d1b7b359d07fc368c588954a50a115474cde368ed,32b7e7f9d66343936372395279103256f32d16472e238a3ae37d1da07db32816,,data/raw/point_update/stage-00/results.json
point_update,0,current,24,0.8943,4f4d3636e74b156f6d1b6ec8195d14fb0beee7a6a1c2c92512290a2c6faab43b,b1b1281772671ca22405a72bff0ed4ae210ff4802e9fdc704a32134778437a90,,data/raw/point_update/stage-00/results.json
point_update,0,current,25,0.8976,2df1316b3cf3bb278ce9943951afaa8fbc3eb2b91affc8f0e7ddbbd1b6eb5eee,28a541518e99ce72c516467baacceedc955ffe8e110e69aadfb43e4dcd50bc4f,"{""ft_false_positives"": 168813, ""ft_fp_rate"": 0.12301133030735162, ""ft_passed_total"": 1372337, ""ft_rejection_rate"": 0.7573668033058611, ""ft_true_positives"": 1203524, ""predicate_checked"": 248370, ""predicate_fp_rate"": 0.6796835366590168, ""total_neighbors"": 5656015}",data/raw/point_update/stage-00/results.json
point_update,0,current,26,0.9029,5470ea2fee8d25e4e418fb074737d1e4fd9e3afcfe154ce430c484432a74ee34,a43331f8b7d966bc1b218d0ae1585b903dbed27c62ce07e8c5fa8d5abb767c54,"{""ft_false_positives"": 174810, ""ft_fp_rate"": 0.12229589716538804, ""ft_passed_total"": 1429402, ""ft_rejection_rate"": 0.7572815435065517, ""ft_true_positives"": 1254592, ""predicate_checked"": 256796, ""predicate_fp_rate"": 0.6807349024128102, ""total_neighbors"": 5889136}",data/raw/point_update/stage-00/results.json
point_update,1,initial,10,0.7276,180099c4bddffb0acd0ea25d8b6321836beed4fe5b298226eb55170d04b16622,98e5c479acbf9cc9f427d739c9cd8cc95125f2eb72a709c57f5f200febda0b96,,data/raw/point_update/stage-01/results.json
point_update,1,initial,11,0.752,02bca2f159b68ffa855eff3ca704bd33f87f6920c008c5dd8812a85270c79209,83eae5cc0c35a86e486520c5745707c779a9c223c891ac054b4fc1e2d89befc2,,data/raw/point_update/stage-01/results.json
point_update,1,initial,12,0.7729,972c4429c52261dea82c2c559d0ae4d9530f794983cb093b30a4820234bbaf91,60ad42678797f49c90cd86035a7ea65f2d66a23ee3291896de206a83df3d8659,,data/raw/point_update/stage-01/results.json
point_update,1,initial,13,0.7888,d4831a22ea1a0de5896ffc5bfd243534dadc73cdb0393c400989394abba5d96f,1879f11fb0fe9ae87417119626611263f39c53121c3c1e837aaa6a9fbcf64cfc,,data/raw/point_update/stage-01/results.json
point_update,1,initial,14,0.8041,d056d379b440183cbab98861d550068e050a7f3678f6de1bbca2f3ad53d5d3f7,50582cfe3fbd580d36ee80b3768da795a8e29940984133cd2f91ff082dae7bc3,,data/raw/point_update/stage-01/results.json
point_update,1,initial,15,0.8164,5d4f65b1e2d3c5baae6a8d88afd6be1ddcb7bc8b4e02578007d13471638dca35,32ff38bbaa2058aa62490aa20bacfbeab5a52b9e58b45339593217013bd41979,,data/raw/point_update/stage-01/results.json
point_update,1,initial,16,0.8289,b9868fe2065850ebb35787321c158ad842ddaf85f4db379f5b7aeea3438e9989,a13f80e36e644a9856375680dc8d8125d9d137389be8155890890332935860e8,,data/raw/point_update/stage-01/results.json
point_update,1,initial,17,0.8398,5f2a7da6270074c3ac3c4955eb2f8bebb1c90e29b35debc4510b0cda02c17a5f,d06288776a0e79feebe1a8da07c06e319f10c75dfb89dfcd42392fe28147d571,,data/raw/point_update/stage-01/results.json
point_update,1,initial,18,0.8505,dad79d21602af331f5d69a72b4065e2ddffcee879a8db053fbe3bf2c04b1b213,2ec2150f137615312e21d835d882f7924be7fe9affcf6ceef6b3a23bc4291787,,data/raw/point_update/stage-01/results.json
point_update,1,initial,19,0.8589,0ac88349cbef3a78a0cac925437455966a9a502a7a959d3e23ce938a3a13aa96,0374bc421bece47cc1a1c979e2c4dd82f625e345fd2003d5c293910645383820,,data/raw/point_update/stage-01/results.json
point_update,1,initial,20,0.8663,9e477349764d87cfa020ccd6bbac170cc15a43e9724bba9a9212d42c5e5e7e43,950817c176c1ee0eeea4c4a64c1adb16c0c1c5047c770c012eb4971da8a2fdcf,,data/raw/point_update/stage-01/results.json
point_update,1,initial,21,0.874,25e136480fd6d5fcd9c98fdc5fa86aad78e0f6b8195594aade62d856dd7ee6da,2221467f48da2b7ffcb8d98923d8b18a153eb0f29f9f78843979958aee0d49e7,,data/raw/point_update/stage-01/results.json
point_update,1,initial,22,0.8821,09b4d62db000a6077add2c2614bbf53879ade1533a429d1ccfff058cae4f2277,b9fce8f727679829dce1c0f6b325faebb8816fd6ffb1516568ca059e76c02d74,,data/raw/point_update/stage-01/results.json
point_update,1,initial,23,0.8888,9db381c2274037e9bd3f2e2d1b7b359d07fc368c588954a50a115474cde368ed,32b7e7f9d66343936372395279103256f32d16472e238a3ae37d1da07db32816,,data/raw/point_update/stage-01/results.json
point_update,1,initial,24,0.8943,4f4d3636e74b156f6d1b6ec8195d14fb0beee7a6a1c2c92512290a2c6faab43b,b1b1281772671ca22405a72bff0ed4ae210ff4802e9fdc704a32134778437a90,,data/raw/point_update/stage-01/results.json
point_update,1,initial,25,0.8976,2df1316b3cf3bb278ce9943951afaa8fbc3eb2b91affc8f0e7ddbbd1b6eb5eee,28a541518e99ce72c516467baacceedc955ffe8e110e69aadfb43e4dcd50bc4f,"{""ft_false_positives"": 168813, ""ft_fp_rate"": 0.12301133030735162, ""ft_passed_total"": 1372337, ""ft_rejection_rate"": 0.7573668033058611, ""ft_true_positives"": 1203524, ""predicate_checked"": 248370, ""predicate_fp_rate"": 0.6796835366590168, ""total_neighbors"": 5656015}",data/raw/point_update/stage-01/results.json
point_update,1,initial,26,0.9029,5470ea2fee8d25e4e418fb074737d1e4fd9e3afcfe154ce430c484432a74ee34,a43331f8b7d966bc1b218d0ae1585b903dbed27c62ce07e8c5fa8d5abb767c54,"{""ft_false_positives"": 174810, ""ft_fp_rate"": 0.12229589716538804, ""ft_passed_total"": 1429402, ""ft_rejection_rate"": 0.7572815435065517, ""ft_true_positives"": 1254592, ""predicate_checked"": 256796, ""predicate_fp_rate"": 0.6807349024128102, ""total_neighbors"": 5889136}",data/raw/point_update/stage-01/results.json
point_update,1,current,10,0.8395,2a1df12dd1bfba0ab307337a332a20dbea59cfec2d7a87b8db88ea1c0ffaa14b,892affee7bad6bd4844a7a756fabf17eb163dc443227199f25bd8c8c5e5ccdf7,,data/raw/point_update/stage-01/results.json
point_update,1,current,11,0.8566,8e89e7b48662c9e50539fbe837ee53dcd65afa18fe3c0fb5cdf30a20f2d7182d,32bebe5312753355cf505ae55eed6cc7b7f8481a5df96cc9367db1237dabc5e2,,data/raw/point_update/stage-01/results.json
point_update,1,current,12,0.8684,0413a4b149e5bcacbc38fee985193339df815aedbdfc1a2e8b90a3f81a93322b,5b9f9ccd5c703f51c446618f87a2fc60ed01a04df4596fac72c50298d44844ef,,data/raw/point_update/stage-01/results.json
point_update,1,current,13,0.8814,16d3868caf33706d5b99896d3b67d14ef4f75b0ea116a928c2fa37ada5a983c9,53241c1c453533ea0d7746ee6841dcc6a3b6a2d368ba1e90f916e84880fcfd3e,,data/raw/point_update/stage-01/results.json
point_update,1,current,14,0.8898,ca3d01083ac4461e2830dd0549f897e71a20295da684d1586b54b055e5e6562f,a64d113ff2708bc4a0c19d64f13e26028aa622aac2c61661e0cf458747b40f51,,data/raw/point_update/stage-01/results.json
point_update,1,current,15,0.8985,19697e1efac297b4f1d48103849a5c3b68e4d98304db6f5ef695355b04f3ee27,7a5a357ff7d1bd37663c9807ddcef00086f7ab45e69a0a8bc6afef409c97f3fd,"{""ft_false_positives"": 157397, ""ft_fp_rate"": 0.11358696279703484, ""ft_passed_total"": 1385696, ""ft_rejection_rate"": 0.726808849234404, ""ft_true_positives"": 1228299, ""predicate_checked"": 210863, ""predicate_fp_rate"": 0.7464420026272983, ""total_neighbors"": 5072258}",data/raw/point_update/stage-01/results.json
point_update,1,current,16,0.9065,7c002c091d4df4892d4befc876920d4ef061db7725a2148e94e1c4a0a3f3266f,5115aa1b62b7288e572447b0d3eec83b936d77f69563be436e5bf1c0cbdac14b,"{""ft_false_positives"": 166062, ""ft_fp_rate"": 0.11260112518401037, ""ft_passed_total"": 1474781, ""ft_rejection_rate"": 0.7270600632907527, ""ft_true_positives"": 1308719, ""predicate_checked"": 222259, ""predicate_fp_rate"": 0.7471553457902718, ""total_neighbors"": 5403317}",data/raw/point_update/stage-01/results.json
point_update,2,initial,10,0.7276,180099c4bddffb0acd0ea25d8b6321836beed4fe5b298226eb55170d04b16622,98e5c479acbf9cc9f427d739c9cd8cc95125f2eb72a709c57f5f200febda0b96,,data/raw/point_update/stage-02/results.json
point_update,2,initial,11,0.752,02bca2f159b68ffa855eff3ca704bd33f87f6920c008c5dd8812a85270c79209,83eae5cc0c35a86e486520c5745707c779a9c223c891ac054b4fc1e2d89befc2,,data/raw/point_update/stage-02/results.json
point_update,2,initial,12,0.7729,972c4429c52261dea82c2c559d0ae4d9530f794983cb093b30a4820234bbaf91,60ad42678797f49c90cd86035a7ea65f2d66a23ee3291896de206a83df3d8659,,data/raw/point_update/stage-02/results.json
point_update,2,initial,13,0.7888,d4831a22ea1a0de5896ffc5bfd243534dadc73cdb0393c400989394abba5d96f,1879f11fb0fe9ae87417119626611263f39c53121c3c1e837aaa6a9fbcf64cfc,,data/raw/point_update/stage-02/results.json
point_update,2,initial,14,0.8041,d056d379b440183cbab98861d550068e050a7f3678f6de1bbca2f3ad53d5d3f7,50582cfe3fbd580d36ee80b3768da795a8e29940984133cd2f91ff082dae7bc3,,data/raw/point_update/stage-02/results.json
point_update,2,initial,15,0.8164,5d4f65b1e2d3c5baae6a8d88afd6be1ddcb7bc8b4e02578007d13471638dca35,32ff38bbaa2058aa62490aa20bacfbeab5a52b9e58b45339593217013bd41979,,data/raw/point_update/stage-02/results.json
point_update,2,initial,16,0.8289,b9868fe2065850ebb35787321c158ad842ddaf85f4db379f5b7aeea3438e9989,a13f80e36e644a9856375680dc8d8125d9d137389be8155890890332935860e8,,data/raw/point_update/stage-02/results.json
point_update,2,initial,17,0.8398,5f2a7da6270074c3ac3c4955eb2f8bebb1c90e29b35debc4510b0cda02c17a5f,d06288776a0e79feebe1a8da07c06e319f10c75dfb89dfcd42392fe28147d571,,data/raw/point_update/stage-02/results.json
point_update,2,initial,18,0.8505,dad79d21602af331f5d69a72b4065e2ddffcee879a8db053fbe3bf2c04b1b213,2ec2150f137615312e21d835d882f7924be7fe9affcf6ceef6b3a23bc4291787,,data/raw/point_update/stage-02/results.json
point_update,2,initial,19,0.8589,0ac88349cbef3a78a0cac925437455966a9a502a7a959d3e23ce938a3a13aa96,0374bc421bece47cc1a1c979e2c4dd82f625e345fd2003d5c293910645383820,,data/raw/point_update/stage-02/results.json
point_update,2,initial,20,0.8663,9e477349764d87cfa020ccd6bbac170cc15a43e9724bba9a9212d42c5e5e7e43,950817c176c1ee0eeea4c4a64c1adb16c0c1c5047c770c012eb4971da8a2fdcf,,data/raw/point_update/stage-02/results.json
point_update,2,initial,21,0.874,25e136480fd6d5fcd9c98fdc5fa86aad78e0f6b8195594aade62d856dd7ee6da,2221467f48da2b7ffcb8d98923d8b18a153eb0f29f9f78843979958aee0d49e7,,data/raw/point_update/stage-02/results.json
point_update,2,initial,22,0.8821,09b4d62db000a6077add2c2614bbf53879ade1533a429d1ccfff058cae4f2277,b9fce8f727679829dce1c0f6b325faebb8816fd6ffb1516568ca059e76c02d74,,data/raw/point_update/stage-02/results.json
point_update,2,initial,23,0.8888,9db381c2274037e9bd3f2e2d1b7b359d07fc368c588954a50a115474cde368ed,32b7e7f9d66343936372395279103256f32d16472e238a3ae37d1da07db32816,,data/raw/point_update/stage-02/results.json
point_update,2,initial,24,0.8943,4f4d3636e74b156f6d1b6ec8195d14fb0beee7a6a1c2c92512290a2c6faab43b,b1b1281772671ca22405a72bff0ed4ae210ff4802e9fdc704a32134778437a90,,data/raw/point_update/stage-02/results.json
point_update,2,initial,25,0.8976,2df1316b3cf3bb278ce9943951afaa8fbc3eb2b91affc8f0e7ddbbd1b6eb5eee,28a541518e99ce72c516467baacceedc955ffe8e110e69aadfb43e4dcd50bc4f,"{""ft_false_positives"": 168813, ""ft_fp_rate"": 0.12301133030735162, ""ft_passed_total"": 1372337, ""ft_rejection_rate"": 0.7573668033058611, ""ft_true_positives"": 1203524, ""predicate_checked"": 248370, ""predicate_fp_rate"": 0.6796835366590168, ""total_neighbors"": 5656015}",data/raw/point_update/stage-02/results.json
point_update,2,initial,26,0.9029,5470ea2fee8d25e4e418fb074737d1e4fd9e3afcfe154ce430c484432a74ee34,a43331f8b7d966bc1b218d0ae1585b903dbed27c62ce07e8c5fa8d5abb767c54,"{""ft_false_positives"": 174810, ""ft_fp_rate"": 0.12229589716538804, ""ft_passed_total"": 1429402, ""ft_rejection_rate"": 0.7572815435065517, ""ft_true_positives"": 1254592, ""predicate_checked"": 256796, ""predicate_fp_rate"": 0.6807349024128102, ""total_neighbors"": 5889136}",data/raw/point_update/stage-02/results.json
point_update,2,current,10,0.8536,b262ed5e0e3606c5f680a8f034b953c509c32b2a995bbab6d2ff60248aa66ecc,210cc6d4c25fd8780bdcbd809242ac699218c260791494caa306ded301edb01a,,data/raw/point_update/stage-02/results.json
point_update,2,current,11,0.8656,b70a8368279962d0a90416684d72c32ec53d105766ede08fa1bf35a1b170f920,148c05e1b51458418f04a52ddedacfd74302986007060a99171f68677e1715d8,,data/raw/point_update/stage-02/results.json
point_update,2,current,12,0.8801,7d10125ff8ebd921db0746580d8b5a2185e6d3ddb260c8b492a6f988ab531928,77e9bf913f07106cbde9befe4de1355dbfc212b4375e776ac6142b3ae7778b55,,data/raw/point_update/stage-02/results.json
point_update,2,current,13,0.8903,060d028ebde67ffd1d8fe523fa2a4bb904be1d7923d2a5fae2a138778dfd242a,082404564e0dab72caa293d74a6f5a55b083f212802d65bcc8d8c46fe20a78d3,,data/raw/point_update/stage-02/results.json
point_update,2,current,14,0.8997,24ad824e1d71fc3a4e0018ee2f0544cb3928d9c579aa35e791604df199ffb159,547d6be8feff61f12b1115ee9e8dcee7b21e096653c3d06b4e52a8e32eec11e1,"{""ft_false_positives"": 157491, ""ft_fp_rate"": 0.11140333069015301, ""ft_passed_total"": 1413701, ""ft_rejection_rate"": 0.7149711322031382, ""ft_true_positives"": 1256210, ""predicate_checked"": 207418, ""predicate_fp_rate"": 0.7592928289733775, ""total_neighbors"": 4959852}",data/raw/point_update/stage-02/results.json
point_update,2,current,15,0.9075,9dd6dc9e4ddf1e276bd283b97f59af49493e668f7d2a7de553abc6685726dd8a,72b3949acb63701644c498263c1fba762877bba3a4c39a44b886c9d17fba842a,"{""ft_false_positives"": 166855, ""ft_fp_rate"": 0.10975187019870512, ""ft_passed_total"": 1520293, ""ft_rejection_rate"": 0.7152792890245963, ""ft_true_positives"": 1353438, ""predicate_checked"": 219493, ""predicate_fp_rate"": 0.7601836960632002, ""total_neighbors"": 5339594}",data/raw/point_update/stage-02/results.json
point_update,3,initial,10,0.7276,180099c4bddffb0acd0ea25d8b6321836beed4fe5b298226eb55170d04b16622,98e5c479acbf9cc9f427d739c9cd8cc95125f2eb72a709c57f5f200febda0b96,,data/raw/point_update/stage-03/results.json
point_update,3,initial,11,0.752,02bca2f159b68ffa855eff3ca704bd33f87f6920c008c5dd8812a85270c79209,83eae5cc0c35a86e486520c5745707c779a9c223c891ac054b4fc1e2d89befc2,,data/raw/point_update/stage-03/results.json
point_update,3,initial,12,0.7729,972c4429c52261dea82c2c559d0ae4d9530f794983cb093b30a4820234bbaf91,60ad42678797f49c90cd86035a7ea65f2d66a23ee3291896de206a83df3d8659,,data/raw/point_update/stage-03/results.json
point_update,3,initial,13,0.7888,d4831a22ea1a0de5896ffc5bfd243534dadc73cdb0393c400989394abba5d96f,1879f11fb0fe9ae87417119626611263f39c53121c3c1e837aaa6a9fbcf64cfc,,data/raw/point_update/stage-03/results.json
point_update,3,initial,14,0.8041,d056d379b440183cbab98861d550068e050a7f3678f6de1bbca2f3ad53d5d3f7,50582cfe3fbd580d36ee80b3768da795a8e29940984133cd2f91ff082dae7bc3,,data/raw/point_update/stage-03/results.json
point_update,3,initial,15,0.8164,5d4f65b1e2d3c5baae6a8d88afd6be1ddcb7bc8b4e02578007d13471638dca35,32ff38bbaa2058aa62490aa20bacfbeab5a52b9e58b45339593217013bd41979,,data/raw/point_update/stage-03/results.json
point_update,3,initial,16,0.8289,b9868fe2065850ebb35787321c158ad842ddaf85f4db379f5b7aeea3438e9989,a13f80e36e644a9856375680dc8d8125d9d137389be8155890890332935860e8,,data/raw/point_update/stage-03/results.json
point_update,3,initial,17,0.8398,5f2a7da6270074c3ac3c4955eb2f8bebb1c90e29b35debc4510b0cda02c17a5f,d06288776a0e79feebe1a8da07c06e319f10c75dfb89dfcd42392fe28147d571,,data/raw/point_update/stage-03/results.json
point_update,3,initial,18,0.8505,dad79d21602af331f5d69a72b4065e2ddffcee879a8db053fbe3bf2c04b1b213,2ec2150f137615312e21d835d882f7924be7fe9affcf6ceef6b3a23bc4291787,,data/raw/point_update/stage-03/results.json
point_update,3,initial,19,0.8589,0ac88349cbef3a78a0cac925437455966a9a502a7a959d3e23ce938a3a13aa96,0374bc421bece47cc1a1c979e2c4dd82f625e345fd2003d5c293910645383820,,data/raw/point_update/stage-03/results.json
point_update,3,initial,20,0.8663,9e477349764d87cfa020ccd6bbac170cc15a43e9724bba9a9212d42c5e5e7e43,950817c176c1ee0eeea4c4a64c1adb16c0c1c5047c770c012eb4971da8a2fdcf,,data/raw/point_update/stage-03/results.json
point_update,3,initial,21,0.874,25e136480fd6d5fcd9c98fdc5fa86aad78e0f6b8195594aade62d856dd7ee6da,2221467f48da2b7ffcb8d98923d8b18a153eb0f29f9f78843979958aee0d49e7,,data/raw/point_update/stage-03/results.json
point_update,3,initial,22,0.8821,09b4d62db000a6077add2c2614bbf53879ade1533a429d1ccfff058cae4f2277,b9fce8f727679829dce1c0f6b325faebb8816fd6ffb1516568ca059e76c02d74,,data/raw/point_update/stage-03/results.json
point_update,3,initial,23,0.8888,9db381c2274037e9bd3f2e2d1b7b359d07fc368c588954a50a115474cde368ed,32b7e7f9d66343936372395279103256f32d16472e238a3ae37d1da07db32816,,data/raw/point_update/stage-03/results.json
point_update,3,initial,24,0.8943,4f4d3636e74b156f6d1b6ec8195d14fb0beee7a6a1c2c92512290a2c6faab43b,b1b1281772671ca22405a72bff0ed4ae210ff4802e9fdc704a32134778437a90,,data/raw/point_update/stage-03/results.json
point_update,3,initial,25,0.8976,2df1316b3cf3bb278ce9943951afaa8fbc3eb2b91affc8f0e7ddbbd1b6eb5eee,28a541518e99ce72c516467baacceedc955ffe8e110e69aadfb43e4dcd50bc4f,"{""ft_false_positives"": 168813, ""ft_fp_rate"": 0.12301133030735162, ""ft_passed_total"": 1372337, ""ft_rejection_rate"": 0.7573668033058611, ""ft_true_positives"": 1203524, ""predicate_checked"": 248370, ""predicate_fp_rate"": 0.6796835366590168, ""total_neighbors"": 5656015}",data/raw/point_update/stage-03/results.json
point_update,3,initial,26,0.9029,5470ea2fee8d25e4e418fb074737d1e4fd9e3afcfe154ce430c484432a74ee34,a43331f8b7d966bc1b218d0ae1585b903dbed27c62ce07e8c5fa8d5abb767c54,"{""ft_false_positives"": 174810, ""ft_fp_rate"": 0.12229589716538804, ""ft_passed_total"": 1429402, ""ft_rejection_rate"": 0.7572815435065517, ""ft_true_positives"": 1254592, ""predicate_checked"": 256796, ""predicate_fp_rate"": 0.6807349024128102, ""total_neighbors"": 5889136}",data/raw/point_update/stage-03/results.json
point_update,3,current,10,0.8545,92533d75f901193e3ba311c3f3a43f37ea65a041eb055240c1c03b1355531a9b,bfd8fef057cff9492e9845267e23b1a1ef0a7c7b1f9e826146ba8c5696d64270,,data/raw/point_update/stage-03/results.json
point_update,3,current,11,0.8672,9a1b9dfb8020e8ef5b39e7c894668fa3c7a909dbdc46f3e96a16fc8e13d811a1,944c5917d189ff24bae7d48bd8bb4b02bdf30eec61fdcda2d979ad5643dfdbc8,,data/raw/point_update/stage-03/results.json
point_update,3,current,12,0.8815,debce78d7d00b4a5be8a591cf9d072f143d0df893d131452b9c566ad8a5deb92,2857469de51f93bbbca826ccc27f62bb4656d07a259986556e37b0f05f0dfd66,,data/raw/point_update/stage-03/results.json
point_update,3,current,13,0.8936,853bc2da8ec9ffaf3fa9435aaa7065a4f449755f659ad9f3e4dd93920013b613,d1bd12b58318a8fa2914081187bbf7b1b607fc57559f2970d3816b880bf4daac,"{""ft_false_positives"": 150467, ""ft_fp_rate"": 0.11189658339387981, ""ft_passed_total"": 1344697, ""ft_rejection_rate"": 0.7112926333833371, ""ft_true_positives"": 1194230, ""predicate_checked"": 197902, ""predicate_fp_rate"": 0.7603106588109266, ""total_neighbors"": 4657647}",data/raw/point_update/stage-03/results.json
point_update,3,current,14,0.9039,79d53fef5cb1493867cc88875e7710d2241bd8e5d573f03e2e8d1adc8fdc4307,40bcbd6f1e75dcd9a84f41aa579583c0a9a6763d2ca375fdfbb210164faf5273,"{""ft_false_positives"": 160328, ""ft_fp_rate"": 0.11019091382692257, ""ft_passed_total"": 1455002, ""ft_rejection_rate"": 0.7116282812395329, ""ft_true_positives"": 1294674, ""predicate_checked"": 210502, ""predicate_fp_rate"": 0.7616459701095476, ""total_neighbors"": 5045578}",data/raw/point_update/stage-03/results.json
point_update,4,initial,10,0.7276,180099c4bddffb0acd0ea25d8b6321836beed4fe5b298226eb55170d04b16622,98e5c479acbf9cc9f427d739c9cd8cc95125f2eb72a709c57f5f200febda0b96,,data/raw/point_update/stage-04/results.json
point_update,4,initial,11,0.752,02bca2f159b68ffa855eff3ca704bd33f87f6920c008c5dd8812a85270c79209,83eae5cc0c35a86e486520c5745707c779a9c223c891ac054b4fc1e2d89befc2,,data/raw/point_update/stage-04/results.json
point_update,4,initial,12,0.7729,972c4429c52261dea82c2c559d0ae4d9530f794983cb093b30a4820234bbaf91,60ad42678797f49c90cd86035a7ea65f2d66a23ee3291896de206a83df3d8659,,data/raw/point_update/stage-04/results.json
point_update,4,initial,13,0.7888,d4831a22ea1a0de5896ffc5bfd243534dadc73cdb0393c400989394abba5d96f,1879f11fb0fe9ae87417119626611263f39c53121c3c1e837aaa6a9fbcf64cfc,,data/raw/point_update/stage-04/results.json
point_update,4,initial,14,0.8041,d056d379b440183cbab98861d550068e050a7f3678f6de1bbca2f3ad53d5d3f7,50582cfe3fbd580d36ee80b3768da795a8e29940984133cd2f91ff082dae7bc3,,data/raw/point_update/stage-04/results.json
point_update,4,initial,15,0.8164,5d4f65b1e2d3c5baae6a8d88afd6be1ddcb7bc8b4e02578007d13471638dca35,32ff38bbaa2058aa62490aa20bacfbeab5a52b9e58b45339593217013bd41979,,data/raw/point_update/stage-04/results.json
point_update,4,initial,16,0.8289,b9868fe2065850ebb35787321c158ad842ddaf85f4db379f5b7aeea3438e9989,a13f80e36e644a9856375680dc8d8125d9d137389be8155890890332935860e8,,data/raw/point_update/stage-04/results.json
point_update,4,initial,17,0.8398,5f2a7da6270074c3ac3c4955eb2f8bebb1c90e29b35debc4510b0cda02c17a5f,d06288776a0e79feebe1a8da07c06e319f10c75dfb89dfcd42392fe28147d571,,data/raw/point_update/stage-04/results.json
point_update,4,initial,18,0.8505,dad79d21602af331f5d69a72b4065e2ddffcee879a8db053fbe3bf2c04b1b213,2ec2150f137615312e21d835d882f7924be7fe9affcf6ceef6b3a23bc4291787,,data/raw/point_update/stage-04/results.json
point_update,4,initial,19,0.8589,0ac88349cbef3a78a0cac925437455966a9a502a7a959d3e23ce938a3a13aa96,0374bc421bece47cc1a1c979e2c4dd82f625e345fd2003d5c293910645383820,,data/raw/point_update/stage-04/results.json
point_update,4,initial,20,0.8663,9e477349764d87cfa020ccd6bbac170cc15a43e9724bba9a9212d42c5e5e7e43,950817c176c1ee0eeea4c4a64c1adb16c0c1c5047c770c012eb4971da8a2fdcf,,data/raw/point_update/stage-04/results.json
point_update,4,initial,21,0.874,25e136480fd6d5fcd9c98fdc5fa86aad78e0f6b8195594aade62d856dd7ee6da,2221467f48da2b7ffcb8d98923d8b18a153eb0f29f9f78843979958aee0d49e7,,data/raw/point_update/stage-04/results.json
point_update,4,initial,22,0.8821,09b4d62db000a6077add2c2614bbf53879ade1533a429d1ccfff058cae4f2277,b9fce8f727679829dce1c0f6b325faebb8816fd6ffb1516568ca059e76c02d74,,data/raw/point_update/stage-04/results.json
point_update,4,initial,23,0.8888,9db381c2274037e9bd3f2e2d1b7b359d07fc368c588954a50a115474cde368ed,32b7e7f9d66343936372395279103256f32d16472e238a3ae37d1da07db32816,,data/raw/point_update/stage-04/results.json
point_update,4,initial,24,0.8943,4f4d3636e74b156f6d1b6ec8195d14fb0beee7a6a1c2c92512290a2c6faab43b,b1b1281772671ca22405a72bff0ed4ae210ff4802e9fdc704a32134778437a90,,data/raw/point_update/stage-04/results.json
point_update,4,initial,25,0.8976,2df1316b3cf3bb278ce9943951afaa8fbc3eb2b91affc8f0e7ddbbd1b6eb5eee,28a541518e99ce72c516467baacceedc955ffe8e110e69aadfb43e4dcd50bc4f,"{""ft_false_positives"": 168813, ""ft_fp_rate"": 0.12301133030735162, ""ft_passed_total"": 1372337, ""ft_rejection_rate"": 0.7573668033058611, ""ft_true_positives"": 1203524, ""predicate_checked"": 248370, ""predicate_fp_rate"": 0.6796835366590168, ""total_neighbors"": 5656015}",data/raw/point_update/stage-04/results.json
point_update,4,initial,26,0.9029,5470ea2fee8d25e4e418fb074737d1e4fd9e3afcfe154ce430c484432a74ee34,a43331f8b7d966bc1b218d0ae1585b903dbed27c62ce07e8c5fa8d5abb767c54,"{""ft_false_positives"": 174810, ""ft_fp_rate"": 0.12229589716538804, ""ft_passed_total"": 1429402, ""ft_rejection_rate"": 0.7572815435065517, ""ft_true_positives"": 1254592, ""predicate_checked"": 256796, ""predicate_fp_rate"": 0.6807349024128102, ""total_neighbors"": 5889136}",data/raw/point_update/stage-04/results.json
point_update,4,current,10,0.8565,852ad0e15df0b3a98eb7bb3d3de60cc0493005f4a3c363e096a116b6b7fe42c9,27494ed4a056f9e67f42d42e4fbe389eb4c6624f3e65f5dc573a4f2f03dcec6c,,data/raw/point_update/stage-04/results.json
point_update,4,current,11,0.8683,13ca1a725d3ab404cfb1e265392c88dbc3048141e5786ba7b0e02114e4ab2ecf,70fd60363b7ebb5e7ddc3cbdbb6410efef5fee066e2a99b1708bf711788fdd22,,data/raw/point_update/stage-04/results.json
point_update,4,current,12,0.8824,b2708a1b90578874c9c26f27d2f744c9ca981639af218f3948c8d9dad93a78ad,4dd63e65c7789873bb030fc54b8eb156589d641d14e96d5f14391bf0647df265,,data/raw/point_update/stage-04/results.json
point_update,4,current,13,0.8925,53e2cd3f4f1f4ac7a18f60e61edfcbfb718d9ee1824264d571fa04875cc7dc49,7db5d2bb623b1eb26eebc0f03c68b6c555f294de02b06726c22432441bd9f2f8,"{""ft_false_positives"": 150443, ""ft_fp_rate"": 0.11252188650654332, ""ft_passed_total"": 1337011, ""ft_rejection_rate"": 0.7105629579919253, ""ft_true_positives"": 1186568, ""predicate_checked"": 197906, ""predicate_fp_rate"": 0.7601740220104494, ""total_neighbors"": 4619350}",data/raw/point_update/stage-04/results.json
point_update,4,current,14,0.9024,2db9b801bcf886e75c97be58d9d372ea27f874c916a1347d54b952ddeecc6148,fd938e7039cd23eec7ed052293d1984d673a4165d596715203e36cfa7c74c032,"{""ft_false_positives"": 159817, ""ft_fp_rate"": 0.11095343853118272, ""ft_passed_total"": 1440397, ""ft_rejection_rate"": 0.7107113154408057, ""ft_true_positives"": 1280580, ""predicate_checked"": 210120, ""predicate_fp_rate"": 0.7605987055016181, ""total_neighbors"": 4979099}",data/raw/point_update/stage-04/results.json
point_update,5,initial,10,0.7276,180099c4bddffb0acd0ea25d8b6321836beed4fe5b298226eb55170d04b16622,98e5c479acbf9cc9f427d739c9cd8cc95125f2eb72a709c57f5f200febda0b96,,data/raw/point_update/stage-05/results.json
point_update,5,initial,11,0.752,02bca2f159b68ffa855eff3ca704bd33f87f6920c008c5dd8812a85270c79209,83eae5cc0c35a86e486520c5745707c779a9c223c891ac054b4fc1e2d89befc2,,data/raw/point_update/stage-05/results.json
point_update,5,initial,12,0.7729,972c4429c52261dea82c2c559d0ae4d9530f794983cb093b30a4820234bbaf91,60ad42678797f49c90cd86035a7ea65f2d66a23ee3291896de206a83df3d8659,,data/raw/point_update/stage-05/results.json
point_update,5,initial,13,0.7888,d4831a22ea1a0de5896ffc5bfd243534dadc73cdb0393c400989394abba5d96f,1879f11fb0fe9ae87417119626611263f39c53121c3c1e837aaa6a9fbcf64cfc,,data/raw/point_update/stage-05/results.json
point_update,5,initial,14,0.8041,d056d379b440183cbab98861d550068e050a7f3678f6de1bbca2f3ad53d5d3f7,50582cfe3fbd580d36ee80b3768da795a8e29940984133cd2f91ff082dae7bc3,,data/raw/point_update/stage-05/results.json
point_update,5,initial,15,0.8164,5d4f65b1e2d3c5baae6a8d88afd6be1ddcb7bc8b4e02578007d13471638dca35,32ff38bbaa2058aa62490aa20bacfbeab5a52b9e58b45339593217013bd41979,,data/raw/point_update/stage-05/results.json
point_update,5,initial,16,0.8289,b9868fe2065850ebb35787321c158ad842ddaf85f4db379f5b7aeea3438e9989,a13f80e36e644a9856375680dc8d8125d9d137389be8155890890332935860e8,,data/raw/point_update/stage-05/results.json
point_update,5,initial,17,0.8398,5f2a7da6270074c3ac3c4955eb2f8bebb1c90e29b35debc4510b0cda02c17a5f,d06288776a0e79feebe1a8da07c06e319f10c75dfb89dfcd42392fe28147d571,,data/raw/point_update/stage-05/results.json
point_update,5,initial,18,0.8505,dad79d21602af331f5d69a72b4065e2ddffcee879a8db053fbe3bf2c04b1b213,2ec2150f137615312e21d835d882f7924be7fe9affcf6ceef6b3a23bc4291787,,data/raw/point_update/stage-05/results.json
point_update,5,initial,19,0.8589,0ac88349cbef3a78a0cac925437455966a9a502a7a959d3e23ce938a3a13aa96,0374bc421bece47cc1a1c979e2c4dd82f625e345fd2003d5c293910645383820,,data/raw/point_update/stage-05/results.json
point_update,5,initial,20,0.8663,9e477349764d87cfa020ccd6bbac170cc15a43e9724bba9a9212d42c5e5e7e43,950817c176c1ee0eeea4c4a64c1adb16c0c1c5047c770c012eb4971da8a2fdcf,,data/raw/point_update/stage-05/results.json
point_update,5,initial,21,0.874,25e136480fd6d5fcd9c98fdc5fa86aad78e0f6b8195594aade62d856dd7ee6da,2221467f48da2b7ffcb8d98923d8b18a153eb0f29f9f78843979958aee0d49e7,,data/raw/point_update/stage-05/results.json
point_update,5,initial,22,0.8821,09b4d62db000a6077add2c2614bbf53879ade1533a429d1ccfff058cae4f2277,b9fce8f727679829dce1c0f6b325faebb8816fd6ffb1516568ca059e76c02d74,,data/raw/point_update/stage-05/results.json
point_update,5,initial,23,0.8888,9db381c2274037e9bd3f2e2d1b7b359d07fc368c588954a50a115474cde368ed,32b7e7f9d66343936372395279103256f32d16472e238a3ae37d1da07db32816,,data/raw/point_update/stage-05/results.json
point_update,5,initial,24,0.8943,4f4d3636e74b156f6d1b6ec8195d14fb0beee7a6a1c2c92512290a2c6faab43b,b1b1281772671ca22405a72bff0ed4ae210ff4802e9fdc704a32134778437a90,,data/raw/point_update/stage-05/results.json
point_update,5,initial,25,0.8976,2df1316b3cf3bb278ce9943951afaa8fbc3eb2b91affc8f0e7ddbbd1b6eb5eee,28a541518e99ce72c516467baacceedc955ffe8e110e69aadfb43e4dcd50bc4f,"{""ft_false_positives"": 168813, ""ft_fp_rate"": 0.12301133030735162, ""ft_passed_total"": 1372337, ""ft_rejection_rate"": 0.7573668033058611, ""ft_true_positives"": 1203524, ""predicate_checked"": 248370, ""predicate_fp_rate"": 0.6796835366590168, ""total_neighbors"": 5656015}",data/raw/point_update/stage-05/results.json
point_update,5,initial,26,0.9029,5470ea2fee8d25e4e418fb074737d1e4fd9e3afcfe154ce430c484432a74ee34,a43331f8b7d966bc1b218d0ae1585b903dbed27c62ce07e8c5fa8d5abb767c54,"{""ft_false_positives"": 174810, ""ft_fp_rate"": 0.12229589716538804, ""ft_passed_total"": 1429402, ""ft_rejection_rate"": 0.7572815435065517, ""ft_true_positives"": 1254592, ""predicate_checked"": 256796, ""predicate_fp_rate"": 0.6807349024128102, ""total_neighbors"": 5889136}",data/raw/point_update/stage-05/results.json
point_update,5,current,10,0.8562,ae32223c0665522937e7ff8668fbc32e36adac987c938b8974a88d246b5d422c,83e110effc6b1cdbb758672142a4be31623292d65e4355e1eb3a45e61e5b5533,,data/raw/point_update/stage-05/results.json
point_update,5,current,11,0.8682,b0fcd6619c1f50918b2077ad7f9695cbcde8181d07416f6f28d92136b42ee8d8,052a9e9884c7b878dd00b0b07c89dc49e62840c73e6348dcbf64651a61ad21e8,,data/raw/point_update/stage-05/results.json
point_update,5,current,12,0.8817,29d1f04d76f83d15c534b0fe3e5a0e218543cf4c67e2d1c65f38fe6112ff02be,7e46f6a8fd51c9d57621d9f7274fadcd2e4f4336be07606bc68c9fcc842531d5,,data/raw/point_update/stage-05/results.json
point_update,5,current,13,0.893,16191100f4141da9969d71c8c416257cb1bc23180089f418e5d78eeb9d26999d,fb95bf7ef5ca9480c3380bff59d9a21183db3645ca1a0525c2abcab3d291a346,"{""ft_false_positives"": 152097, ""ft_fp_rate"": 0.11227679840196182, ""ft_passed_total"": 1354661, ""ft_rejection_rate"": 0.7102260609824105, ""ft_true_positives"": 1202564, ""predicate_checked"": 200009, ""predicate_fp_rate"": 0.7604507797149128, ""total_neighbors"": 4674889}",data/raw/point_update/stage-05/results.json
point_update,5,current,14,0.9007,a2f81f10b87698d88ba76b38eb14f0dfa880ae6e4881436c21fb3804d1a77abb,1cb6a50eb6ea047e79de164e4eba9bea92df0615c1bd951befa1f9f58ba0435f,"{""ft_false_positives"": 161560, ""ft_fp_rate"": 0.11081905681705939, ""ft_passed_total"": 1457872, ""ft_rejection_rate"": 0.7104520879270164, ""ft_true_positives"": 1296312, ""predicate_checked"": 212256, ""predicate_fp_rate"": 0.7611563395145484, ""total_neighbors"": 5034994}",data/raw/point_update/stage-05/results.json
