operation,stage,attempt,core,repeat,case,ef,recall,qps,wall_s,thread_cpu_s,process_cpu_s,thread_cpu_wall_ratio,sample_clean,selected_for_paper,rejection_reasons,query_payload_sha256,ground_truth_sha256,raw_results
insert,0,0,24,0,initial_ef25,25,0.8976,2546.753723716726,0.392656734213233,0.3926460310000266,0.39265063300263137,0.9999727415519108,True,True,,5fc3ea9c506f7ca2b250879f15c1674a8e70b1e7afb7c2cea60fa4396c61cb75,467ec6b656020c91ae2da95a53d061ad80e4b6b289686e7691bfb59ee0aa6648,data/raw/insert/stage-00/results.json
insert,0,0,24,1,initial_ef25,25,0.8976,2588.081337569378,0.3863866198807955,0.3861631089999946,0.38616734499373706,0.9994215356606556,True,True,,5fc3ea9c506f7ca2b250879f15c1674a8e70b1e7afb7c2cea60fa4396c61cb75,467ec6b656020c91ae2da95a53d061ad80e4b6b289686e7691bfb59ee0aa6648,data/raw/insert/stage-00/results.json
insert,0,0,24,2,initial_ef25,25,0.8976,2493.188485212265,0.4010928198695183,0.4010851860000457,0.40109439499792643,0.9999809673245335,True,False,,5fc3ea9c506f7ca2b250879f15c1674a8e70b1e7afb7c2cea60fa4396c61cb75,467ec6b656020c91ae2da95a53d061ad80e4b6b289686e7691bfb59ee0aa6648,data/raw/insert/stage-00/results.json
insert,0,0,24,3,initial_ef25,25,0.8976,2574.8135710472716,0.388377632945776,0.3882918780000182,0.38829596099822083,0.9997791970018785,True,True,,5fc3ea9c506f7ca2b250879f15c1674a8e70b1e7afb7c2cea60fa4396c61cb75,467ec6b656020c91ae2da95a53d061ad80e4b6b289686e7691bfb59ee0aa6648,data/raw/insert/stage-00/results.json
insert,0,0,24,4,initial_ef25,25,0.8976,2586.055898721732,0.38668924383819103,0.38668615699998554,0.38668989600409986,0.9999920172638503,True,True,,5fc3ea9c506f7ca2b250879f15c1674a8e70b1e7afb7c2cea60fa4396c61cb75,467ec6b656020c91ae2da95a53d061ad80e4b6b289686e7691bfb59ee0aa6648,data/raw/insert/stage-00/results.json
insert,0,0,24,5,initial_ef25,25,0.8976,2568.635108173434,0.3893118165433407,0.3890856159999885,0.38908969199837884,0.9994189733428576,True,True,,5fc3ea9c506f7ca2b250879f15c1674a8e70b1e7afb7c2cea60fa4396c61cb75,467ec6b656020c91ae2da95a53d061ad80e4b6b289686e7691bfb59ee0aa6648,data/raw/insert/stage-00/results.json
insert,0,0,24,6,initial_ef25,25,0.8976,2574.5675094074154,0.38841475173830986,0.388412733999985,0.38841668399982154,0.9999948051964663,True,True,,5fc3ea9c506f7ca2b250879f15c1674a8e70b1e7afb7c2cea60fa4396c61cb75,467ec6b656020c91ae2da95a53d061ad80e4b6b289686e7691bfb59ee0aa6648,data/raw/insert/stage-00/results.json
insert,0,0,24,7,initial_ef25,25,0.8976,2561.4049087640783,0.3904107455164194,0.3903972479999993,0.3904006879965891,0.9999654273951855,True,True,,5fc3ea9c506f7ca2b250879f15c1674a8e70b1e7afb7c2cea60fa4396c61cb75,467ec6b656020c91ae2da95a53d061ad80e4b6b289686e7691bfb59ee0aa6648,data/raw/insert/stage-00/results.json
insert,0,0,24,0,initial_ef26,26,0.9029,2483.763313760906,0.4026148524135351,0.4026134709999951,0.4026181869994616,0.9999965688957282,True,True,,5fc3ea9c506f7ca2b250879f15c1674a8e70b1e7afb7c2cea60fa4396c61cb75,467ec6b656020c91ae2da95a53d061ad80e4b6b289686e7691bfb59ee0aa6648,data/raw/insert/stage-00/results.json
insert,0,0,24,1,initial_ef26,26,0.9029,2445.553276802598,0.40890542417764664,0.40890386899991427,0.40890961900004186,0.9999961967300006,True,True,,5fc3ea9c506f7ca2b250879f15c1674a8e70b1e7afb7c2cea60fa4396c61cb75,467ec6b656020c91ae2da95a53d061ad80e4b6b289686e7691bfb59ee0aa6648,data/raw/insert/stage-00/results.json
insert,0,0,24,2,initial_ef26,26,0.9029,2446.34270996351,0.4087734706699848,0.40877094100005706,0.40877569599979324,0.9999938115604137,True,False,,5fc3ea9c506f7ca2b250879f15c1674a8e70b1e7afb7c2cea60fa4396c61cb75,467ec6b656020c91ae2da95a53d061ad80e4b6b289686e7691bfb59ee0aa6648,data/raw/insert/stage-00/results.json
insert,0,0,24,3,initial_ef26,26,0.9029,2504.7406008832027,0.399242939427495,0.3992397350000374,0.3992431439983193,0.9999919737404444,True,True,,5fc3ea9c506f7ca2b250879f15c1674a8e70b1e7afb7c2cea60fa4396c61cb75,467ec6b656020c91ae2da95a53d061ad80e4b6b289686e7691bfb59ee0aa6648,data/raw/insert/stage-00/results.json
insert,0,0,24,4,initial_ef26,26,0.9029,2498.349841034635,0.4002641998231411,0.4002046219999329,0.4002082830047584,0.9998511537548586,True,True,,5fc3ea9c506f7ca2b250879f15c1674a8e70b1e7afb7c2cea60fa4396c61cb75,467ec6b656020c91ae2da95a53d061ad80e4b6b289686e7691bfb59ee0aa6648,data/raw/insert/stage-00/results.json
insert,0,0,24,5,initial_ef26,26,0.9029,2485.426157874481,0.40234548784792423,0.40233601700003874,0.4023403489991324,0.9999764609069282,True,True,,5fc3ea9c506f7ca2b250879f15c1674a8e70b1e7afb7c2cea60fa4396c61cb75,467ec6b656020c91ae2da95a53d061ad80e4b6b289686e7691bfb59ee0aa6648,data/raw/insert/stage-00/results.json
insert,0,0,24,6,initial_ef26,26,0.9029,2502.488778125607,0.3996021915227175,0.3995420190000232,0.3995461350059486,0.999849418937206,True,True,,5fc3ea9c506f7ca2b250879f15c1674a8e70b1e7afb7c2cea60fa4396c61cb75,467ec6b656020c91ae2da95a53d061ad80e4b6b289686e7691bfb59ee0aa6648,data/raw/insert/stage-00/results.json
insert,0,0,24,7,initial_ef26,26,0.9029,2500.2141154266615,0.3999657444655895,0.399938450000036,0.39994296099757776,0.9999317579919501,True,True,,5fc3ea9c506f7ca2b250879f15c1674a8e70b1e7afb7c2cea60fa4396c61cb75,467ec6b656020c91ae2da95a53d061ad80e4b6b289686e7691bfb59ee0aa6648,data/raw/insert/stage-00/results.json
insert,0,0,24,0,current_ef25,25,0.8976,2545.3037144943546,0.39288042299449444,0.39283340899999075,0.3928378869968583,0.9998803351051565,True,True,,5fc3ea9c506f7ca2b250879f15c1674a8e70b1e7afb7c2cea60fa4396c61cb75,467ec6b656020c91ae2da95a53d061ad80e4b6b289686e7691bfb59ee0aa6648,data/raw/insert/stage-00/results.json
insert,0,0,24,1,current_ef25,25,0.8976,2485.3418203026986,0.4023591410368681,0.4023286530000405,0.40233308199822204,0.9999242268070535,True,True,,5fc3ea9c506f7ca2b250879f15c1674a8e70b1e7afb7c2cea60fa4396c61cb75,467ec6b656020c91ae2da95a53d061ad80e4b6b289686e7691bfb59ee0aa6648,data/raw/insert/stage-00/results.json
insert,0,0,24,2,current_ef25,25,0.8976,2487.7988702714465,0.4019617550075054,0.4019471120000162,0.4019530509976903,0.999963571142511,False,False,SMT sibling busy or missing utilization interval,5fc3ea9c506f7ca2b250879f15c1674a8e70b1e7afb7c2cea60fa4396c61cb75,467ec6b656020c91ae2da95a53d061ad80e4b6b289686e7691bfb59ee0aa6648,data/raw/insert/stage-00/results.json
insert,0,0,24,3,current_ef25,25,0.8976,2552.009831127369,0.39184802025556564,0.39182089000007636,0.3918247159963357,0.9999307633212704,True,True,,5fc3ea9c506f7ca2b250879f15c1674a8e70b1e7afb7c2cea60fa4396c61cb75,467ec6b656020c91ae2da95a53d061ad80e4b6b289686e7691bfb59ee0aa6648,data/raw/insert/stage-00/results.json
insert,0,0,24,4,current_ef25,25,0.8976,2553.9707398614746,0.3915471639484167,0.39149032099999204,0.3914940570030012,0.999854824772956,True,True,,5fc3ea9c506f7ca2b250879f15c1674a8e70b1e7afb7c2cea60fa4396c61cb75,467ec6b656020c91ae2da95a53d061ad80e4b6b289686e7691bfb59ee0aa6648,data/raw/insert/stage-00/results.json
insert,0,0,24,5,current_ef25,25,0.8976,2563.4573974511827,0.3900981545448303,0.3900964380000005,0.3901004919971456,0.9999955997104579,True,True,,5fc3ea9c506f7ca2b250879f15c1674a8e70b1e7afb7c2cea60fa4396c61cb75,467ec6b656020c91ae2da95a53d061ad80e4b6b289686e7691bfb59ee0aa6648,data/raw/insert/stage-00/results.json
insert,0,0,24,6,current_ef25,25,0.8976,2554.830443219714,0.3914154078811407,0.3913885620000883,0.39139366499875905,0.9999314133258123,True,True,,5fc3ea9c506f7ca2b250879f15c1674a8e70b1e7afb7c2cea60fa4396c61cb75,467ec6b656020c91ae2da95a53d061ad80e4b6b289686e7691bfb59ee0aa6648,data/raw/insert/stage-00/results.json
insert,0,0,24,7,current_ef25,25,0.8976,2552.5251244673027,0.39176891557872295,0.3917576180000424,0.39176211100129876,0.9999711626465722,True,True,,5fc3ea9c506f7ca2b250879f15c1674a8e70b1e7afb7c2cea60fa4396c61cb75,467ec6b656020c91ae2da95a53d061ad80e4b6b289686e7691bfb59ee0aa6648,data/raw/insert/stage-00/results.json
insert,0,0,24,0,current_ef26,26,0.9029,2449.982463354041,0.4081661868840456,0.40816417200005617,0.4081687249999959,0.9999950635695602,True,True,,5fc3ea9c506f7ca2b250879f15c1674a8e70b1e7afb7c2cea60fa4396c61cb75,467ec6b656020c91ae2da95a53d061ad80e4b6b289686e7691bfb59ee0aa6648,data/raw/insert/stage-00/results.json
insert,0,0,24,1,current_ef26,26,0.9029,2363.389404296226,0.4231211319565773,0.42310815599989837,0.42311211000196636,0.9999693327614744,True,True,,5fc3ea9c506f7ca2b250879f15c1674a8e70b1e7afb7c2cea60fa4396c61cb75,467ec6b656020c91ae2da95a53d061ad80e4b6b289686e7691bfb59ee0aa6648,data/raw/insert/stage-00/results.json
insert,0,0,24,2,current_ef26,26,0.9029,2394.0276756299613,0.4177061151713133,0.4177035080000451,0.417708295994089,0.9999937583598288,True,False,,5fc3ea9c506f7ca2b250879f15c1674a8e70b1e7afb7c2cea60fa4396c61cb75,467ec6b656020c91ae2da95a53d061ad80e4b6b289686e7691bfb59ee0aa6648,data/raw/insert/stage-00/results.json
insert,0,0,24,3,current_ef26,26,0.9029,2450.575814957032,0.4080673586577177,0.40796959499994045,0.40797630100132665,0.9997604227446694,True,True,,5fc3ea9c506f7ca2b250879f15c1674a8e70b1e7afb7c2cea60fa4396c61cb75,467ec6b656020c91ae2da95a53d061ad80e4b6b289686e7691bfb59ee0aa6648,data/raw/insert/stage-00/results.json
insert,0,0,24,4,current_ef26,26,0.9029,2437.4655511704223,0.41026220843195915,0.41020005499990475,0.4102037750053569,0.9998485031504803,True,True,,5fc3ea9c506f7ca2b250879f15c1674a8e70b1e7afb7c2cea60fa4396c61cb75,467ec6b656020c91ae2da95a53d061ad80e4b6b289686e7691bfb59ee0aa6648,data/raw/insert/stage-00/results.json
insert,0,0,24,5,current_ef26,26,0.9029,2480.134276912714,0.40320397540926933,0.4032007219999514,0.4032050370005891,0.9999919311080337,True,True,,5fc3ea9c506f7ca2b250879f15c1674a8e70b1e7afb7c2cea60fa4396c61cb75,467ec6b656020c91ae2da95a53d061ad80e4b6b289686e7691bfb59ee0aa6648,data/raw/insert/stage-00/results.json
insert,0,0,24,6,current_ef26,26,0.9029,2471.5261765836276,0.4046082980930805,0.404584782000029,0.4045881680067396,0.9999418793604522,True,True,,5fc3ea9c506f7ca2b250879f15c1674a8e70b1e7afb7c2cea60fa4396c61cb75,467ec6b656020c91ae2da95a53d061ad80e4b6b289686e7691bfb59ee0aa6648,data/raw/insert/stage-00/results.json
insert,0,0,24,7,current_ef26,26,0.9029,2418.0396086709034,0.41355815529823303,0.4135455420000653,0.4135498789983103,0.9999695005454345,True,True,,5fc3ea9c506f7ca2b250879f15c1674a8e70b1e7afb7c2cea60fa4396c61cb75,467ec6b656020c91ae2da95a53d061ad80e4b6b289686e7691bfb59ee0aa6648,data/raw/insert/stage-00/results.json
insert,1,0,24,0,initial_ef25,25,0.8976,2609.047166095416,0.38328168727457523,0.38328077999995,0.38328539299982367,0.9999976328777103,True,True,,5fc3ea9c506f7ca2b250879f15c1674a8e70b1e7afb7c2cea60fa4396c61cb75,467ec6b656020c91ae2da95a53d061ad80e4b6b289686e7691bfb59ee0aa6648,data/raw/insert/stage-01/results.json
insert,1,0,24,1,initial_ef25,25,0.8976,2583.9108523344694,0.3870102558284998,0.3869980319999513,0.387002613999357,0.9999684147167565,True,True,,5fc3ea9c506f7ca2b250879f15c1674a8e70b1e7afb7c2cea60fa4396c61cb75,467ec6b656020c91ae2da95a53d061ad80e4b6b289686e7691bfb59ee0aa6648,data/raw/insert/stage-01/results.json
insert,1,0,24,2,initial_ef25,25,0.8976,2573.176370688109,0.3886247407644987,0.3886167089999617,0.38862070799950743,0.9999793328532784,True,True,,5fc3ea9c506f7ca2b250879f15c1674a8e70b1e7afb7c2cea60fa4396c61cb75,467ec6b656020c91ae2da95a53d061ad80e4b6b289686e7691bfb59ee0aa6648,data/raw/insert/stage-01/results.json
insert,1,0,24,3,initial_ef25,25,0.8976,2590.6845267232225,0.38599836826324463,0.3859966690000647,0.38600084299832815,0.9999955977451729,True,True,,5fc3ea9c506f7ca2b250879f15c1674a8e70b1e7afb7c2cea60fa4396c61cb75,467ec6b656020c91ae2da95a53d061ad80e4b6b289686e7691bfb59ee0aa6648,data/raw/insert/stage-01/results.json
insert,1,0,24,4,initial_ef25,25,0.8976,2569.963886867727,0.38911052606999874,0.38910827199993037,0.38911272000405006,0.9999942071213258,True,False,,5fc3ea9c506f7ca2b250879f15c1674a8e70b1e7afb7c2cea60fa4396c61cb75,467ec6b656020c91ae2da95a53d061ad80e4b6b289686e7691bfb59ee0aa6648,data/raw/insert/stage-01/results.json
insert,1,0,24,5,initial_ef25,25,0.8976,2581.686788484709,0.3873436562716961,0.3873419090000425,0.3873456610017456,0.9999954890918561,True,True,,5fc3ea9c506f7ca2b250879f15c1674a8e70b1e7afb7c2cea60fa4396c61cb75,467ec6b656020c91ae2da95a53d061ad80e4b6b289686e7691bfb59ee0aa6648,data/raw/insert/stage-01/results.json
insert,1,0,24,6,initial_ef25,25,0.8976,2543.722146622659,0.3931246977299452,0.3931230450000385,0.3931273640046129,0.999995795914334,True,True,,5fc3ea9c506f7ca2b250879f15c1674a8e70b1e7afb7c2cea60fa4396c61cb75,467ec6b656020c91ae2da95a53d061ad80e4b6b289686e7691bfb59ee0aa6648,data/raw/insert/stage-01/results.json
insert,1,0,24,7,initial_ef25,25,0.8976,2600.1494103842983,0.3845932837575674,0.38458193099995697,0.38458631899993634,0.999970481133993,True,False,,5fc3ea9c506f7ca2b250879f15c1674a8e70b1e7afb7c2cea60fa4396c61cb75,467ec6b656020c91ae2da95a53d061ad80e4b6b289686e7691bfb59ee0aa6648,data/raw/insert/stage-01/results.json
insert,1,0,24,8,initial_ef25,25,0.8976,2539.895093006427,0.393717048689723,0.3937153800000033,0.3937197949999245,0.9999957617031691,True,True,,5fc3ea9c506f7ca2b250879f15c1674a8e70b1e7afb7c2cea60fa4396c61cb75,467ec6b656020c91ae2da95a53d061ad80e4b6b289686e7691bfb59ee0aa6648,data/raw/insert/stage-01/results.json
insert,1,0,24,0,initial_ef26,26,0.9029,2511.3087497235783,0.3981987480074167,0.3981895809999969,0.39819334800267825,0.9999769788140578,True,True,,5fc3ea9c506f7ca2b250879f15c1674a8e70b1e7afb7c2cea60fa4396c61cb75,467ec6b656020c91ae2da95a53d061ad80e4b6b289686e7691bfb59ee0aa6648,data/raw/insert/stage-01/results.json
insert,1,0,24,1,initial_ef26,26,0.9029,2471.6339068500693,0.4045906625688076,0.4045879000000241,0.40459181900223484,0.9999931719413246,True,True,,5fc3ea9c506f7ca2b250879f15c1674a8e70b1e7afb7c2cea60fa4396c61cb75,467ec6b656020c91ae2da95a53d061ad80e4b6b289686e7691bfb59ee0aa6648,data/raw/insert/stage-01/results.json
insert,1,0,24,2,initial_ef26,26,0.9029,2500.8486157250904,0.3998642675578594,0.3998618150000084,0.399865879000572,0.9999938665240933,True,True,,5fc3ea9c506f7ca2b250879f15c1674a8e70b1e7afb7c2cea60fa4396c61cb75,467ec6b656020c91ae2da95a53d061ad80e4b6b289686e7691bfb59ee0aa6648,data/raw/insert/stage-01/results.json
insert,1,0,24,3,initial_ef26,26,0.9029,2445.4972885486122,0.40891478583216667,0.40890526400005456,0.40890903300169157,0.9999767143853878,True,True,,5fc3ea9c506f7ca2b250879f15c1674a8e70b1e7afb7c2cea60fa4396c61cb75,467ec6b656020c91ae2da95a53d061ad80e4b6b289686e7691bfb59ee0aa6648,data/raw/insert/stage-01/results.json
insert,1,0,24,4,initial_ef26,26,0.9029,2451.4439938121454,0.4079228416085243,0.407890345999931,0.40789505000429926,0.9999203388354887,True,False,,5fc3ea9c506f7ca2b250879f15c1674a8e70b1e7afb7c2cea60fa4396c61cb75,467ec6b656020c91ae2da95a53d061ad80e4b6b289686e7691bfb59ee0aa6648,data/raw/insert/stage-01/results.json
insert,1,0,24,5,initial_ef26,26,0.9029,2501.9875987431633,0.3996822368353605,0.39968001600004754,0.3996843889981392,0.999994443497588,True,True,,5fc3ea9c506f7ca2b250879f15c1674a8e70b1e7afb7c2cea60fa4396c61cb75,467ec6b656020c91ae2da95a53d061ad80e4b6b289686e7691bfb59ee0aa6648,data/raw/insert/stage-01/results.json
insert,1,0,24,6,initial_ef26,26,0.9029,2481.1964638358822,0.40303136594593525,0.40300741600003676,0.40301157199428417,0.9999405754789276,True,True,,5fc3ea9c506f7ca2b250879f15c1674a8e70b1e7afb7c2cea60fa4396c61cb75,467ec6b656020c91ae2da95a53d061ad80e4b6b289686e7691bfb59ee0aa6648,data/raw/insert/stage-01/results.json
insert,1,0,24,7,initial_ef26,26,0.9029,2491.9221630610705,0.4012966435402632,0.40129460699995434,0.4012995899975067,0.9999949251000685,True,False,,5fc3ea9c506f7ca2b250879f15c1674a8e70b1e7afb7c2cea60fa4396c61cb75,467ec6b656020c91ae2da95a53d061ad80e4b6b289686e7691bfb59ee0aa6648,data/raw/insert/stage-01/results.json
insert,1,0,24,8,initial_ef26,26,0.9029,2496.4074685082337,0.40057563222944736,0.40056292700000995,0.4005670420010574,0.9999682825703433,True,True,,5fc3ea9c506f7ca2b250879f15c1674a8e70b1e7afb7c2cea60fa4396c61cb75,467ec6b656020c91ae2da95a53d061ad80e4b6b289686e7691bfb59ee0aa6648,data/raw/insert/stage-01/results.json
insert,1,0,24,0,current_ef26,26,0.8989,2447.548915700335,0.4085720181465149,0.4085701590000781,0.4085747610006365,0.9999954496481545,True,True,,5fc3ea9c506f7ca2b250879f15c1674a8e70b1e7afb7c2cea60fa4396c61cb75,1d0aea9dac583f07f873cb3c76ec1c16a8c2962cf9990df39010ddb616c1bee6,data/raw/insert/stage-01/results.json
insert,1,0,24,1,current_ef26,26,0.8989,2479.476873618987,0.4033108800649643,0.4033019390000163,0.4033067249984015,0.9999778308362359,True,True,,5fc3ea9c506f7ca2b250879f15c1674a8e70b1e7afb7c2cea60fa4396c61cb75,1d0aea9dac583f07f873cb3c76ec1c16a8c2962cf9990df39010ddb616c1bee6,data/raw/insert/stage-01/results.json
insert,1,0,24,2,current_ef26,26,0.8989,2424.9662614895665,0.4123768713325262,0.4123534009999048,0.4123573420001776,0.9999430852352472,True,True,,5fc3ea9c506f7ca2b250879f15c1674a8e70b1e7afb7c2cea60fa4396c61cb75,1d0aea9dac583f07f873cb3c76ec1c16a8c2962cf9990df39010ddb616c1bee6,data/raw/insert/stage-01/results.json
insert,1,0,24,3,current_ef26,26,0.8989,2411.190910529479,0.41473281756043434,0.41472116399995684,0.4147259520032094,0.9999719010409014,True,True,,5fc3ea9c506f7ca2b250879f15c1674a8e70b1e7afb7c2cea60fa4396c61cb75,1d0aea9dac583f07f873cb3c76ec1c16a8c2962cf9990df39010ddb616c1bee6,data/raw/insert/stage-01/results.json
insert,1,0,24,4,current_ef26,26,0.8989,2444.7719121662662,0.40903611294925213,0.4090342620000911,0.4090386470052181,0.9999954748514802,False,False,frequency outside configured interval or unavailable,5fc3ea9c506f7ca2b250879f15c1674a8e70b1e7afb7c2cea60fa4396c61cb75,1d0aea9dac583f07f873cb3c76ec1c16a8c2962cf9990df39010ddb616c1bee6,data/raw/insert/stage-01/results.json
insert,1,0,24,5,current_ef26,26,0.8989,2458.2947075725197,0.4067860525101423,0.4067603580000423,0.4067639440036146,0.9999368353218074,True,True,,5fc3ea9c506f7ca2b250879f15c1674a8e70b1e7afb7c2cea60fa4396c61cb75,1d0aea9dac583f07f873cb3c76ec1c16a8c2962cf9990df39010ddb616c1bee6,data/raw/insert/stage-01/results.json
insert,1,0,24,6,current_ef26,26,0.8989,2446.818976434198,0.4086939040571451,0.40868546900003366,0.4086902650014963,0.9999793609421924,True,True,,5fc3ea9c506f7ca2b250879f15c1674a8e70b1e7afb7c2cea60fa4396c61cb75,1d0aea9dac583f07f873cb3c76ec1c16a8c2962cf9990df39010ddb616c1bee6,data/raw/insert/stage-01/results.json
insert,1,0,24,7,current_ef26,26,0.8989,2440.1432096695776,0.4098120126873255,0.4098098929999878,0.40981373399699805,0.9999948276593364,False,False,frequency outside configured interval or unavailable,5fc3ea9c506f7ca2b250879f15c1674a8e70b1e7afb7c2cea60fa4396c61cb75,1d0aea9dac583f07f873cb3c76ec1c16a8c2962cf9990df39010ddb616c1bee6,data/raw/insert/stage-01/results.json
insert,1,0,24,8,current_ef26,26,0.8989,2463.25436325561,0.4059670064598322,0.4059558249999782,0.40595988700079033,0.999972457220227,True,True,,5fc3ea9c506f7ca2b250879f15c1674a8e70b1e7afb7c2cea60fa4396c61cb75,1d0aea9dac583f07f873cb3c76ec1c16a8c2962cf9990df39010ddb616c1bee6,data/raw/insert/stage-01/results.json
insert,1,0,24,0,current_ef27,27,0.9038,2352.4843161880603,0.42508253641426563,0.42507952200003274,0.4250836139981402,0.9999929086377947,True,True,,5fc3ea9c506f7ca2b250879f15c1674a8e70b1e7afb7c2cea60fa4396c61cb75,1d0aea9dac583f07f873cb3c76ec1c16a8c2962cf9990df39010ddb616c1bee6,data/raw/insert/stage-01/results.json
insert,1,0,24,1,current_ef27,27,0.9038,2357.6714849136265,0.42414730228483677,0.42414468799995575,0.42414983600610867,0.9999938363750825,True,True,,5fc3ea9c506f7ca2b250879f15c1674a8e70b1e7afb7c2cea60fa4396c61cb75,1d0aea9dac583f07f873cb3c76ec1c16a8c2962cf9990df39010ddb616c1bee6,data/raw/insert/stage-01/results.json
insert,1,0,24,2,current_ef27,27,0.9038,2317.1095728469904,0.4315721672028303,0.43155893700009074,0.43156271999760065,0.9999693441705814,True,True,,5fc3ea9c506f7ca2b250879f15c1674a8e70b1e7afb7c2cea60fa4396c61cb75,1d0aea9dac583f07f873cb3c76ec1c16a8c2962cf9990df39010ddb616c1bee6,data/raw/insert/stage-01/results.json
insert,1,0,24,3,current_ef27,27,0.9038,2348.8033095622345,0.4257487189024687,0.4257472989999087,0.42575203900196357,0.9999966649281679,True,True,,5fc3ea9c506f7ca2b250879f15c1674a8e70b1e7afb7c2cea60fa4396c61cb75,1d0aea9dac583f07f873cb3c76ec1c16a8c2962cf9990df39010ddb616c1bee6,data/raw/insert/stage-01/results.json
insert,1,0,24,4,current_ef27,27,0.9038,2396.8974528497492,0.4172060005366802,0.41719756300005884,0.41720202299620723,0.9999797760899639,False,False,frequency outside configured interval or unavailable,5fc3ea9c506f7ca2b250879f15c1674a8e70b1e7afb7c2cea60fa4396c61cb75,1d0aea9dac583f07f873cb3c76ec1c16a8c2962cf9990df39010ddb616c1bee6,data/raw/insert/stage-01/results.json
insert,1,0,24,5,current_ef27,27,0.9038,2357.1839148715894,0.4242350347340107,0.42422497099994416,0.4242287180022686,0.9999762779279349,True,True,,5fc3ea9c506f7ca2b250879f15c1674a8e70b1e7afb7c2cea60fa4396c61cb75,1d0aea9dac583f07f873cb3c76ec1c16a8c2962cf9990df39010ddb616c1bee6,data/raw/insert/stage-01/results.json
insert,1,0,24,6,current_ef27,27,0.9038,2360.5851618926145,0.423623776063323,0.42362148699999125,0.42362552400300046,0.9999945964710644,True,True,,5fc3ea9c506f7ca2b250879f15c1674a8e70b1e7afb7c2cea60fa4396c61cb75,1d0aea9dac583f07f873cb3c76ec1c16a8c2962cf9990df39010ddb616c1bee6,data/raw/insert/stage-01/results.json
insert,1,0,24,7,current_ef27,27,0.9038,2378.173392293376,0.4204907864332199,0.4204790610000373,0.4204838179939543,0.9999721148867919,True,False,,5fc3ea9c506f7ca2b250879f15c1674a8e70b1e7afb7c2cea60fa4396c61cb75,1d0aea9dac583f07f873cb3c76ec1c16a8c2962cf9990df39010ddb616c1bee6,data/raw/insert/stage-01/results.json
insert,1,0,24,8,current_ef27,27,0.9038,2321.796223651802,0.4307010192424059,0.4306897950000348,0.4306939789967146,0.9999739395964494,True,True,,5fc3ea9c506f7ca2b250879f15c1674a8e70b1e7afb7c2cea60fa4396c61cb75,1d0aea9dac583f07f873cb3c76ec1c16a8c2962cf9990df39010ddb616c1bee6,data/raw/insert/stage-01/results.json
insert,2,0,24,0,initial_ef25,25,0.8976,2526.3346755364437,0.3958303742110729,0.3958227939999688,0.3958273200041731,0.9999808498498397,True,True,,5fc3ea9c506f7ca2b250879f15c1674a8e70b1e7afb7c2cea60fa4396c61cb75,467ec6b656020c91ae2da95a53d061ad80e4b6b289686e7691bfb59ee0aa6648,data/raw/insert/stage-02/results.json
insert,2,0,24,1,initial_ef25,25,0.8976,2579.2400807856575,0.3877110965549946,0.3877098240000123,0.38771392500348156,0.9999967177751847,True,True,,5fc3ea9c506f7ca2b250879f15c1674a8e70b1e7afb7c2cea60fa4396c61cb75,467ec6b656020c91ae2da95a53d061ad80e4b6b289686e7691bfb59ee0aa6648,data/raw/insert/stage-02/results.json
insert,2,0,24,2,initial_ef25,25,0.8976,2576.7702533236306,0.38808271661400795,0.38808069800006706,0.38808569600223564,0.9999947984956442,True,True,,5fc3ea9c506f7ca2b250879f15c1674a8e70b1e7afb7c2cea60fa4396c61cb75,467ec6b656020c91ae2da95a53d061ad80e4b6b289686e7691bfb59ee0aa6648,data/raw/insert/stage-02/results.json
insert,2,0,24,3,initial_ef25,25,0.8976,2525.6190254101202,0.395942535251379,0.3959091259998786,0.3959131139999954,0.9999156209587858,True,True,,5fc3ea9c506f7ca2b250879f15c1674a8e70b1e7afb7c2cea60fa4396c61cb75,467ec6b656020c91ae2da95a53d061ad80e4b6b289686e7691bfb59ee0aa6648,data/raw/insert/stage-02/results.json
insert,2,0,24,4,initial_ef25,25,0.8976,2606.0589712373117,0.3837211709469557,0.38367154899992784,0.38367550099792425,0.9998706822797778,True,True,,5fc3ea9c506f7ca2b250879f15c1674a8e70b1e7afb7c2cea60fa4396c61cb75,467ec6b656020c91ae2da95a53d061ad80e4b6b289686e7691bfb59ee0aa6648,data/raw/insert/stage-02/results.json
insert,2,0,24,5,initial_ef25,25,0.8976,2578.8729195962665,0.38776629604399204,0.38775723899993864,0.38776207900082227,0.9999766430343591,True,True,,5fc3ea9c506f7ca2b250879f15c1674a8e70b1e7afb7c2cea60fa4396c61cb75,467ec6b656020c91ae2da95a53d061ad80e4b6b289686e7691bfb59ee0aa6648,data/raw/insert/stage-02/results.json
insert,2,0,24,6,initial_ef25,25,0.8976,2600.8804716583377,0.3844851814210415,0.38448337599993465,0.3844872089975979,0.9999953043155001,True,True,,5fc3ea9c506f7ca2b250879f15c1674a8e70b1e7afb7c2cea60fa4396c61cb75,467ec6b656020c91ae2da95a53d061ad80e4b6b289686e7691bfb59ee0aa6648,data/raw/insert/stage-02/results.json
insert,2,0,24,0,initial_ef26,26,0.9029,2498.689127088646,0.4002098497003317,0.40019760799987125,0.4002015410005697,0.9999694117961624,True,True,,5fc3ea9c506f7ca2b250879f15c1674a8e70b1e7afb7c2cea60fa4396c61cb75,467ec6b656020c91ae2da95a53d061ad80e4b6b289686e7691bfb59ee0aa6648,data/raw/insert/stage-02/results.json
insert,2,0,24,1,initial_ef26,26,0.9029,2460.635995889704,0.4063989967107773,0.4063967720001074,0.4064014040050097,0.9999945257968452,True,True,,5fc3ea9c506f7ca2b250879f15c1674a8e70b1e7afb7c2cea60fa4396c61cb75,467ec6b656020c91ae2da95a53d061ad80e4b6b289686e7691bfb59ee0aa6648,data/raw/insert/stage-02/results.json
insert,2,0,24,2,initial_ef26,26,0.9029,2479.731608388639,0.40326944924890995,0.4032670069998403,0.40327114799583796,0.9999939438777864,True,True,,5fc3ea9c506f7ca2b250879f15c1674a8e70b1e7afb7c2cea60fa4396c61cb75,467ec6b656020c91ae2da95a53d061ad80e4b6b289686e7691bfb59ee0aa6648,data/raw/insert/stage-02/results.json
insert,2,0,24,3,initial_ef26,26,0.9029,2482.131875576142,0.4028794802725315,0.40286753100008355,0.4028716219982016,0.999970340329967,True,True,,5fc3ea9c506f7ca2b250879f15c1674a8e70b1e7afb7c2cea60fa4396c61cb75,467ec6b656020c91ae2da95a53d061ad80e4b6b289686e7691bfb59ee0aa6648,data/raw/insert/stage-02/results.json
insert,2,0,24,4,initial_ef26,26,0.9029,2535.968548167251,0.39432665705680847,0.3943251320001764,0.3943290429961053,0.9999961325043468,True,True,,5fc3ea9c506f7ca2b250879f15c1674a8e70b1e7afb7c2cea60fa4396c61cb75,467ec6b656020c91ae2da95a53d061ad80e4b6b289686e7691bfb59ee0aa6648,data/raw/insert/stage-02/results.json
insert,2,0,24,5,initial_ef26,26,0.9029,2507.2735163346138,0.3988396134227514,0.3988107850000233,0.39881490699917777,0.9999277192591761,True,True,,5fc3ea9c506f7ca2b250879f15c1674a8e70b1e7afb7c2cea60fa4396c61cb75,467ec6b656020c91ae2da95a53d061ad80e4b6b289686e7691bfb59ee0aa6648,data/raw/insert/stage-02/results.json
insert,2,0,24,6,initial_ef26,26,0.9029,2494.5260771622184,0.4008777495473623,0.40082703100006256,0.4008309040000313,0.9998734812611649,True,True,,5fc3ea9c506f7ca2b250879f15c1674a8e70b1e7afb7c2cea60fa4396c61cb75,467ec6b656020c91ae2da95a53d061ad80e4b6b289686e7691bfb59ee0aa6648,data/raw/insert/stage-02/results.json
insert,2,0,24,0,current_ef27,27,0.8965,2385.304540764055,0.41923367977142334,0.4192318420000447,0.4192364569971687,0.9999956163555856,True,True,,5fc3ea9c506f7ca2b250879f15c1674a8e70b1e7afb7c2cea60fa4396c61cb75,852f9927fe23aeb7a82b5d8270696eeed1f97249904f6509bbba50c5fca0f0f8,data/raw/insert/stage-02/results.json
insert,2,0,24,1,current_ef27,27,0.8965,2353.846562470452,0.42483652755618095,0.4248226119998435,0.42482659200322814,0.9999672449155502,True,True,,5fc3ea9c506f7ca2b250879f15c1674a8e70b1e7afb7c2cea60fa4396c61cb75,852f9927fe23aeb7a82b5d8270696eeed1f97249904f6509bbba50c5fca0f0f8,data/raw/insert/stage-02/results.json
insert,2,0,24,2,current_ef27,27,0.8965,2372.6585068601257,0.4214681535959244,0.42143963400008033,0.4214447240010486,0.9999323327383084,True,True,,5fc3ea9c506f7ca2b250879f15c1674a8e70b1e7afb7c2cea60fa4396c61cb75,852f9927fe23aeb7a82b5d8270696eeed1f97249904f6509bbba50c5fca0f0f8,data/raw/insert/stage-02/results.json
insert,2,0,24,3,current_ef27,27,0.8965,2385.1912763146747,0.4192535877227783,0.4192507350001051,0.41925478899793234,0.9999931957107662,True,True,,5fc3ea9c506f7ca2b250879f15c1674a8e70b1e7afb7c2cea60fa4396c61cb75,852f9927fe23aeb7a82b5d8270696eeed1f97249904f6509bbba50c5fca0f0f8,data/raw/insert/stage-02/results.json
insert,2,0,24,4,current_ef27,27,0.8965,2413.781928204967,0.4142876323312521,0.4142239350001091,0.41422850499657216,0.9998462485332122,True,True,,5fc3ea9c506f7ca2b250879f15c1674a8e70b1e7afb7c2cea60fa4396c61cb75,852f9927fe23aeb7a82b5d8270696eeed1f97249904f6509bbba50c5fca0f0f8,data/raw/insert/stage-02/results.json
insert,2,0,24,5,current_ef27,27,0.8965,2384.4284310205553,0.4193877186626196,0.4193639790000816,0.4193683350022184,0.9999433944737016,True,True,,5fc3ea9c506f7ca2b250879f15c1674a8e70b1e7afb7c2cea60fa4396c61cb75,852f9927fe23aeb7a82b5d8270696eeed1f97249904f6509bbba50c5fca0f0f8,data/raw/insert/stage-02/results.json
insert,2,0,24,6,current_ef27,27,0.8965,2346.4639300566387,0.42617318220436573,0.4261708599999565,0.42617543199594365,0.9999945510311156,True,True,,5fc3ea9c506f7ca2b250879f15c1674a8e70b1e7afb7c2cea60fa4396c61cb75,852f9927fe23aeb7a82b5d8270696eeed1f97249904f6509bbba50c5fca0f0f8,data/raw/insert/stage-02/results.json
insert,2,0,24,0,current_ef28,28,0.9015,2287.015916141739,0.4372510015964508,0.43724751400009154,0.43725179100147216,0.9999920238116173,True,True,,5fc3ea9c506f7ca2b250879f15c1674a8e70b1e7afb7c2cea60fa4396c61cb75,852f9927fe23aeb7a82b5d8270696eeed1f97249904f6509bbba50c5fca0f0f8,data/raw/insert/stage-02/results.json
insert,2,0,24,1,current_ef28,28,0.9015,2281.5694202917925,0.43829479441046715,0.4382688670000334,0.4382732259982731,0.9999408448132071,True,True,,5fc3ea9c506f7ca2b250879f15c1674a8e70b1e7afb7c2cea60fa4396c61cb75,852f9927fe23aeb7a82b5d8270696eeed1f97249904f6509bbba50c5fca0f0f8,data/raw/insert/stage-02/results.json
insert,2,0,24,2,current_ef28,28,0.9015,2299.3054731921466,0.4349139388650656,0.43490383900007146,0.43490852199465735,0.9999767773251406,True,True,,5fc3ea9c506f7ca2b250879f15c1674a8e70b1e7afb7c2cea60fa4396c61cb75,852f9927fe23aeb7a82b5d8270696eeed1f97249904f6509bbba50c5fca0f0f8,data/raw/insert/stage-02/results.json
insert,2,0,24,3,current_ef28,28,0.9015,2285.8172093238395,0.43748030066490173,0.43746572999998534,0.4374703520006733,0.9999666941233828,True,True,,5fc3ea9c506f7ca2b250879f15c1674a8e70b1e7afb7c2cea60fa4396c61cb75,852f9927fe23aeb7a82b5d8270696eeed1f97249904f6509bbba50c5fca0f0f8,data/raw/insert/stage-02/results.json
insert,2,0,24,4,current_ef28,28,0.9015,2296.1690827489224,0.43550799787044525,0.4355053249998946,0.43550942100409884,0.9999938626372794,True,True,,5fc3ea9c506f7ca2b250879f15c1674a8e70b1e7afb7c2cea60fa4396c61cb75,852f9927fe23aeb7a82b5d8270696eeed1f97249904f6509bbba50c5fca0f0f8,data/raw/insert/stage-02/results.json
insert,2,0,24,5,current_ef28,28,0.9015,2310.460898101097,0.4328140765428543,0.43280094200008534,0.4328049700052361,0.9999696531525178,True,True,,5fc3ea9c506f7ca2b250879f15c1674a8e70b1e7afb7c2cea60fa4396c61cb75,852f9927fe23aeb7a82b5d8270696eeed1f97249904f6509bbba50c5fca0f0f8,data/raw/insert/stage-02/results.json
insert,2,0,24,6,current_ef28,28,0.9015,2257.8364427438705,0.44290187768638134,0.44289864799998213,0.44290213200292783,0.9999927078963492,True,True,,5fc3ea9c506f7ca2b250879f15c1674a8e70b1e7afb7c2cea60fa4396c61cb75,852f9927fe23aeb7a82b5d8270696eeed1f97249904f6509bbba50c5fca0f0f8,data/raw/insert/stage-02/results.json
insert,3,0,24,0,initial_ef25,25,0.8976,2618.867627502837,0.3818444237112999,0.38184209999985796,0.3818460369948298,0.9999939145073291,True,True,,5fc3ea9c506f7ca2b250879f15c1674a8e70b1e7afb7c2cea60fa4396c61cb75,467ec6b656020c91ae2da95a53d061ad80e4b6b289686e7691bfb59ee0aa6648,data/raw/insert/stage-03/results.json
insert,3,0,24,1,initial_ef25,25,0.8976,2564.69973762068,0.389909191057086,0.38989568400006647,0.38990035799361067,0.999965358454406,True,True,,5fc3ea9c506f7ca2b250879f15c1674a8e70b1e7afb7c2cea60fa4396c61cb75,467ec6b656020c91ae2da95a53d061ad80e4b6b289686e7691bfb59ee0aa6648,data/raw/insert/stage-03/results.json
insert,3,0,24,2,initial_ef25,25,0.8976,2585.0266556496545,0.38684320636093616,0.3868403260000832,0.38684436900075525,0.9999925541904172,True,True,,5fc3ea9c506f7ca2b250879f15c1674a8e70b1e7afb7c2cea60fa4396c61cb75,467ec6b656020c91ae2da95a53d061ad80e4b6b289686e7691bfb59ee0aa6648,data/raw/insert/stage-03/results.json
insert,3,0,24,3,initial_ef25,25,0.8976,2569.0141975177376,0.3892543688416481,0.38924180800017893,0.3892456809990108,0.999967731019933,True,False,,5fc3ea9c506f7ca2b250879f15c1674a8e70b1e7afb7c2cea60fa4396c61cb75,467ec6b656020c91ae2da95a53d061ad80e4b6b289686e7691bfb59ee0aa6648,data/raw/insert/stage-03/results.json
insert,3,0,24,4,initial_ef25,25,0.8976,2601.0381199470467,0.38446187786757946,0.38445998799988956,0.38446410200413084,0.9999950843820969,True,True,,5fc3ea9c506f7ca2b250879f15c1674a8e70b1e7afb7c2cea60fa4396c61cb75,467ec6b656020c91ae2da95a53d061ad80e4b6b289686e7691bfb59ee0aa6648,data/raw/insert/stage-03/results.json
insert,3,0,24,5,initial_ef25,25,0.8976,2594.8643696659724,0.3853765968233347,0.3853737079998609,0.38537758700113045,0.9999925038948977,True,True,,5fc3ea9c506f7ca2b250879f15c1674a8e70b1e7afb7c2cea60fa4396c61cb75,467ec6b656020c91ae2da95a53d061ad80e4b6b289686e7691bfb59ee0aa6648,data/raw/insert/stage-03/results.json
insert,3,0,24,6,initial_ef25,25,0.8976,2575.808384784923,0.38822763599455357,0.3881942089999484,0.3881981349986745,0.9999138984670178,True,True,,5fc3ea9c506f7ca2b250879f15c1674a8e70b1e7afb7c2cea60fa4396c61cb75,467ec6b656020c91ae2da95a53d061ad80e4b6b289686e7691bfb59ee0aa6648,data/raw/insert/stage-03/results.json
insert,3,0,24,7,initial_ef25,25,0.8976,2583.4487090061434,0.3870794866234064,0.38700318399992284,0.3870080769993365,0.9998028760858676,True,True,,5fc3ea9c506f7ca2b250879f15c1674a8e70b1e7afb7c2cea60fa4396c61cb75,467ec6b656020c91ae2da95a53d061ad80e4b6b289686e7691bfb59ee0aa6648,data/raw/insert/stage-03/results.json
insert,3,0,24,0,initial_ef26,26,0.9029,2483.3602242144784,0.4026802033185959,0.40267782400019314,0.40268241799640236,0.9999940912953179,True,True,,5fc3ea9c506f7ca2b250879f15c1674a8e70b1e7afb7c2cea60fa4396c61cb75,467ec6b656020c91ae2da95a53d061ad80e4b6b289686e7691bfb59ee0aa6648,data/raw/insert/stage-03/results.json
insert,3,0,24,1,initial_ef26,26,0.9029,2500.267758303564,0.399957163259387,0.39994509899997865,0.39994981799827656,0.9999698361211735,True,True,,5fc3ea9c506f7ca2b250879f15c1674a8e70b1e7afb7c2cea60fa4396c61cb75,467ec6b656020c91ae2da95a53d061ad80e4b6b289686e7691bfb59ee0aa6648,data/raw/insert/stage-03/results.json
insert,3,0,24,2,initial_ef26,26,0.9029,2494.3024332497516,0.40091369301080704,0.40091065299998263,0.400914883997757,0.9999924172936036,True,True,,5fc3ea9c506f7ca2b250879f15c1674a8e70b1e7afb7c2cea60fa4396c61cb75,467ec6b656020c91ae2da95a53d061ad80e4b6b289686e7691bfb59ee0aa6648,data/raw/insert/stage-03/results.json
insert,3,0,24,3,initial_ef26,26,0.9029,2493.9829899843808,0.4009650442749262,0.40093947100012883,0.4009436749984161,0.9999362206876572,True,False,,5fc3ea9c506f7ca2b250879f15c1674a8e70b1e7afb7c2cea60fa4396c61cb75,467ec6b656020c91ae2da95a53d061ad80e4b6b289686e7691bfb59ee0aa6648,data/raw/insert/stage-03/results.json
insert,3,0,24,4,initial_ef26,26,0.9029,2477.2663292753814,0.40367076732218266,0.4036628540000038,0.4036674450035207,0.9999803965934135,True,True,,5fc3ea9c506f7ca2b250879f15c1674a8e70b1e7afb7c2cea60fa4396c61cb75,467ec6b656020c91ae2da95a53d061ad80e4b6b289686e7691bfb59ee0aa6648,data/raw/insert/stage-03/results.json
insert,3,0,24,5,initial_ef26,26,0.9029,2488.399345020032,0.4018647577613592,0.40185336100012137,0.401859063997108,0.9999716403068004,True,True,,5fc3ea9c506f7ca2b250879f15c1674a8e70b1e7afb7c2cea60fa4396c61cb75,467ec6b656020c91ae2da95a53d061ad80e4b6b289686e7691bfb59ee0aa6648,data/raw/insert/stage-03/results.json
insert,3,0,24,6,initial_ef26,26,0.9029,2470.9840950028647,0.404697060585022,0.40467970500003503,0.40468356499332003,0.9999571146255378,True,True,,5fc3ea9c506f7ca2b250879f15c1674a8e70b1e7afb7c2cea60fa4396c61cb75,467ec6b656020c91ae2da95a53d061ad80e4b6b289686e7691bfb59ee0aa6648,data/raw/insert/stage-03/results.json
insert,3,0,24,7,initial_ef26,26,0.9029,2505.618997520843,0.3991029765456915,0.3990913109998928,0.3990954039982171,0.9999707705868304,True,True,,5fc3ea9c506f7ca2b250879f15c1674a8e70b1e7afb7c2cea60fa4396c61cb75,467ec6b656020c91ae2da95a53d061ad80e4b6b289686e7691bfb59ee0aa6648,data/raw/insert/stage-03/results.json
insert,3,0,24,0,current_ef28,28,0.8972,2272.1963147194315,0.4401028174906969,0.4400988639999923,0.4401032270034193,0.9999910168929907,True,True,,5fc3ea9c506f7ca2b250879f15c1674a8e70b1e7afb7c2cea60fa4396c61cb75,3416f9fbd73122b4a90168750ebec933b6eb63152fbcf8733cafc9cf79eeccdd,data/raw/insert/stage-03/results.json
insert,3,0,24,1,current_ef28,28,0.8972,2280.486181310267,0.438502985984087,0.43847305300005246,0.43847716900199885,0.9999317382435439,True,True,,5fc3ea9c506f7ca2b250879f15c1674a8e70b1e7afb7c2cea60fa4396c61cb75,3416f9fbd73122b4a90168750ebec933b6eb63152fbcf8733cafc9cf79eeccdd,data/raw/insert/stage-03/results.json
insert,3,0,24,2,current_ef28,28,0.8972,2284.462320620259,0.43773976527154446,0.43773112200005926,0.4377353960007895,0.9999802547719652,True,True,,5fc3ea9c506f7ca2b250879f15c1674a8e70b1e7afb7c2cea60fa4396c61cb75,3416f9fbd73122b4a90168750ebec933b6eb63152fbcf8733cafc9cf79eeccdd,data/raw/insert/stage-03/results.json
insert,3,0,24,3,current_ef28,28,0.8972,2255.790018932478,0.44330367259681225,0.4432998190000035,0.4433039750001626,0.9999913070947818,True,False,,5fc3ea9c506f7ca2b250879f15c1674a8e70b1e7afb7c2cea60fa4396c61cb75,3416f9fbd73122b4a90168750ebec933b6eb63152fbcf8733cafc9cf79eeccdd,data/raw/insert/stage-03/results.json
insert,3,0,24,4,current_ef28,28,0.8972,2286.2118324647636,0.43740478716790676,0.4374009059999935,0.43740470700140577,0.9999911268279928,True,True,,5fc3ea9c506f7ca2b250879f15c1674a8e70b1e7afb7c2cea60fa4396c61cb75,3416f9fbd73122b4a90168750ebec933b6eb63152fbcf8733cafc9cf79eeccdd,data/raw/insert/stage-03/results.json
insert,3,0,24,5,current_ef28,28,0.8972,2281.735158229885,0.4382629580795765,0.4382510159998674,0.43825537499651546,0.9999727513368654,True,True,,5fc3ea9c506f7ca2b250879f15c1674a8e70b1e7afb7c2cea60fa4396c61cb75,3416f9fbd73122b4a90168750ebec933b6eb63152fbcf8733cafc9cf79eeccdd,data/raw/insert/stage-03/results.json
insert,3,0,24,6,current_ef28,28,0.8972,2274.872890045949,0.43958500027656555,0.43958205600006295,0.4395866729973932,0.9999933021452034,True,True,,5fc3ea9c506f7ca2b250879f15c1674a8e70b1e7afb7c2cea60fa4396c61cb75,3416f9fbd73122b4a90168750ebec933b6eb63152fbcf8733cafc9cf79eeccdd,data/raw/insert/stage-03/results.json
insert,3,0,24,7,current_ef28,28,0.8972,2272.2401769065928,0.44009432196617126,0.4400797450000482,0.4400839590016403,0.9999668776319178,True,True,,5fc3ea9c506f7ca2b250879f15c1674a8e70b1e7afb7c2cea60fa4396c61cb75,3416f9fbd73122b4a90168750ebec933b6eb63152fbcf8733cafc9cf79eeccdd,data/raw/insert/stage-03/results.json
insert,3,0,24,0,current_ef29,29,0.9028,2205.354061646342,0.45344192907214165,0.45343824900010077,0.453442427002301,0.9999918841381775,True,True,,5fc3ea9c506f7ca2b250879f15c1674a8e70b1e7afb7c2cea60fa4396c61cb75,3416f9fbd73122b4a90168750ebec933b6eb63152fbcf8733cafc9cf79eeccdd,data/raw/insert/stage-03/results.json
insert,3,0,24,1,current_ef29,29,0.9028,2202.6400274108764,0.45400064811110497,0.45398801600003935,0.4539921059986227,0.9999721760065362,True,True,,5fc3ea9c506f7ca2b250879f15c1674a8e70b1e7afb7c2cea60fa4396c61cb75,3416f9fbd73122b4a90168750ebec933b6eb63152fbcf8733cafc9cf79eeccdd,data/raw/insert/stage-03/results.json
insert,3,0,24,2,current_ef29,29,0.9028,2150.33097866076,0.46504468843340874,0.4650411029999759,0.46504516300046816,0.9999922901314174,True,True,,5fc3ea9c506f7ca2b250879f15c1674a8e70b1e7afb7c2cea60fa4396c61cb75,3416f9fbd73122b4a90168750ebec933b6eb63152fbcf8733cafc9cf79eeccdd,data/raw/insert/stage-03/results.json
insert,3,0,24,3,current_ef29,29,0.9028,2166.3269490437124,0.4616108387708664,0.46158227299997634,0.46158665000257315,0.9999381172007007,False,False,frequency outside configured interval or unavailable,5fc3ea9c506f7ca2b250879f15c1674a8e70b1e7afb7c2cea60fa4396c61cb75,3416f9fbd73122b4a90168750ebec933b6eb63152fbcf8733cafc9cf79eeccdd,data/raw/insert/stage-03/results.json
insert,3,0,24,4,current_ef29,29,0.9028,2191.6830124770017,0.4562703613191843,0.4562656660000357,0.4562703299961868,0.9999897093487838,True,True,,5fc3ea9c506f7ca2b250879f15c1674a8e70b1e7afb7c2cea60fa4396c61cb75,3416f9fbd73122b4a90168750ebec933b6eb63152fbcf8733cafc9cf79eeccdd,data/raw/insert/stage-03/results.json
insert,3,0,24,5,current_ef29,29,0.9028,2222.7036836890406,0.44990252517163754,0.4498673380001037,0.44987104699976044,0.9999217893442132,True,True,,5fc3ea9c506f7ca2b250879f15c1674a8e70b1e7afb7c2cea60fa4396c61cb75,3416f9fbd73122b4a90168750ebec933b6eb63152fbcf8733cafc9cf79eeccdd,data/raw/insert/stage-03/results.json
insert,3,0,24,6,current_ef29,29,0.9028,2199.7601021189785,0.45459502562880516,0.454592373999958,0.45459658799518365,0.9999941670526564,True,True,,5fc3ea9c506f7ca2b250879f15c1674a8e70b1e7afb7c2cea60fa4396c61cb75,3416f9fbd73122b4a90168750ebec933b6eb63152fbcf8733cafc9cf79eeccdd,data/raw/insert/stage-03/results.json
insert,3,0,24,7,current_ef29,29,0.9028,2196.241096406594,0.4553234167397022,0.4553099090001069,0.4553143290031585,0.9999703337471813,True,True,,5fc3ea9c506f7ca2b250879f15c1674a8e70b1e7afb7c2cea60fa4396c61cb75,3416f9fbd73122b4a90168750ebec933b6eb63152fbcf8733cafc9cf79eeccdd,data/raw/insert/stage-03/results.json
insert,4,0,24,0,initial_ef25,25,0.8976,2606.5190023345654,0.3836534470319748,0.3836520670001846,0.3836566829995718,0.9999964029209151,True,True,,5fc3ea9c506f7ca2b250879f15c1674a8e70b1e7afb7c2cea60fa4396c61cb75,467ec6b656020c91ae2da95a53d061ad80e4b6b289686e7691bfb59ee0aa6648,data/raw/insert/stage-04/results.json
insert,4,0,24,1,initial_ef25,25,0.8976,2638.6268402237024,0.3789850026369095,0.378959469999927,0.37896342200110666,0.9999326288987563,True,True,,5fc3ea9c506f7ca2b250879f15c1674a8e70b1e7afb7c2cea60fa4396c61cb75,467ec6b656020c91ae2da95a53d061ad80e4b6b289686e7691bfb59ee0aa6648,data/raw/insert/stage-04/results.json
insert,4,0,24,2,initial_ef25,25,0.8976,2588.467149935737,0.3863290287554264,0.38632624800015947,0.38633040899730986,0.9999928021063396,True,True,,5fc3ea9c506f7ca2b250879f15c1674a8e70b1e7afb7c2cea60fa4396c61cb75,467ec6b656020c91ae2da95a53d061ad80e4b6b289686e7691bfb59ee0aa6648,data/raw/insert/stage-04/results.json
insert,4,0,24,3,initial_ef25,25,0.8976,2596.0970225578385,0.3851936161518097,0.3851645400000052,0.3851694039985887,0.999924515488873,True,True,,5fc3ea9c506f7ca2b250879f15c1674a8e70b1e7afb7c2cea60fa4396c61cb75,467ec6b656020c91ae2da95a53d061ad80e4b6b289686e7691bfb59ee0aa6648,data/raw/insert/stage-04/results.json
insert,4,0,24,4,initial_ef25,25,0.8976,2605.9686390382844,0.38373447209596634,0.38373243599994566,0.38373820899869315,0.9999946939976241,True,True,,5fc3ea9c506f7ca2b250879f15c1674a8e70b1e7afb7c2cea60fa4396c61cb75,467ec6b656020c91ae2da95a53d061ad80e4b6b289686e7691bfb59ee0aa6648,data/raw/insert/stage-04/results.json
insert,4,0,24,5,initial_ef25,25,0.8976,2626.199190992904,0.3807784281671047,0.3807765190001646,0.38078182299796026,0.9999949861473264,True,True,,5fc3ea9c506f7ca2b250879f15c1674a8e70b1e7afb7c2cea60fa4396c61cb75,467ec6b656020c91ae2da95a53d061ad80e4b6b289686e7691bfb59ee0aa6648,data/raw/insert/stage-04/results.json
insert,4,0,24,6,initial_ef25,25,0.8976,2626.802113728835,0.3806910291314125,0.3806696110000303,0.3806745430047158,0.999943738807213,True,True,,5fc3ea9c506f7ca2b250879f15c1674a8e70b1e7afb7c2cea60fa4396c61cb75,467ec6b656020c91ae2da95a53d061ad80e4b6b289686e7691bfb59ee0aa6648,data/raw/insert/stage-04/results.json
insert,4,0,24,0,initial_ef26,26,0.9029,2526.8205636635375,0.39575425907969475,0.39574242499998036,0.3957471220055595,0.9999700974040256,True,True,,5fc3ea9c506f7ca2b250879f15c1674a8e70b1e7afb7c2cea60fa4396c61cb75,467ec6b656020c91ae2da95a53d061ad80e4b6b289686e7691bfb59ee0aa6648,data/raw/insert/stage-04/results.json
insert,4,0,24,1,initial_ef26,26,0.9029,2514.437145088739,0.3977033197879791,0.39764308299982076,0.39764774899958866,0.9998485383823538,True,True,,5fc3ea9c506f7ca2b250879f15c1674a8e70b1e7afb7c2cea60fa4396c61cb75,467ec6b656020c91ae2da95a53d061ad80e4b6b289686e7691bfb59ee0aa6648,data/raw/insert/stage-04/results.json
insert,4,0,24,2,initial_ef26,26,0.9029,2536.2248032680022,0.3942868150770664,0.3942739359999905,0.39427870400686515,0.9999673357652769,True,True,,5fc3ea9c506f7ca2b250879f15c1674a8e70b1e7afb7c2cea60fa4396c61cb75,467ec6b656020c91ae2da95a53d061ad80e4b6b289686e7691bfb59ee0aa6648,data/raw/insert/stage-04/results.json
insert,4,0,24,3,initial_ef26,26,0.9029,2533.107678097392,0.39477200619876385,0.39474671000016315,0.3947511200021836,0.9999359220050978,True,True,,5fc3ea9c506f7ca2b250879f15c1674a8e70b1e7afb7c2cea60fa4396c61cb75,467ec6b656020c91ae2da95a53d061ad80e4b6b289686e7691bfb59ee0aa6648,data/raw/insert/stage-04/results.json
insert,4,0,24,4,initial_ef26,26,0.9029,2523.6919042933905,0.39624488167464733,0.39621757899999466,0.3962221359979594,0.9999310964610135,True,True,,5fc3ea9c506f7ca2b250879f15c1674a8e70b1e7afb7c2cea60fa4396c61cb75,467ec6b656020c91ae2da95a53d061ad80e4b6b289686e7691bfb59ee0aa6648,data/raw/insert/stage-04/results.json
insert,4,0,24,5,initial_ef26,26,0.9029,2516.771551111888,0.39733443409204483,0.39725236899994343,0.39725678299873834,0.9997934609108599,True,True,,5fc3ea9c506f7ca2b250879f15c1674a8e70b1e7afb7c2cea60fa4396c61cb75,467ec6b656020c91ae2da95a53d061ad80e4b6b289686e7691bfb59ee0aa6648,data/raw/insert/stage-04/results.json
insert,4,0,24,6,initial_ef26,26,0.9029,2521.078972820808,0.3966555632650852,0.3963891700000204,0.39639287600584794,0.9993284015409439,True,True,,5fc3ea9c506f7ca2b250879f15c1674a8e70b1e7afb7c2cea60fa4396c61cb75,467ec6b656020c91ae2da95a53d061ad80e4b6b289686e7691bfb59ee0aa6648,data/raw/insert/stage-04/results.json
insert,4,0,24,0,current_ef28,28,0.8964,2313.192954136619,0.4323028903454542,0.43229107100000874,0.432295366001199,0.999972659573393,True,True,,5fc3ea9c506f7ca2b250879f15c1674a8e70b1e7afb7c2cea60fa4396c61cb75,a2fae6762f435299ca6c65658bcff81354aec2dbd946834df2f964ba8ee7211e,data/raw/insert/stage-04/results.json
insert,4,0,24,1,current_ef28,28,0.8964,2296.1727949403007,0.43550729379057884,0.43549388399992495,0.43549860100029036,0.9999692088035147,True,True,,5fc3ea9c506f7ca2b250879f15c1674a8e70b1e7afb7c2cea60fa4396c61cb75,a2fae6762f435299ca6c65658bcff81354aec2dbd946834df2f964ba8ee7211e,data/raw/insert/stage-04/results.json
insert,4,0,24,2,current_ef28,28,0.8964,2319.58793348838,0.431111054494977,0.4311027329999888,0.4311067640010151,0.9999806975606368,True,True,,5fc3ea9c506f7ca2b250879f15c1674a8e70b1e7afb7c2cea60fa4396c61cb75,a2fae6762f435299ca6c65658bcff81354aec2dbd946834df2f964ba8ee7211e,data/raw/insert/stage-04/results.json
insert,4,0,24,3,current_ef28,28,0.8964,2315.0913740049787,0.43194839358329773,0.4319452170000204,0.43195046999608167,0.9999926459194559,True,True,,5fc3ea9c506f7ca2b250879f15c1674a8e70b1e7afb7c2cea60fa4396c61cb75,a2fae6762f435299ca6c65658bcff81354aec2dbd946834df2f964ba8ee7211e,data/raw/insert/stage-04/results.json
insert,4,0,24,4,current_ef28,28,0.8964,2276.4137687643965,0.4392874501645565,0.4392324360001112,0.43923623400041834,0.9998747649985796,True,True,,5fc3ea9c506f7ca2b250879f15c1674a8e70b1e7afb7c2cea60fa4396c61cb75,a2fae6762f435299ca6c65658bcff81354aec2dbd946834df2f964ba8ee7211e,data/raw/insert/stage-04/results.json
insert,4,0,24,5,current_ef28,28,0.8964,2304.347841202903,0.4339622613042593,0.43395882699996946,0.4339633049967233,0.9999920861683237,True,True,,5fc3ea9c506f7ca2b250879f15c1674a8e70b1e7afb7c2cea60fa4396c61cb75,a2fae6762f435299ca6c65658bcff81354aec2dbd946834df2f964ba8ee7211e,data/raw/insert/stage-04/results.json
insert,4,0,24,6,current_ef28,28,0.8964,2314.124293785311,0.43212890625,0.4321177639999405,0.4321226540050702,0.9999742154484499,True,True,,5fc3ea9c506f7ca2b250879f15c1674a8e70b1e7afb7c2cea60fa4396c61cb75,a2fae6762f435299ca6c65658bcff81354aec2dbd946834df2f964ba8ee7211e,data/raw/insert/stage-04/results.json
insert,4,0,24,0,current_ef29,29,0.9005,2205.059162798777,0.45350257121026516,0.453417065000167,0.4534213590013678,0.9998114537479468,True,True,,5fc3ea9c506f7ca2b250879f15c1674a8e70b1e7afb7c2cea60fa4396c61cb75,a2fae6762f435299ca6c65658bcff81354aec2dbd946834df2f964ba8ee7211e,data/raw/insert/stage-04/results.json
insert,4,0,24,1,current_ef29,29,0.9005,2238.334605502274,0.44676072895526886,0.44675779999988663,0.4467624919998343,0.99999344401781,True,True,,5fc3ea9c506f7ca2b250879f15c1674a8e70b1e7afb7c2cea60fa4396c61cb75,a2fae6762f435299ca6c65658bcff81354aec2dbd946834df2f964ba8ee7211e,data/raw/insert/stage-04/results.json
insert,4,0,24,2,current_ef29,29,0.9005,2225.978672268979,0.4492406025528908,0.4492378350000763,0.449242967995815,0.9999938394864606,True,True,,5fc3ea9c506f7ca2b250879f15c1674a8e70b1e7afb7c2cea60fa4396c61cb75,a2fae6762f435299ca6c65658bcff81354aec2dbd946834df2f964ba8ee7211e,data/raw/insert/stage-04/results.json
insert,4,0,24,3,current_ef29,29,0.9005,2204.5520220093636,0.45360689610242844,0.4535927780000293,0.45359843500045827,0.999968875908809,True,True,,5fc3ea9c506f7ca2b250879f15c1674a8e70b1e7afb7c2cea60fa4396c61cb75,a2fae6762f435299ca6c65658bcff81354aec2dbd946834df2f964ba8ee7211e,data/raw/insert/stage-04/results.json
insert,4,0,24,4,current_ef29,29,0.9005,2259.53732134673,0.44256848096847534,0.44255582400001003,0.4425600079994183,0.9999714011073775,True,True,,5fc3ea9c506f7ca2b250879f15c1674a8e70b1e7afb7c2cea60fa4396c61cb75,a2fae6762f435299ca6c65658bcff81354aec2dbd946834df2f964ba8ee7211e,data/raw/insert/stage-04/results.json
insert,4,0,24,5,current_ef29,29,0.9005,2240.0336394593396,0.446421867236495,0.4464122720000887,0.4464168190024793,0.9999785063476713,True,True,,5fc3ea9c506f7ca2b250879f15c1674a8e70b1e7afb7c2cea60fa4396c61cb75,a2fae6762f435299ca6c65658bcff81354aec2dbd946834df2f964ba8ee7211e,data/raw/insert/stage-04/results.json
insert,4,0,24,6,current_ef29,29,0.9005,2232.3102963171814,0.44796639680862427,0.44796263100010947,0.4479663949969108,0.9999915935468785,True,True,,5fc3ea9c506f7ca2b250879f15c1674a8e70b1e7afb7c2cea60fa4396c61cb75,a2fae6762f435299ca6c65658bcff81354aec2dbd946834df2f964ba8ee7211e,data/raw/insert/stage-04/results.json
insert,5,0,16,0,initial_ef25,25,0.8976,2589.9850239232014,0.38610261864960194,0.3860532270000476,0.3860570429969812,0.9998720763673474,True,True,,5fc3ea9c506f7ca2b250879f15c1674a8e70b1e7afb7c2cea60fa4396c61cb75,467ec6b656020c91ae2da95a53d061ad80e4b6b289686e7691bfb59ee0aa6648,data/raw/insert/stage-05/results.json
insert,5,0,16,1,initial_ef25,25,0.8976,2593.194753077557,0.38562471978366375,0.38560972800019044,0.38561377000587527,0.9999611233857577,True,True,,5fc3ea9c506f7ca2b250879f15c1674a8e70b1e7afb7c2cea60fa4396c61cb75,467ec6b656020c91ae2da95a53d061ad80e4b6b289686e7691bfb59ee0aa6648,data/raw/insert/stage-05/results.json
insert,5,0,16,2,initial_ef25,25,0.8976,2598.4044719177914,0.38485155440866947,0.3848421310001413,0.3848467120042187,0.9999755141731397,True,True,,5fc3ea9c506f7ca2b250879f15c1674a8e70b1e7afb7c2cea60fa4396c61cb75,467ec6b656020c91ae2da95a53d061ad80e4b6b289686e7691bfb59ee0aa6648,data/raw/insert/stage-05/results.json
insert,5,0,16,3,initial_ef25,25,0.8976,2621.000611259832,0.38153367675840855,0.38153186099998493,0.38153679899551207,0.9999952408960618,True,True,,5fc3ea9c506f7ca2b250879f15c1674a8e70b1e7afb7c2cea60fa4396c61cb75,467ec6b656020c91ae2da95a53d061ad80e4b6b289686e7691bfb59ee0aa6648,data/raw/insert/stage-05/results.json
insert,5,0,16,4,initial_ef25,25,0.8976,2596.0170704647735,0.38520547933876514,0.38515012699986073,0.3851544009958161,0.999856304383314,True,False,,5fc3ea9c506f7ca2b250879f15c1674a8e70b1e7afb7c2cea60fa4396c61cb75,467ec6b656020c91ae2da95a53d061ad80e4b6b289686e7691bfb59ee0aa6648,data/raw/insert/stage-05/results.json
insert,5,0,16,5,initial_ef25,25,0.8976,2629.0188915011177,0.38037003204226494,0.3803584770000725,0.3803622489940608,0.9999696215757841,True,False,,5fc3ea9c506f7ca2b250879f15c1674a8e70b1e7afb7c2cea60fa4396c61cb75,467ec6b656020c91ae2da95a53d061ad80e4b6b289686e7691bfb59ee0aa6648,data/raw/insert/stage-05/results.json
insert,5,0,16,6,initial_ef25,25,0.8976,2621.75841307133,0.3814233969897032,0.38142851199995675,0.3814329849992646,1.0000134103211653,True,True,,5fc3ea9c506f7ca2b250879f15c1674a8e70b1e7afb7c2cea60fa4396c61cb75,467ec6b656020c91ae2da95a53d061ad80e4b6b289686e7691bfb59ee0aa6648,data/raw/insert/stage-05/results.json
insert,5,0,16,7,initial_ef25,25,0.8976,2612.7355973638937,0.38274060375988483,0.38264201200013304,0.3826460650016088,0.9997424057996898,True,True,,5fc3ea9c506f7ca2b250879f15c1674a8e70b1e7afb7c2cea60fa4396c61cb75,467ec6b656020c91ae2da95a53d061ad80e4b6b289686e7691bfb59ee0aa6648,data/raw/insert/stage-05/results.json
insert,5,0,16,8,initial_ef25,25,0.8976,2629.7733768831854,0.3802609033882618,0.3801518960001431,0.38015587399422657,0.9997133352728419,True,True,,5fc3ea9c506f7ca2b250879f15c1674a8e70b1e7afb7c2cea60fa4396c61cb75,467ec6b656020c91ae2da95a53d061ad80e4b6b289686e7691bfb59ee0aa6648,data/raw/insert/stage-05/results.json
insert,5,0,16,0,initial_ef26,26,0.9029,2499.68931215178,0.40004971623420715,0.399997896999821,0.4000014960038243,0.9998704680136411,True,True,,5fc3ea9c506f7ca2b250879f15c1674a8e70b1e7afb7c2cea60fa4396c61cb75,467ec6b656020c91ae2da95a53d061ad80e4b6b289686e7691bfb59ee0aa6648,data/raw/insert/stage-05/results.json
insert,5,0,16,1,initial_ef26,26,0.9029,2511.455455969946,0.39817548729479313,0.39817264700013766,0.3981770489990595,0.9999928667264909,True,True,,5fc3ea9c506f7ca2b250879f15c1674a8e70b1e7afb7c2cea60fa4396c61cb75,467ec6b656020c91ae2da95a53d061ad80e4b6b289686e7691bfb59ee0aa6648,data/raw/insert/stage-05/results.json
insert,5,0,16,2,initial_ef26,26,0.9029,2518.024051392086,0.3971367944031954,0.3971344080000563,0.39713902999938,0.9999939909794995,True,True,,5fc3ea9c506f7ca2b250879f15c1674a8e70b1e7afb7c2cea60fa4396c61cb75,467ec6b656020c91ae2da95a53d061ad80e4b6b289686e7691bfb59ee0aa6648,data/raw/insert/stage-05/results.json
insert,5,0,16,3,initial_ef26,26,0.9029,2508.6151089687155,0.39862631633877754,0.39851740500012056,0.3985210959945107,0.9997267833703071,True,True,,5fc3ea9c506f7ca2b250879f15c1674a8e70b1e7afb7c2cea60fa4396c61cb75,467ec6b656020c91ae2da95a53d061ad80e4b6b289686e7691bfb59ee0aa6648,data/raw/insert/stage-05/results.json
insert,5,0,16,4,initial_ef26,26,0.9029,2497.012408586906,0.4004785865545273,0.4004540400001133,0.40045846899738535,0.9999387069490403,False,False,frequency outside configured interval or unavailable,5fc3ea9c506f7ca2b250879f15c1674a8e70b1e7afb7c2cea60fa4396c61cb75,467ec6b656020c91ae2da95a53d061ad80e4b6b289686e7691bfb59ee0aa6648,data/raw/insert/stage-05/results.json
insert,5,0,16,5,initial_ef26,26,0.9029,2517.0801250641675,0.3972857240587473,0.3972841929999049,0.39728840500174556,0.9999961462022176,True,False,,5fc3ea9c506f7ca2b250879f15c1674a8e70b1e7afb7c2cea60fa4396c61cb75,467ec6b656020c91ae2da95a53d061ad80e4b6b289686e7691bfb59ee0aa6648,data/raw/insert/stage-05/results.json
insert,5,0,16,6,initial_ef26,26,0.9029,2536.1735600857382,0.3942947816103697,0.394292317999998,0.39429692900012014,0.999993751856513,True,True,,5fc3ea9c506f7ca2b250879f15c1674a8e70b1e7afb7c2cea60fa4396c61cb75,467ec6b656020c91ae2da95a53d061ad80e4b6b289686e7691bfb59ee0aa6648,data/raw/insert/stage-05/results.json
insert,5,0,16,7,initial_ef26,26,0.9029,2504.690423388162,0.3992509376257658,0.39923955400013256,0.39924300400161883,0.999971487541893,True,True,,5fc3ea9c506f7ca2b250879f15c1674a8e70b1e7afb7c2cea60fa4396c61cb75,467ec6b656020c91ae2da95a53d061ad80e4b6b289686e7691bfb59ee0aa6648,data/raw/insert/stage-05/results.json
insert,5,0,16,8,initial_ef26,26,0.9029,2491.9634096082086,0.401290001347661,0.4012363420001748,0.40124067600117996,0.9998662828694809,True,True,,5fc3ea9c506f7ca2b250879f15c1674a8e70b1e7afb7c2cea60fa4396c61cb75,467ec6b656020c91ae2da95a53d061ad80e4b6b289686e7691bfb59ee0aa6648,data/raw/insert/stage-05/results.json
insert,5,0,16,0,current_ef28,28,0.8973,2273.02034308048,0.43994326889514923,0.43994018800003687,0.439944903999276,0.9999929970627347,True,True,,5fc3ea9c506f7ca2b250879f15c1674a8e70b1e7afb7c2cea60fa4396c61cb75,7edf663f95dbd9cf945bf2ec046d8beed0414d637a125694f4874076f44d6d75,data/raw/insert/stage-05/results.json
insert,5,0,16,1,current_ef28,28,0.8973,2282.4556688253133,0.43812461011111736,0.43807732999994187,0.4380818600038765,0.9998920852422248,True,True,,5fc3ea9c506f7ca2b250879f15c1674a8e70b1e7afb7c2cea60fa4396c61cb75,7edf663f95dbd9cf945bf2ec046d8beed0414d637a125694f4874076f44d6d75,data/raw/insert/stage-05/results.json
insert,5,0,16,2,current_ef28,28,0.8973,2279.8152409647064,0.43863203562796116,0.43861754099998507,0.4386222870016354,0.999966954926228,True,True,,5fc3ea9c506f7ca2b250879f15c1674a8e70b1e7afb7c2cea60fa4396c61cb75,7edf663f95dbd9cf945bf2ec046d8beed0414d637a125694f4874076f44d6d75,data/raw/insert/stage-05/results.json
insert,5,0,16,3,current_ef28,28,0.8973,2278.0034212891137,0.43898090347647667,0.43896773999995276,0.4389730070033693,0.9999700135554425,True,True,,5fc3ea9c506f7ca2b250879f15c1674a8e70b1e7afb7c2cea60fa4396c61cb75,7edf663f95dbd9cf945bf2ec046d8beed0414d637a125694f4874076f44d6d75,data/raw/insert/stage-05/results.json
insert,5,0,16,4,current_ef28,28,0.8973,2260.0938168666607,0.44245950877666473,0.44244490300002326,0.44244923400401603,0.999966989574522,True,False,,5fc3ea9c506f7ca2b250879f15c1674a8e70b1e7afb7c2cea60fa4396c61cb75,7edf663f95dbd9cf945bf2ec046d8beed0414d637a125694f4874076f44d6d75,data/raw/insert/stage-05/results.json
insert,5,0,16,5,current_ef28,28,0.8973,2281.1787146140864,0.43836986273527145,0.43830380700001115,0.43830835900007514,0.999849315062746,False,False,frequency outside configured interval or unavailable,5fc3ea9c506f7ca2b250879f15c1674a8e70b1e7afb7c2cea60fa4396c61cb75,7edf663f95dbd9cf945bf2ec046d8beed0414d637a125694f4874076f44d6d75,data/raw/insert/stage-05/results.json
insert,5,0,16,6,current_ef28,28,0.8973,2294.0662404807863,0.43590720370411873,0.4358959399999094,0.4358999460018822,0.9999741603164306,True,True,,5fc3ea9c506f7ca2b250879f15c1674a8e70b1e7afb7c2cea60fa4396c61cb75,7edf663f95dbd9cf945bf2ec046d8beed0414d637a125694f4874076f44d6d75,data/raw/insert/stage-05/results.json
insert,5,0,16,7,current_ef28,28,0.8973,2309.1330575588468,0.4330629613250494,0.4330513280001469,0.4330554869957268,0.9999731371048983,True,True,,5fc3ea9c506f7ca2b250879f15c1674a8e70b1e7afb7c2cea60fa4396c61cb75,7edf663f95dbd9cf945bf2ec046d8beed0414d637a125694f4874076f44d6d75,data/raw/insert/stage-05/results.json
insert,5,0,16,8,current_ef28,28,0.8973,2277.2163636442533,0.4391326252371073,0.4390336460000981,0.43903805800073314,0.9997746028618216,True,True,,5fc3ea9c506f7ca2b250879f15c1674a8e70b1e7afb7c2cea60fa4396c61cb75,7edf663f95dbd9cf945bf2ec046d8beed0414d637a125694f4874076f44d6d75,data/raw/insert/stage-05/results.json
insert,5,0,16,0,current_ef29,29,0.9009,2223.084491344706,0.4498254582285881,0.44977804400014065,0.44978231900313403,0.9998945941640695,True,True,,5fc3ea9c506f7ca2b250879f15c1674a8e70b1e7afb7c2cea60fa4396c61cb75,7edf663f95dbd9cf945bf2ec046d8beed0414d637a125694f4874076f44d6d75,data/raw/insert/stage-05/results.json
insert,5,0,16,1,current_ef29,29,0.9009,2221.556977882393,0.45013475231826305,0.45012382699997033,0.45012808299361495,0.9999757287829112,True,True,,5fc3ea9c506f7ca2b250879f15c1674a8e70b1e7afb7c2cea60fa4396c61cb75,7edf663f95dbd9cf945bf2ec046d8beed0414d637a125694f4874076f44d6d75,data/raw/insert/stage-05/results.json
insert,5,0,16,2,current_ef29,29,0.9009,2219.8979351486164,0.45047116093337536,0.45038772199995947,0.4503920669958461,0.9998147740839991,True,True,,5fc3ea9c506f7ca2b250879f15c1674a8e70b1e7afb7c2cea60fa4396c61cb75,7edf663f95dbd9cf945bf2ec046d8beed0414d637a125694f4874076f44d6d75,data/raw/insert/stage-05/results.json
insert,5,0,16,3,current_ef29,29,0.9009,2166.4287729854445,0.46158914268016815,0.4615410859998974,0.46154510799533455,0.9998958886251272,True,True,,5fc3ea9c506f7ca2b250879f15c1674a8e70b1e7afb7c2cea60fa4396c61cb75,7edf663f95dbd9cf945bf2ec046d8beed0414d637a125694f4874076f44d6d75,data/raw/insert/stage-05/results.json
insert,5,0,16,4,current_ef29,29,0.9009,2201.2206567210765,0.454293392598629,0.4542389010000534,0.45424312600516714,0.9998800519675975,True,False,,5fc3ea9c506f7ca2b250879f15c1674a8e70b1e7afb7c2cea60fa4396c61cb75,7edf663f95dbd9cf945bf2ec046d8beed0414d637a125694f4874076f44d6d75,data/raw/insert/stage-05/results.json
insert,5,0,16,5,current_ef29,29,0.9009,2213.171206811472,0.4518403261899948,0.45179275099985716,0.45179734799603466,0.9998947079590288,True,False,,5fc3ea9c506f7ca2b250879f15c1674a8e70b1e7afb7c2cea60fa4396c61cb75,7edf663f95dbd9cf945bf2ec046d8beed0414d637a125694f4874076f44d6d75,data/raw/insert/stage-05/results.json
insert,5,0,16,6,current_ef29,29,0.9009,2187.8434079424687,0.45707110315561295,0.457012486999929,0.4570162070012884,0.999871757030188,True,True,,5fc3ea9c506f7ca2b250879f15c1674a8e70b1e7afb7c2cea60fa4396c61cb75,7edf663f95dbd9cf945bf2ec046d8beed0414d637a125694f4874076f44d6d75,data/raw/insert/stage-05/results.json
insert,5,0,16,7,current_ef29,29,0.9009,2214.365374302118,0.45159665681421757,0.45154482900011317,0.45154943299712613,0.9998852342830215,True,True,,5fc3ea9c506f7ca2b250879f15c1674a8e70b1e7afb7c2cea60fa4396c61cb75,7edf663f95dbd9cf945bf2ec046d8beed0414d637a125694f4874076f44d6d75,data/raw/insert/stage-05/results.json
insert,5,0,16,8,current_ef29,29,0.9009,2173.868586674415,0.4600094072520733,0.4599589619999733,0.45996303200081456,0.999890338651113,True,True,,5fc3ea9c506f7ca2b250879f15c1674a8e70b1e7afb7c2cea60fa4396c61cb75,7edf663f95dbd9cf945bf2ec046d8beed0414d637a125694f4874076f44d6d75,data/raw/insert/stage-05/results.json
delete,0,0,24,0,initial_ef28,28,0.8973,2268.887833661065,0.44074457325041294,0.4407415589998891,0.44074633499985794,0.9999931610036589,True,True,,5fc3ea9c506f7ca2b250879f15c1674a8e70b1e7afb7c2cea60fa4396c61cb75,7edf663f95dbd9cf945bf2ec046d8beed0414d637a125694f4874076f44d6d75,data/raw/delete/stage-00/results.json
delete,0,0,24,1,initial_ef28,28,0.8973,2308.16087548294,0.43324536457657814,0.43321226300008675,0.433216926001478,0.9999235962362257,True,True,,5fc3ea9c506f7ca2b250879f15c1674a8e70b1e7afb7c2cea60fa4396c61cb75,7edf663f95dbd9cf945bf2ec046d8beed0414d637a125694f4874076f44d6d75,data/raw/delete/stage-00/results.json
delete,0,0,24,2,initial_ef28,28,0.8973,2313.363298548228,0.43227105773985386,0.4322583339999255,0.43226174500159686,0.9999705653670296,True,True,,5fc3ea9c506f7ca2b250879f15c1674a8e70b1e7afb7c2cea60fa4396c61cb75,7edf663f95dbd9cf945bf2ec046d8beed0414d637a125694f4874076f44d6d75,data/raw/delete/stage-00/results.json
delete,0,0,24,3,initial_ef28,28,0.8973,2287.1529227798214,0.4372248090803623,0.4372228229999564,0.43722788999730255,0.9999954575303948,True,True,,5fc3ea9c506f7ca2b250879f15c1674a8e70b1e7afb7c2cea60fa4396c61cb75,7edf663f95dbd9cf945bf2ec046d8beed0414d637a125694f4874076f44d6d75,data/raw/delete/stage-00/results.json
delete,0,0,24,4,initial_ef28,28,0.8973,2317.405066355037,0.43151713721454144,0.43150777500000004,0.43151213099918095,0.9999783039565895,False,False,frequency outside configured interval or unavailable,5fc3ea9c506f7ca2b250879f15c1674a8e70b1e7afb7c2cea60fa4396c61cb75,7edf663f95dbd9cf945bf2ec046d8beed0414d637a125694f4874076f44d6d75,data/raw/delete/stage-00/results.json
delete,0,0,24,5,initial_ef28,28,0.8973,2312.5030019694213,0.43243187107145786,0.43242100899988145,0.43242516700411215,0.999974881426872,True,True,,5fc3ea9c506f7ca2b250879f15c1674a8e70b1e7afb7c2cea60fa4396c61cb75,7edf663f95dbd9cf945bf2ec046d8beed0414d637a125694f4874076f44d6d75,data/raw/delete/stage-00/results.json
delete,0,0,24,6,initial_ef28,28,0.8973,2326.5954745348563,0.429812578484416,0.42980915399994046,0.42981298499944387,0.9999920326099165,True,True,,5fc3ea9c506f7ca2b250879f15c1674a8e70b1e7afb7c2cea60fa4396c61cb75,7edf663f95dbd9cf945bf2ec046d8beed0414d637a125694f4874076f44d6d75,data/raw/delete/stage-00/results.json
delete,0,0,24,7,initial_ef28,28,0.8973,2283.3265730757703,0.43795750103890896,0.4379479579999952,0.43795232599950396,0.9999782101256603,False,False,frequency outside configured interval or unavailable,5fc3ea9c506f7ca2b250879f15c1674a8e70b1e7afb7c2cea60fa4396c61cb75,7edf663f95dbd9cf945bf2ec046d8beed0414d637a125694f4874076f44d6d75,data/raw/delete/stage-00/results.json
delete,0,0,24,8,initial_ef28,28,0.8973,2303.6391841996237,0.43409575894474983,0.43409311999994316,0.43409766999684507,0.9999939208233384,True,True,,5fc3ea9c506f7ca2b250879f15c1674a8e70b1e7afb7c2cea60fa4396c61cb75,7edf663f95dbd9cf945bf2ec046d8beed0414d637a125694f4874076f44d6d75,data/raw/delete/stage-00/results.json
delete,0,0,24,0,initial_ef29,29,0.9009,2195.7558292255126,0.4554240442812443,0.45542118200000914,0.4554251439985819,0.999993715129293,True,True,,5fc3ea9c506f7ca2b250879f15c1674a8e70b1e7afb7c2cea60fa4396c61cb75,7edf663f95dbd9cf945bf2ec046d8beed0414d637a125694f4874076f44d6d75,data/raw/delete/stage-00/results.json
delete,0,0,24,1,initial_ef29,29,0.9009,2223.7694634742684,0.44968690164387226,0.4496730819998902,0.4496765090007102,0.9999692682977166,True,True,,5fc3ea9c506f7ca2b250879f15c1674a8e70b1e7afb7c2cea60fa4396c61cb75,7edf663f95dbd9cf945bf2ec046d8beed0414d637a125694f4874076f44d6d75,data/raw/delete/stage-00/results.json
delete,0,0,24,2,initial_ef29,29,0.9009,2237.145709781702,0.44699815288186073,0.4469955980000577,0.4470006129995454,0.9999942843571354,True,True,,5fc3ea9c506f7ca2b250879f15c1674a8e70b1e7afb7c2cea60fa4396c61cb75,7edf663f95dbd9cf945bf2ec046d8beed0414d637a125694f4874076f44d6d75,data/raw/delete/stage-00/results.json
delete,0,0,24,3,initial_ef29,29,0.9009,2224.618605270883,0.44951525516808033,0.44948916499993175,0.4494925789986155,0.999941959326522,True,True,,5fc3ea9c506f7ca2b250879f15c1674a8e70b1e7afb7c2cea60fa4396c61cb75,7edf663f95dbd9cf945bf2ec046d8beed0414d637a125694f4874076f44d6d75,data/raw/delete/stage-00/results.json
delete,0,0,24,4,initial_ef29,29,0.9009,2212.793778406203,0.4519173949956894,0.45191374799992445,0.45191806499497034,0.9999919299504615,False,False,frequency outside configured interval or unavailable,5fc3ea9c506f7ca2b250879f15c1674a8e70b1e7afb7c2cea60fa4396c61cb75,7edf663f95dbd9cf945bf2ec046d8beed0414d637a125694f4874076f44d6d75,data/raw/delete/stage-00/results.json
delete,0,0,24,5,initial_ef29,29,0.9009,2228.4128460196857,0.4487498812377453,0.4487383929999851,0.4487437560019316,0.9999743994633971,True,True,,5fc3ea9c506f7ca2b250879f15c1674a8e70b1e7afb7c2cea60fa4396c61cb75,7edf663f95dbd9cf945bf2ec046d8beed0414d637a125694f4874076f44d6d75,data/raw/delete/stage-00/results.json
delete,0,0,24,6,initial_ef29,29,0.9009,2235.307493530154,0.4473657440394163,0.44736237999995865,0.4473665420009638,0.9999924803373917,True,True,,5fc3ea9c506f7ca2b250879f15c1674a8e70b1e7afb7c2cea60fa4396c61cb75,7edf663f95dbd9cf945bf2ec046d8beed0414d637a125694f4874076f44d6d75,data/raw/delete/stage-00/results.json
delete,0,0,24,7,initial_ef29,29,0.9009,2235.9047553419923,0.4472462423145771,0.44724250500007656,0.44724656800099183,0.999991643720736,True,False,,5fc3ea9c506f7ca2b250879f15c1674a8e70b1e7afb7c2cea60fa4396c61cb75,7edf663f95dbd9cf945bf2ec046d8beed0414d637a125694f4874076f44d6d75,data/raw/delete/stage-00/results.json
delete,0,0,24,8,initial_ef29,29,0.9009,2212.477958039823,0.4519819039851427,0.4519690320000791,0.45197314499819186,0.9999715210167706,True,True,,5fc3ea9c506f7ca2b250879f15c1674a8e70b1e7afb7c2cea60fa4396c61cb75,7edf663f95dbd9cf945bf2ec046d8beed0414d637a125694f4874076f44d6d75,data/raw/delete/stage-00/results.json
delete,0,0,24,0,current_ef28,28,0.8973,2304.9281054016024,0.43385301157832146,0.4337956580000082,0.43379946899949573,0.9998678041254004,True,True,,5fc3ea9c506f7ca2b250879f15c1674a8e70b1e7afb7c2cea60fa4396c61cb75,7edf663f95dbd9cf945bf2ec046d8beed0414d637a125694f4874076f44d6d75,data/raw/delete/stage-00/results.json
delete,0,0,24,1,current_ef28,28,0.8973,2308.756723478677,0.43313355185091496,0.43312984099998175,0.43313406399829546,0.9999914325479582,True,True,,5fc3ea9c506f7ca2b250879f15c1674a8e70b1e7afb7c2cea60fa4396c61cb75,7edf663f95dbd9cf945bf2ec046d8beed0414d637a125694f4874076f44d6d75,data/raw/delete/stage-00/results.json
delete,0,0,24,2,current_ef28,28,0.8973,2302.221804720901,0.43436301313340664,0.43433163099984995,0.43433634400571464,0.9999277513678472,True,True,,5fc3ea9c506f7ca2b250879f15c1674a8e70b1e7afb7c2cea60fa4396c61cb75,7edf663f95dbd9cf945bf2ec046d8beed0414d637a125694f4874076f44d6d75,data/raw/delete/stage-00/results.json
delete,0,0,24,3,current_ef28,28,0.8973,2280.7615938871427,0.43845003470778465,0.4384366050001063,0.43844038299721433,0.99996937003851,True,True,,5fc3ea9c506f7ca2b250879f15c1674a8e70b1e7afb7c2cea60fa4396c61cb75,7edf663f95dbd9cf945bf2ec046d8beed0414d637a125694f4874076f44d6d75,data/raw/delete/stage-00/results.json
delete,0,0,24,4,current_ef28,28,0.8973,2288.8146279149055,0.43690737895667553,0.436880335999831,0.43688508199556964,0.9999381036847922,True,False,,5fc3ea9c506f7ca2b250879f15c1674a8e70b1e7afb7c2cea60fa4396c61cb75,7edf663f95dbd9cf945bf2ec046d8beed0414d637a125694f4874076f44d6d75,data/raw/delete/stage-00/results.json
delete,0,0,24,5,current_ef28,28,0.8973,2286.554255857691,0.43733928352594376,0.4373073500000828,0.4373113160036155,0.9999269822605381,True,True,,5fc3ea9c506f7ca2b250879f15c1674a8e70b1e7afb7c2cea60fa4396c61cb75,7edf663f95dbd9cf945bf2ec046d8beed0414d637a125694f4874076f44d6d75,data/raw/delete/stage-00/results.json
delete,0,0,24,6,current_ef28,28,0.8973,2263.7666681592004,0.4417416397482157,0.441710626999793,0.4417148689972237,0.9999297943738328,True,True,,5fc3ea9c506f7ca2b250879f15c1674a8e70b1e7afb7c2cea60fa4396c61cb75,7edf663f95dbd9cf945bf2ec046d8beed0414d637a125694f4874076f44d6d75,data/raw/delete/stage-00/results.json
delete,0,0,24,7,current_ef28,28,0.8973,2299.6793035044097,0.43484324030578136,0.43482691299982434,0.43483078900317196,0.9999624524324087,True,False,,5fc3ea9c506f7ca2b250879f15c1674a8e70b1e7afb7c2cea60fa4396c61cb75,7edf663f95dbd9cf945bf2ec046d8beed0414d637a125694f4874076f44d6d75,data/raw/delete/stage-00/results.json
delete,0,0,24,8,current_ef28,28,0.8973,2281.932228814894,0.4382251091301441,0.4381944490000933,0.43819843100209255,0.9999300356610974,True,True,,5fc3ea9c506f7ca2b250879f15c1674a8e70b1e7afb7c2cea60fa4396c61cb75,7edf663f95dbd9cf945bf2ec046d8beed0414d637a125694f4874076f44d6d75,data/raw/delete/stage-00/results.json
delete,0,0,24,0,current_ef29,29,0.9009,2214.95252844589,0.4514769446104765,0.4514666390000457,0.45147098799498053,0.9999771735621191,True,True,,5fc3ea9c506f7ca2b250879f15c1674a8e70b1e7afb7c2cea60fa4396c61cb75,7edf663f95dbd9cf945bf2ec046d8beed0414d637a125694f4874076f44d6d75,data/raw/delete/stage-00/results.json
delete,0,0,24,1,current_ef29,29,0.9009,2212.484021365091,0.45198066532611847,0.45197016699989945,0.45197444800578523,0.9999767726209894,True,True,,5fc3ea9c506f7ca2b250879f15c1674a8e70b1e7afb7c2cea60fa4396c61cb75,7edf663f95dbd9cf945bf2ec046d8beed0414d637a125694f4874076f44d6d75,data/raw/delete/stage-00/results.json
delete,0,0,24,2,current_ef29,29,0.9009,2222.496036278797,0.44994455948472023,0.4499325350000163,0.4499364509974839,0.9999732756304072,True,True,,5fc3ea9c506f7ca2b250879f15c1674a8e70b1e7afb7c2cea60fa4396c61cb75,7edf663f95dbd9cf945bf2ec046d8beed0414d637a125694f4874076f44d6d75,data/raw/delete/stage-00/results.json
delete,0,0,24,3,current_ef29,29,0.9009,2213.56309282351,0.45176033303141594,0.4517501469999843,0.451754665999033,0.9999774525767605,True,True,,5fc3ea9c506f7ca2b250879f15c1674a8e70b1e7afb7c2cea60fa4396c61cb75,7edf663f95dbd9cf945bf2ec046d8beed0414d637a125694f4874076f44d6d75,data/raw/delete/stage-00/results.json
delete,0,0,24,4,current_ef29,29,0.9009,2219.2854507419916,0.4505954831838608,0.45058236099998794,0.45058619799965527,0.999970878128249,True,False,,5fc3ea9c506f7ca2b250879f15c1674a8e70b1e7afb7c2cea60fa4396c61cb75,7edf663f95dbd9cf945bf2ec046d8beed0414d637a125694f4874076f44d6d75,data/raw/delete/stage-00/results.json
delete,0,0,24,5,current_ef29,29,0.9009,2217.450179405941,0.4509684182703495,0.4509549930000958,0.45095853399834596,0.9999702301320673,True,True,,5fc3ea9c506f7ca2b250879f15c1674a8e70b1e7afb7c2cea60fa4396c61cb75,7edf663f95dbd9cf945bf2ec046d8beed0414d637a125694f4874076f44d6d75,data/raw/delete/stage-00/results.json
delete,0,0,24,6,current_ef29,29,0.9009,2227.074460936437,0.44901956245303154,0.44901542799993877,0.4490198400017107,0.9999907922651071,True,True,,5fc3ea9c506f7ca2b250879f15c1674a8e70b1e7afb7c2cea60fa4396c61cb75,7edf663f95dbd9cf945bf2ec046d8beed0414d637a125694f4874076f44d6d75,data/raw/delete/stage-00/results.json
delete,0,0,24,7,current_ef29,29,0.9009,2216.6272749818922,0.4511358365416527,0.4511333749999267,0.451137550000567,0.9999945436794716,True,False,,5fc3ea9c506f7ca2b250879f15c1674a8e70b1e7afb7c2cea60fa4396c61cb75,7edf663f95dbd9cf945bf2ec046d8beed0414d637a125694f4874076f44d6d75,data/raw/delete/stage-00/results.json
delete,0,0,24,8,current_ef29,29,0.9009,2209.4968992708136,0.45259171910583973,0.45256011899982695,0.45256449999578763,0.9999301796637482,True,True,,5fc3ea9c506f7ca2b250879f15c1674a8e70b1e7afb7c2cea60fa4396c61cb75,7edf663f95dbd9cf945bf2ec046d8beed0414d637a125694f4874076f44d6d75,data/raw/delete/stage-00/results.json
delete,1,0,24,0,initial_ef28,28,0.8973,2301.4894633034028,0.4345012288540602,0.43449883600010253,0.43450565700186417,0.9999944928718293,True,True,,5fc3ea9c506f7ca2b250879f15c1674a8e70b1e7afb7c2cea60fa4396c61cb75,7edf663f95dbd9cf945bf2ec046d8beed0414d637a125694f4874076f44d6d75,data/raw/delete/stage-01/results.json
delete,1,0,24,1,initial_ef28,28,0.8973,2300.955048799905,0.43460214510560036,0.4345902129998649,0.43459667199931573,0.9999725447610651,True,True,,5fc3ea9c506f7ca2b250879f15c1674a8e70b1e7afb7c2cea60fa4396c61cb75,7edf663f95dbd9cf945bf2ec046d8beed0414d637a125694f4874076f44d6d75,data/raw/delete/stage-01/results.json
delete,1,0,24,2,initial_ef28,28,0.8973,2286.9832306654816,0.4372572507709265,0.43721421000009286,0.43721977100358345,0.9999015664788686,True,True,,5fc3ea9c506f7ca2b250879f15c1674a8e70b1e7afb7c2cea60fa4396c61cb75,7edf663f95dbd9cf945bf2ec046d8beed0414d637a125694f4874076f44d6d75,data/raw/delete/stage-01/results.json
delete,1,0,24,3,initial_ef28,28,0.8973,2287.522645900988,0.43715414218604565,0.43705051999995703,0.43705680499988375,0.9997629619027045,True,True,,5fc3ea9c506f7ca2b250879f15c1674a8e70b1e7afb7c2cea60fa4396c61cb75,7edf663f95dbd9cf945bf2ec046d8beed0414d637a125694f4874076f44d6d75,data/raw/delete/stage-01/results.json
delete,1,0,24,4,initial_ef28,28,0.8973,2314.3764638448297,0.43208182230591774,0.4320799380000153,0.4320861230007722,0.9999956390067688,True,True,,5fc3ea9c506f7ca2b250879f15c1674a8e70b1e7afb7c2cea60fa4396c61cb75,7edf663f95dbd9cf945bf2ec046d8beed0414d637a125694f4874076f44d6d75,data/raw/delete/stage-01/results.json
delete,1,0,24,5,initial_ef28,28,0.8973,2302.078702743142,0.4343900140374899,0.4343794160001835,0.4343850669974927,0.9999756024840261,True,False,,5fc3ea9c506f7ca2b250879f15c1674a8e70b1e7afb7c2cea60fa4396c61cb75,7edf663f95dbd9cf945bf2ec046d8beed0414d637a125694f4874076f44d6d75,data/raw/delete/stage-01/results.json
delete,1,0,24,6,initial_ef28,28,0.8973,2301.431136049972,0.4345122408121824,0.43450922800002445,0.4345148430002155,0.9999930662202926,True,True,,5fc3ea9c506f7ca2b250879f15c1674a8e70b1e7afb7c2cea60fa4396c61cb75,7edf663f95dbd9cf945bf2ec046d8beed0414d637a125694f4874076f44d6d75,data/raw/delete/stage-01/results.json
delete,1,0,24,7,initial_ef28,28,0.8973,2307.40762460961,0.4333867970854044,0.4333077740000135,0.4333131220046198,0.999817661530249,True,True,,5fc3ea9c506f7ca2b250879f15c1674a8e70b1e7afb7c2cea60fa4396c61cb75,7edf663f95dbd9cf945bf2ec046d8beed0414d637a125694f4874076f44d6d75,data/raw/delete/stage-01/results.json
delete,1,0,24,0,initial_ef29,29,0.9009,2219.201585643232,0.45061251148581505,0.4505951260000529,0.45060037600342184,0.9999614181024294,True,True,,5fc3ea9c506f7ca2b250879f15c1674a8e70b1e7afb7c2cea60fa4396c61cb75,7edf663f95dbd9cf945bf2ec046d8beed0414d637a125694f4874076f44d6d75,data/raw/delete/stage-01/results.json
delete,1,0,24,1,initial_ef29,29,0.9009,2222.049155954901,0.450035048648715,0.4500223850000111,0.4500286039983621,0.9999718607500863,True,True,,5fc3ea9c506f7ca2b250879f15c1674a8e70b1e7afb7c2cea60fa4396c61cb75,7edf663f95dbd9cf945bf2ec046d8beed0414d637a125694f4874076f44d6d75,data/raw/delete/stage-01/results.json
delete,1,0,24,2,initial_ef29,29,0.9009,2242.4287541806343,0.4459450487047434,0.44588449499997296,0.44589032200019574,0.9998642126312506,True,True,,5fc3ea9c506f7ca2b250879f15c1674a8e70b1e7afb7c2cea60fa4396c61cb75,7edf663f95dbd9cf945bf2ec046d8beed0414d637a125694f4874076f44d6d75,data/raw/delete/stage-01/results.json
delete,1,0,24,3,initial_ef29,29,0.9009,2247.10274625148,0.4450174793601036,0.4450052989998312,0.4450107509983354,0.9999726294789816,True,True,,5fc3ea9c506f7ca2b250879f15c1674a8e70b1e7afb7c2cea60fa4396c61cb75,7edf663f95dbd9cf945bf2ec046d8beed0414d637a125694f4874076f44d6d75,data/raw/delete/stage-01/results.json
delete,1,0,24,4,initial_ef29,29,0.9009,2239.475431291839,0.4465331416577101,0.446529880000071,0.44653606900101295,0.999992695597852,True,True,,5fc3ea9c506f7ca2b250879f15c1674a8e70b1e7afb7c2cea60fa4396c61cb75,7edf663f95dbd9cf945bf2ec046d8beed0414d637a125694f4874076f44d6d75,data/raw/delete/stage-01/results.json
delete,1,0,24,5,initial_ef29,29,0.9009,2218.0902426253274,0.4508382845669985,0.45083470800000214,0.45084099999803584,0.9999920668516433,False,False,frequency outside configured interval or unavailable,5fc3ea9c506f7ca2b250879f15c1674a8e70b1e7afb7c2cea60fa4396c61cb75,7edf663f95dbd9cf945bf2ec046d8beed0414d637a125694f4874076f44d6d75,data/raw/delete/stage-01/results.json
delete,1,0,24,6,initial_ef29,29,0.9009,2203.2604102995206,0.4538728129118681,0.4538613820000137,0.45386642000084976,0.9999748147244576,True,True,,5fc3ea9c506f7ca2b250879f15c1674a8e70b1e7afb7c2cea60fa4396c61cb75,7edf663f95dbd9cf945bf2ec046d8beed0414d637a125694f4874076f44d6d75,data/raw/delete/stage-01/results.json
delete,1,0,24,7,initial_ef29,29,0.9009,2224.8784753317086,0.4494627509266138,0.44939732800003185,0.4494028920016717,0.9998544419388546,True,True,,5fc3ea9c506f7ca2b250879f15c1674a8e70b1e7afb7c2cea60fa4396c61cb75,7edf663f95dbd9cf945bf2ec046d8beed0414d637a125694f4874076f44d6d75,data/raw/delete/stage-01/results.json
delete,1,0,24,0,current_ef15,15,0.8989,2235.6064895031795,0.4473059121519327,0.4472957549999137,0.4473013700044248,0.9999772926050314,True,True,,5fc3ea9c506f7ca2b250879f15c1674a8e70b1e7afb7c2cea60fa4396c61cb75,a789dbdc5abd6c71ba25a28fae102ec7d0c90d8ec13fcc910ef2af95afbb90a9,data/raw/delete/stage-01/results.json
delete,1,0,24,1,current_ef15,15,0.8989,2226.5326462207836,0.4491288289427757,0.44911494100006166,0.44912065300013637,0.9999690780421583,True,True,,5fc3ea9c506f7ca2b250879f15c1674a8e70b1e7afb7c2cea60fa4396c61cb75,a789dbdc5abd6c71ba25a28fae102ec7d0c90d8ec13fcc910ef2af95afbb90a9,data/raw/delete/stage-01/results.json
delete,1,0,24,2,current_ef15,15,0.8989,2226.4295445334296,0.44914962723851204,0.4491367139999056,0.449142685996776,0.999971249584051,True,True,,5fc3ea9c506f7ca2b250879f15c1674a8e70b1e7afb7c2cea60fa4396c61cb75,a789dbdc5abd6c71ba25a28fae102ec7d0c90d8ec13fcc910ef2af95afbb90a9,data/raw/delete/stage-01/results.json
delete,1,0,24,3,current_ef15,15,0.8989,2250.4110303562356,0.44436326809227467,0.44429722299992136,0.4443023650019313,0.9998513713956673,True,True,,5fc3ea9c506f7ca2b250879f15c1674a8e70b1e7afb7c2cea60fa4396c61cb75,a789dbdc5abd6c71ba25a28fae102ec7d0c90d8ec13fcc910ef2af95afbb90a9,data/raw/delete/stage-01/results.json
delete,1,0,24,4,current_ef15,15,0.8989,2251.5961573987306,0.4441293776035309,0.44410913199999413,0.4441144800002803,0.9999544150768724,True,True,,5fc3ea9c506f7ca2b250879f15c1674a8e70b1e7afb7c2cea60fa4396c61cb75,a789dbdc5abd6c71ba25a28fae102ec7d0c90d8ec13fcc910ef2af95afbb90a9,data/raw/delete/stage-01/results.json
delete,1,0,24,5,current_ef15,15,0.8989,2219.9683404363695,0.45045687444508076,0.45045274399990376,0.4504588479976519,0.9999908305424752,True,False,,5fc3ea9c506f7ca2b250879f15c1674a8e70b1e7afb7c2cea60fa4396c61cb75,a789dbdc5abd6c71ba25a28fae102ec7d0c90d8ec13fcc910ef2af95afbb90a9,data/raw/delete/stage-01/results.json
delete,1,0,24,6,current_ef15,15,0.8989,2253.354612130197,0.4437827914953232,0.44376486099986323,0.44377043699932983,0.9999595962353576,True,True,,5fc3ea9c506f7ca2b250879f15c1674a8e70b1e7afb7c2cea60fa4396c61cb75,a789dbdc5abd6c71ba25a28fae102ec7d0c90d8ec13fcc910ef2af95afbb90a9,data/raw/delete/stage-01/results.json
delete,1,0,24,7,current_ef15,15,0.8989,2248.301093284227,0.4447802845388651,0.4447203120000722,0.44472554600361036,0.999865163675465,True,True,,5fc3ea9c506f7ca2b250879f15c1674a8e70b1e7afb7c2cea60fa4396c61cb75,a789dbdc5abd6c71ba25a28fae102ec7d0c90d8ec13fcc910ef2af95afbb90a9,data/raw/delete/stage-01/results.json
delete,1,0,24,0,current_ef16,16,0.9066,2107.9504123991233,0.4743944611400366,0.47439132800013795,0.4743963500004611,0.9999933954964586,True,True,,5fc3ea9c506f7ca2b250879f15c1674a8e70b1e7afb7c2cea60fa4396c61cb75,a789dbdc5abd6c71ba25a28fae102ec7d0c90d8ec13fcc910ef2af95afbb90a9,data/raw/delete/stage-01/results.json
delete,1,0,24,1,current_ef16,16,0.9066,2104.749727209617,0.47511587105691433,0.4751116639999964,0.4751169689989183,0.9999911451980996,True,True,,5fc3ea9c506f7ca2b250879f15c1674a8e70b1e7afb7c2cea60fa4396c61cb75,a789dbdc5abd6c71ba25a28fae102ec7d0c90d8ec13fcc910ef2af95afbb90a9,data/raw/delete/stage-01/results.json
delete,1,0,24,2,current_ef16,16,0.9066,2097.633038057677,0.4767278078943491,0.4766755360001298,0.47668142699694727,0.9998903527477238,True,True,,5fc3ea9c506f7ca2b250879f15c1674a8e70b1e7afb7c2cea60fa4396c61cb75,a789dbdc5abd6c71ba25a28fae102ec7d0c90d8ec13fcc910ef2af95afbb90a9,data/raw/delete/stage-01/results.json
delete,1,0,24,3,current_ef16,16,0.9066,2095.35120933489,0.4772469624876976,0.4772175379998771,0.477223360001517,0.9999383453638613,True,True,,5fc3ea9c506f7ca2b250879f15c1674a8e70b1e7afb7c2cea60fa4396c61cb75,a789dbdc5abd6c71ba25a28fae102ec7d0c90d8ec13fcc910ef2af95afbb90a9,data/raw/delete/stage-01/results.json
delete,1,0,24,4,current_ef16,16,0.9066,2135.700348467401,0.46823048032820225,0.4682197479999104,0.468225167998753,0.9999770789627273,True,True,,5fc3ea9c506f7ca2b250879f15c1674a8e70b1e7afb7c2cea60fa4396c61cb75,a789dbdc5abd6c71ba25a28fae102ec7d0c90d8ec13fcc910ef2af95afbb90a9,data/raw/delete/stage-01/results.json
delete,1,0,24,5,current_ef16,16,0.9066,2098.9741883655106,0.4764232002198696,0.47641903599992474,0.4764242009987356,0.999991259409821,True,False,,5fc3ea9c506f7ca2b250879f15c1674a8e70b1e7afb7c2cea60fa4396c61cb75,a789dbdc5abd6c71ba25a28fae102ec7d0c90d8ec13fcc910ef2af95afbb90a9,data/raw/delete/stage-01/results.json
delete,1,0,24,6,current_ef16,16,0.9066,2121.7430768532595,0.47131059877574444,0.4713068820001354,0.47131261300091865,0.9999921139570832,True,True,,5fc3ea9c506f7ca2b250879f15c1674a8e70b1e7afb7c2cea60fa4396c61cb75,a789dbdc5abd6c71ba25a28fae102ec7d0c90d8ec13fcc910ef2af95afbb90a9,data/raw/delete/stage-01/results.json
delete,1,0,24,7,current_ef16,16,0.9066,2093.2246608200658,0.47773180715739727,0.4776748460001272,0.4776806379959453,0.9998807675008935,True,True,,5fc3ea9c506f7ca2b250879f15c1674a8e70b1e7afb7c2cea60fa4396c61cb75,a789dbdc5abd6c71ba25a28fae102ec7d0c90d8ec13fcc910ef2af95afbb90a9,data/raw/delete/stage-01/results.json
delete,2,0,16,0,initial_ef28,28,0.8973,2305.6563098351894,0.4337159860879183,0.43368117499994696,0.43368670599738834,0.9999197375953667,True,True,,5fc3ea9c506f7ca2b250879f15c1674a8e70b1e7afb7c2cea60fa4396c61cb75,7edf663f95dbd9cf945bf2ec046d8beed0414d637a125694f4874076f44d6d75,data/raw/delete/stage-02/results.json
delete,2,0,16,1,initial_ef28,28,0.8973,2305.123472241085,0.4338162411004305,0.4338023029999931,0.43380754600366345,0.9999678709575234,True,True,,5fc3ea9c506f7ca2b250879f15c1674a8e70b1e7afb7c2cea60fa4396c61cb75,7edf663f95dbd9cf945bf2ec046d8beed0414d637a125694f4874076f44d6d75,data/raw/delete/stage-02/results.json
delete,2,0,16,2,initial_ef28,28,0.8973,2314.0926442293494,0.4321348164230585,0.432075192999946,0.43208123200020054,0.9998620258751516,True,True,,5fc3ea9c506f7ca2b250879f15c1674a8e70b1e7afb7c2cea60fa4396c61cb75,7edf663f95dbd9cf945bf2ec046d8beed0414d637a125694f4874076f44d6d75,data/raw/delete/stage-02/results.json
delete,2,0,16,3,initial_ef28,28,0.8973,2286.657284347218,0.43731957860291004,0.437265176999972,0.4372702079999726,0.9998756021783616,True,False,,5fc3ea9c506f7ca2b250879f15c1674a8e70b1e7afb7c2cea60fa4396c61cb75,7edf663f95dbd9cf945bf2ec046d8beed0414d637a125694f4874076f44d6d75,data/raw/delete/stage-02/results.json
delete,2,0,16,4,initial_ef28,28,0.8973,2316.9915925331966,0.43159414269030094,0.43157928299979176,0.43158460700215073,0.9999655702220226,False,False,frequency outside configured interval or unavailable,5fc3ea9c506f7ca2b250879f15c1674a8e70b1e7afb7c2cea60fa4396c61cb75,7edf663f95dbd9cf945bf2ec046d8beed0414d637a125694f4874076f44d6d75,data/raw/delete/stage-02/results.json
delete,2,0,16,5,initial_ef28,28,0.8973,2314.608042227291,0.43203859217464924,0.4320047999999588,0.432009978001588,0.9999217843606971,True,True,,5fc3ea9c506f7ca2b250879f15c1674a8e70b1e7afb7c2cea60fa4396c61cb75,7edf663f95dbd9cf945bf2ec046d8beed0414d637a125694f4874076f44d6d75,data/raw/delete/stage-02/results.json
delete,2,0,16,6,initial_ef28,28,0.8973,2285.130338612692,0.43761179968714714,0.43760318299973733,0.4376084830000764,0.9999803097461815,True,True,,5fc3ea9c506f7ca2b250879f15c1674a8e70b1e7afb7c2cea60fa4396c61cb75,7edf663f95dbd9cf945bf2ec046d8beed0414d637a125694f4874076f44d6d75,data/raw/delete/stage-02/results.json
delete,2,0,16,7,initial_ef28,28,0.8973,2310.3109838461996,0.4328421615064144,0.4328285639999194,0.4328342230000999,0.9999685855313917,True,True,,5fc3ea9c506f7ca2b250879f15c1674a8e70b1e7afb7c2cea60fa4396c61cb75,7edf663f95dbd9cf945bf2ec046d8beed0414d637a125694f4874076f44d6d75,data/raw/delete/stage-02/results.json
delete,2,0,16,8,initial_ef28,28,0.8973,2283.385326439696,0.4379462320357561,0.43777667399990605,0.4377815889965859,0.99961283366896,True,True,,5fc3ea9c506f7ca2b250879f15c1674a8e70b1e7afb7c2cea60fa4396c61cb75,7edf663f95dbd9cf945bf2ec046d8beed0414d637a125694f4874076f44d6d75,data/raw/delete/stage-02/results.json
delete,2,0,16,0,initial_ef29,29,0.9009,2198.0610683517507,0.4549464136362076,0.4549255599999924,0.4549317199998768,0.9999541624341018,True,True,,5fc3ea9c506f7ca2b250879f15c1674a8e70b1e7afb7c2cea60fa4396c61cb75,7edf663f95dbd9cf945bf2ec046d8beed0414d637a125694f4874076f44d6d75,data/raw/delete/stage-02/results.json
delete,2,0,16,1,initial_ef29,29,0.9009,2215.2198611570698,0.45142246037721634,0.4514033840000593,0.45140927899774397,0.9999577416304428,True,True,,5fc3ea9c506f7ca2b250879f15c1674a8e70b1e7afb7c2cea60fa4396c61cb75,7edf663f95dbd9cf945bf2ec046d8beed0414d637a125694f4874076f44d6d75,data/raw/delete/stage-02/results.json
delete,2,0,16,2,initial_ef29,29,0.9009,2228.325302301322,0.44876751117408276,0.4487292469998465,0.4487343239961774,0.9999147349723777,True,True,,5fc3ea9c506f7ca2b250879f15c1674a8e70b1e7afb7c2cea60fa4396c61cb75,7edf663f95dbd9cf945bf2ec046d8beed0414d637a125694f4874076f44d6d75,data/raw/delete/stage-02/results.json
delete,2,0,16,3,initial_ef29,29,0.9009,2247.7593672073463,0.44488747976720333,0.4448684930002855,0.44487370800197823,0.9999573223168076,False,False,frequency outside configured interval or unavailable,5fc3ea9c506f7ca2b250879f15c1674a8e70b1e7afb7c2cea60fa4396c61cb75,7edf663f95dbd9cf945bf2ec046d8beed0414d637a125694f4874076f44d6d75,data/raw/delete/stage-02/results.json
delete,2,0,16,4,initial_ef29,29,0.9009,2228.41650885449,0.4487491436302662,0.4487398149999535,0.4487455529961153,0.9999792119262062,True,False,,5fc3ea9c506f7ca2b250879f15c1674a8e70b1e7afb7c2cea60fa4396c61cb75,7edf663f95dbd9cf945bf2ec046d8beed0414d637a125694f4874076f44d6d75,data/raw/delete/stage-02/results.json
delete,2,0,16,5,initial_ef29,29,0.9009,2231.727616209514,0.4480833560228348,0.44806803800020134,0.44807354300428415,0.9999658143458633,True,True,,5fc3ea9c506f7ca2b250879f15c1674a8e70b1e7afb7c2cea60fa4396c61cb75,7edf663f95dbd9cf945bf2ec046d8beed0414d637a125694f4874076f44d6d75,data/raw/delete/stage-02/results.json
delete,2,0,16,6,initial_ef29,29,0.9009,2228.810518888393,0.44866981357336044,0.44866084099976433,0.4486664430005476,0.9999800018335875,True,True,,5fc3ea9c506f7ca2b250879f15c1674a8e70b1e7afb7c2cea60fa4396c61cb75,7edf663f95dbd9cf945bf2ec046d8beed0414d637a125694f4874076f44d6d75,data/raw/delete/stage-02/results.json
delete,2,0,16,7,initial_ef29,29,0.9009,2251.5722856855086,0.44413408637046814,0.44412530699992203,0.444131340002059,0.9999802326125926,True,True,,5fc3ea9c506f7ca2b250879f15c1674a8e70b1e7afb7c2cea60fa4396c61cb75,7edf663f95dbd9cf945bf2ec046d8beed0414d637a125694f4874076f44d6d75,data/raw/delete/stage-02/results.json
delete,2,0,16,8,initial_ef29,29,0.9009,2239.031698319987,0.44662163592875004,0.44657617899974866,0.44658107600116637,0.9998982204950576,True,True,,5fc3ea9c506f7ca2b250879f15c1674a8e70b1e7afb7c2cea60fa4396c61cb75,7edf663f95dbd9cf945bf2ec046d8beed0414d637a125694f4874076f44d6d75,data/raw/delete/stage-02/results.json
delete,2,0,16,0,current_ef11,11,0.8923,2412.315725477436,0.41453943587839603,0.41452169699959995,0.41452723799739033,0.9999572082237279,True,True,,5fc3ea9c506f7ca2b250879f15c1674a8e70b1e7afb7c2cea60fa4396c61cb75,bf70113ee2b3b9a79262b8ea6f365d59e4c12217afa0eb5f3f9da6356c4a47ae,data/raw/delete/stage-02/results.json
delete,2,0,16,1,current_ef11,11,0.8923,2465.7249995592088,0.40556023083627224,0.40555292599992754,0.405558373000531,0.9999819882824071,True,True,,5fc3ea9c506f7ca2b250879f15c1674a8e70b1e7afb7c2cea60fa4396c61cb75,bf70113ee2b3b9a79262b8ea6f365d59e4c12217afa0eb5f3f9da6356c4a47ae,data/raw/delete/stage-02/results.json
delete,2,0,16,2,current_ef11,11,0.8923,2445.002339591881,0.40899756364524364,0.40899108300027365,0.4089972529982333,0.9999841548078863,True,True,,5fc3ea9c506f7ca2b250879f15c1674a8e70b1e7afb7c2cea60fa4396c61cb75,bf70113ee2b3b9a79262b8ea6f365d59e4c12217afa0eb5f3f9da6356c4a47ae,data/raw/delete/stage-02/results.json
delete,2,0,16,3,current_ef11,11,0.8923,2490.213586694869,0.4015719797462225,0.4015439139998307,0.4015491730024223,0.9999301102970144,True,False,,5fc3ea9c506f7ca2b250879f15c1674a8e70b1e7afb7c2cea60fa4396c61cb75,bf70113ee2b3b9a79262b8ea6f365d59e4c12217afa0eb5f3f9da6356c4a47ae,data/raw/delete/stage-02/results.json
delete,2,0,16,4,current_ef11,11,0.8923,2483.1039509809,0.4027217626571655,0.4026979210002537,0.4027036469997256,0.9999407986875243,True,False,,5fc3ea9c506f7ca2b250879f15c1674a8e70b1e7afb7c2cea60fa4396c61cb75,bf70113ee2b3b9a79262b8ea6f365d59e4c12217afa0eb5f3f9da6356c4a47ae,data/raw/delete/stage-02/results.json
delete,2,0,16,5,current_ef11,11,0.8923,2467.7817271523904,0.4052222240716219,0.40520361700009744,0.40520896000089124,0.9999540818088961,True,True,,5fc3ea9c506f7ca2b250879f15c1674a8e70b1e7afb7c2cea60fa4396c61cb75,bf70113ee2b3b9a79262b8ea6f365d59e4c12217afa0eb5f3f9da6356c4a47ae,data/raw/delete/stage-02/results.json
delete,2,0,16,6,current_ef11,11,0.8923,2473.659487626358,0.40425935946404934,0.4042338340000242,0.4042397989978781,0.9999368586937382,True,True,,5fc3ea9c506f7ca2b250879f15c1674a8e70b1e7afb7c2cea60fa4396c61cb75,bf70113ee2b3b9a79262b8ea6f365d59e4c12217afa0eb5f3f9da6356c4a47ae,data/raw/delete/stage-02/results.json
delete,2,0,16,7,current_ef11,11,0.8923,2471.9555036425472,0.4045380260795355,0.404530713999975,0.4045358040020801,0.9999819248646873,True,True,,5fc3ea9c506f7ca2b250879f15c1674a8e70b1e7afb7c2cea60fa4396c61cb75,bf70113ee2b3b9a79262b8ea6f365d59e4c12217afa0eb5f3f9da6356c4a47ae,data/raw/delete/stage-02/results.json
delete,2,0,16,8,current_ef11,11,0.8923,2455.2575697876523,0.4072892442345619,0.40727349500002674,0.4072786990000168,0.9999613315726892,True,True,,5fc3ea9c506f7ca2b250879f15c1674a8e70b1e7afb7c2cea60fa4396c61cb75,bf70113ee2b3b9a79262b8ea6f365d59e4c12217afa0eb5f3f9da6356c4a47ae,data/raw/delete/stage-02/results.json
delete,2,0,16,0,current_ef12,12,0.904,2244.3574313419444,0.4455618280917406,0.44552526100005707,0.4455314540027757,0.9999179303760375,True,True,,5fc3ea9c506f7ca2b250879f15c1674a8e70b1e7afb7c2cea60fa4396c61cb75,bf70113ee2b3b9a79262b8ea6f365d59e4c12217afa0eb5f3f9da6356c4a47ae,data/raw/delete/stage-02/results.json
delete,2,0,16,1,current_ef12,12,0.904,2266.993362796723,0.44111289270222187,0.4411034479999216,0.4411089580025873,0.9999785889225717,True,True,,5fc3ea9c506f7ca2b250879f15c1674a8e70b1e7afb7c2cea60fa4396c61cb75,bf70113ee2b3b9a79262b8ea6f365d59e4c12217afa0eb5f3f9da6356c4a47ae,data/raw/delete/stage-02/results.json
delete,2,0,16,2,current_ef12,12,0.904,2229.8076746280403,0.44846917130053043,0.4484599719999096,0.44846556799893733,0.9999794873288744,True,True,,5fc3ea9c506f7ca2b250879f15c1674a8e70b1e7afb7c2cea60fa4396c61cb75,bf70113ee2b3b9a79262b8ea6f365d59e4c12217afa0eb5f3f9da6356c4a47ae,data/raw/delete/stage-02/results.json
delete,2,0,16,3,current_ef12,12,0.904,2248.440873681653,0.44475263357162476,0.44473318799964545,0.4447392130023218,0.9999562777811496,True,False,,5fc3ea9c506f7ca2b250879f15c1674a8e70b1e7afb7c2cea60fa4396c61cb75,bf70113ee2b3b9a79262b8ea6f365d59e4c12217afa0eb5f3f9da6356c4a47ae,data/raw/delete/stage-02/results.json
delete,2,0,16,4,current_ef12,12,0.904,2312.1610281521394,0.432495828717947,0.4324876119999317,0.43249269300577,0.9999810016248256,True,False,,5fc3ea9c506f7ca2b250879f15c1674a8e70b1e7afb7c2cea60fa4396c61cb75,bf70113ee2b3b9a79262b8ea6f365d59e4c12217afa0eb5f3f9da6356c4a47ae,data/raw/delete/stage-02/results.json
delete,2,0,16,5,current_ef12,12,0.904,2297.230600298793,0.4353067558258772,0.43528737800033923,0.435292757996649,0.999955484666207,True,True,,5fc3ea9c506f7ca2b250879f15c1674a8e70b1e7afb7c2cea60fa4396c61cb75,bf70113ee2b3b9a79262b8ea6f365d59e4c12217afa0eb5f3f9da6356c4a47ae,data/raw/delete/stage-02/results.json
delete,2,0,16,6,current_ef12,12,0.904,2298.976655018758,0.4349761437624693,0.4349613999997928,0.43496691699692747,0.9999661044337995,True,True,,5fc3ea9c506f7ca2b250879f15c1674a8e70b1e7afb7c2cea60fa4396c61cb75,bf70113ee2b3b9a79262b8ea6f365d59e4c12217afa0eb5f3f9da6356c4a47ae,data/raw/delete/stage-02/results.json
delete,2,0,16,7,current_ef12,12,0.904,2297.26970342524,0.43529934622347355,0.43529156700014937,0.4352972790002241,0.9999821290259412,True,True,,5fc3ea9c506f7ca2b250879f15c1674a8e70b1e7afb7c2cea60fa4396c61cb75,bf70113ee2b3b9a79262b8ea6f365d59e4c12217afa0eb5f3f9da6356c4a47ae,data/raw/delete/stage-02/results.json
delete,2,0,16,8,current_ef12,12,0.904,2254.9208491239547,0.44347454607486725,0.4434541830000853,0.4434599279993563,0.9999540828781219,True,True,,5fc3ea9c506f7ca2b250879f15c1674a8e70b1e7afb7c2cea60fa4396c61cb75,bf70113ee2b3b9a79262b8ea6f365d59e4c12217afa0eb5f3f9da6356c4a47ae,data/raw/delete/stage-02/results.json
delete,3,0,24,0,initial_ef28,28,0.8973,2321.5276069365486,0.43075085431337357,0.4307105410002805,0.4307169759995304,0.9999064115307273,True,True,,5fc3ea9c506f7ca2b250879f15c1674a8e70b1e7afb7c2cea60fa4396c61cb75,7edf663f95dbd9cf945bf2ec046d8beed0414d637a125694f4874076f44d6d75,data/raw/delete/stage-03/results.json
delete,3,0,24,1,initial_ef28,28,0.8973,2316.9196182426226,0.4316075500100851,0.43155322099983096,0.43155903300794307,0.9998741240503024,True,True,,5fc3ea9c506f7ca2b250879f15c1674a8e70b1e7afb7c2cea60fa4396c61cb75,7edf663f95dbd9cf945bf2ec046d8beed0414d637a125694f4874076f44d6d75,data/raw/delete/stage-03/results.json
delete,3,0,24,2,initial_ef28,28,0.8973,2322.5753979796505,0.4305565282702446,0.4305254360001527,0.43053174699889496,0.9999277858584172,True,True,,5fc3ea9c506f7ca2b250879f15c1674a8e70b1e7afb7c2cea60fa4396c61cb75,7edf663f95dbd9cf945bf2ec046d8beed0414d637a125694f4874076f44d6d75,data/raw/delete/stage-03/results.json
delete,3,0,24,3,initial_ef28,28,0.8973,2330.969168069152,0.42900610342621803,0.4289902149998852,0.42899599799420685,0.9999629645680891,True,True,,5fc3ea9c506f7ca2b250879f15c1674a8e70b1e7afb7c2cea60fa4396c61cb75,7edf663f95dbd9cf945bf2ec046d8beed0414d637a125694f4874076f44d6d75,data/raw/delete/stage-03/results.json
delete,3,0,24,4,initial_ef28,28,0.8973,2270.0249041862494,0.4405238013714552,0.44051846799993655,0.4405239920015447,0.9999878931138294,True,True,,5fc3ea9c506f7ca2b250879f15c1674a8e70b1e7afb7c2cea60fa4396c61cb75,7edf663f95dbd9cf945bf2ec046d8beed0414d637a125694f4874076f44d6d75,data/raw/delete/stage-03/results.json
delete,3,0,24,5,initial_ef28,28,0.8973,2302.324443170633,0.43434364907443523,0.43433129400000325,0.4343369230045937,0.9999715546101381,True,True,,5fc3ea9c506f7ca2b250879f15c1674a8e70b1e7afb7c2cea60fa4396c61cb75,7edf663f95dbd9cf945bf2ec046d8beed0414d637a125694f4874076f44d6d75,data/raw/delete/stage-03/results.json
delete,3,0,24,6,initial_ef28,28,0.8973,2284.7643733871037,0.437681894749403,0.437668670000221,0.43767395000031684,0.999969784564222,True,False,,5fc3ea9c506f7ca2b250879f15c1674a8e70b1e7afb7c2cea60fa4396c61cb75,7edf663f95dbd9cf945bf2ec046d8beed0414d637a125694f4874076f44d6d75,data/raw/delete/stage-03/results.json
delete,3,0,24,7,initial_ef28,28,0.8973,2317.3028493215993,0.4315361715853214,0.4315316920001351,0.43153825399349444,0.999989619444484,True,True,,5fc3ea9c506f7ca2b250879f15c1674a8e70b1e7afb7c2cea60fa4396c61cb75,7edf663f95dbd9cf945bf2ec046d8beed0414d637a125694f4874076f44d6d75,data/raw/delete/stage-03/results.json
delete,3,0,24,0,initial_ef29,29,0.9009,2227.425679434106,0.4489487614482641,0.4489437209999778,0.44894961699901614,0.9999887727760512,True,True,,5fc3ea9c506f7ca2b250879f15c1674a8e70b1e7afb7c2cea60fa4396c61cb75,7edf663f95dbd9cf945bf2ec046d8beed0414d637a125694f4874076f44d6d75,data/raw/delete/stage-03/results.json
delete,3,0,24,1,initial_ef29,29,0.9009,2228.5267787690345,0.4487269390374422,0.44871299000033105,0.4487192859960487,0.9999689141972598,True,True,,5fc3ea9c506f7ca2b250879f15c1674a8e70b1e7afb7c2cea60fa4396c61cb75,7edf663f95dbd9cf945bf2ec046d8beed0414d637a125694f4874076f44d6d75,data/raw/delete/stage-03/results.json
delete,3,0,24,2,initial_ef29,29,0.9009,2237.613922298725,0.4469046201556921,0.4468904119999024,0.4468967309949221,0.9999682076327948,True,True,,5fc3ea9c506f7ca2b250879f15c1674a8e70b1e7afb7c2cea60fa4396c61cb75,7edf663f95dbd9cf945bf2ec046d8beed0414d637a125694f4874076f44d6d75,data/raw/delete/stage-03/results.json
delete,3,0,24,3,initial_ef29,29,0.9009,2221.3687264940418,0.4501728992909193,0.4501447000002372,0.4501521010097349,0.9999373589775695,True,True,,5fc3ea9c506f7ca2b250879f15c1674a8e70b1e7afb7c2cea60fa4396c61cb75,7edf663f95dbd9cf945bf2ec046d8beed0414d637a125694f4874076f44d6d75,data/raw/delete/stage-03/results.json
delete,3,0,24,4,initial_ef29,29,0.9009,2249.074005979744,0.4446274321526289,0.4446154679999381,0.444621750008082,0.9999730917351796,True,True,,5fc3ea9c506f7ca2b250879f15c1674a8e70b1e7afb7c2cea60fa4396c61cb75,7edf663f95dbd9cf945bf2ec046d8beed0414d637a125694f4874076f44d6d75,data/raw/delete/stage-03/results.json
delete,3,0,24,5,initial_ef29,29,0.9009,2215.7128836190686,0.45132201351225376,0.45130798699983643,0.4513130810082657,0.9999689212757247,True,True,,5fc3ea9c506f7ca2b250879f15c1674a8e70b1e7afb7c2cea60fa4396c61cb75,7edf663f95dbd9cf945bf2ec046d8beed0414d637a125694f4874076f44d6d75,data/raw/delete/stage-03/results.json
delete,3,0,24,6,initial_ef29,29,0.9009,2221.2087470867345,0.45020532235503197,0.45018849200005207,0.4501935180014698,0.9999626162683021,False,False,frequency outside configured interval or unavailable,5fc3ea9c506f7ca2b250879f15c1674a8e70b1e7afb7c2cea60fa4396c61cb75,7edf663f95dbd9cf945bf2ec046d8beed0414d637a125694f4874076f44d6d75,data/raw/delete/stage-03/results.json
delete,3,0,24,7,initial_ef29,29,0.9009,2233.8570348239773,0.44765622168779373,0.4476383149999492,0.44764325600408483,0.9999599990193881,True,True,,5fc3ea9c506f7ca2b250879f15c1674a8e70b1e7afb7c2cea60fa4396c61cb75,7edf663f95dbd9cf945bf2ec046d8beed0414d637a125694f4874076f44d6d75,data/raw/delete/stage-03/results.json
delete,3,0,24,0,current_ef10,10,0.9023,2527.4526024234224,0.3956552930176258,0.39565019100018617,0.39565564700751565,0.9999871048927446,True,True,,5fc3ea9c506f7ca2b250879f15c1674a8e70b1e7afb7c2cea60fa4396c61cb75,054bba105870c54df1c9b5dfa970f5ad13a15ea7a3c0730e7c598daa2aa0e79f,data/raw/delete/stage-03/results.json
delete,3,0,24,1,current_ef10,10,0.9023,2491.3693528724693,0.40138568729162216,0.40138136599989593,0.40138637500058394,0.9999892340662284,True,True,,5fc3ea9c506f7ca2b250879f15c1674a8e70b1e7afb7c2cea60fa4396c61cb75,054bba105870c54df1c9b5dfa970f5ad13a15ea7a3c0730e7c598daa2aa0e79f,data/raw/delete/stage-03/results.json
delete,3,0,24,2,current_ef10,10,0.9023,2509.44021554553,0.3984952475875616,0.3984749759997612,0.39848029699351173,0.9999491296623407,True,True,,5fc3ea9c506f7ca2b250879f15c1674a8e70b1e7afb7c2cea60fa4396c61cb75,054bba105870c54df1c9b5dfa970f5ad13a15ea7a3c0730e7c598daa2aa0e79f,data/raw/delete/stage-03/results.json
delete,3,0,24,3,current_ef10,10,0.9023,2498.1930254852064,0.4002893250435591,0.4002839429999767,0.4002906210080255,0.9999865546162597,True,True,,5fc3ea9c506f7ca2b250879f15c1674a8e70b1e7afb7c2cea60fa4396c61cb75,054bba105870c54df1c9b5dfa970f5ad13a15ea7a3c0730e7c598daa2aa0e79f,data/raw/delete/stage-03/results.json
delete,3,0,24,4,current_ef10,10,0.9023,2496.5269679907487,0.4005564581602812,0.40055218399993464,0.4005578799988143,0.9999893294434293,True,True,,5fc3ea9c506f7ca2b250879f15c1674a8e70b1e7afb7c2cea60fa4396c61cb75,054bba105870c54df1c9b5dfa970f5ad13a15ea7a3c0730e7c598daa2aa0e79f,data/raw/delete/stage-03/results.json
delete,3,0,24,5,current_ef10,10,0.9023,2487.9491260845034,0.4019374791532755,0.40193278700007795,0.40193949900276493,0.9999883261615528,True,True,,5fc3ea9c506f7ca2b250879f15c1674a8e70b1e7afb7c2cea60fa4396c61cb75,054bba105870c54df1c9b5dfa970f5ad13a15ea7a3c0730e7c598daa2aa0e79f,data/raw/delete/stage-03/results.json
delete,3,0,24,6,current_ef10,10,0.9023,2482.1022571040157,0.4028842877596617,0.40282895200016355,0.40283418699982576,0.9998626509864511,True,False,,5fc3ea9c506f7ca2b250879f15c1674a8e70b1e7afb7c2cea60fa4396c61cb75,054bba105870c54df1c9b5dfa970f5ad13a15ea7a3c0730e7c598daa2aa0e79f,data/raw/delete/stage-03/results.json
delete,3,0,24,7,current_ef10,10,0.9023,2447.0710600570574,0.40865180268883705,0.40860320499996305,0.40860896700178273,0.9998810780019708,True,True,,5fc3ea9c506f7ca2b250879f15c1674a8e70b1e7afb7c2cea60fa4396c61cb75,054bba105870c54df1c9b5dfa970f5ad13a15ea7a3c0730e7c598daa2aa0e79f,data/raw/delete/stage-03/results.json
delete,4,0,24,0,initial_ef28,28,0.8973,2306.4036317897276,0.4335754532366991,0.4335623490001126,0.4335676280024927,0.999969776341145,True,True,,5fc3ea9c506f7ca2b250879f15c1674a8e70b1e7afb7c2cea60fa4396c61cb75,7edf663f95dbd9cf945bf2ec046d8beed0414d637a125694f4874076f44d6d75,data/raw/delete/stage-04/results.json
delete,4,0,24,1,initial_ef28,28,0.8973,2300.7740439221634,0.43463633581995964,0.4346325610003987,0.4346386010001879,0.9999913149931338,True,True,,5fc3ea9c506f7ca2b250879f15c1674a8e70b1e7afb7c2cea60fa4396c61cb75,7edf663f95dbd9cf945bf2ec046d8beed0414d637a125694f4874076f44d6d75,data/raw/delete/stage-04/results.json
delete,4,0,24,2,initial_ef28,28,0.8973,2333.321414741825,0.42857361771166325,0.4285689660000571,0.42857424198882654,0.9999891460616942,True,True,,5fc3ea9c506f7ca2b250879f15c1674a8e70b1e7afb7c2cea60fa4396c61cb75,7edf663f95dbd9cf945bf2ec046d8beed0414d637a125694f4874076f44d6d75,data/raw/delete/stage-04/results.json
delete,4,0,24,3,initial_ef28,28,0.8973,2312.3440483000372,0.43246159702539444,0.4324467400001595,0.4324520070076687,0.9999656454461225,True,True,,5fc3ea9c506f7ca2b250879f15c1674a8e70b1e7afb7c2cea60fa4396c61cb75,7edf663f95dbd9cf945bf2ec046d8beed0414d637a125694f4874076f44d6d75,data/raw/delete/stage-04/results.json
delete,4,0,24,4,initial_ef28,28,0.8973,2320.4295304983802,0.4309546947479248,0.4309506770000553,0.43095591600285843,0.9999906770991975,True,True,,5fc3ea9c506f7ca2b250879f15c1674a8e70b1e7afb7c2cea60fa4396c61cb75,7edf663f95dbd9cf945bf2ec046d8beed0414d637a125694f4874076f44d6d75,data/raw/delete/stage-04/results.json
delete,4,0,24,5,initial_ef28,28,0.8973,2326.8657797038245,0.4297626484185457,0.4297586229999979,0.429763833002653,0.9999906333913321,True,False,,5fc3ea9c506f7ca2b250879f15c1674a8e70b1e7afb7c2cea60fa4396c61cb75,7edf663f95dbd9cf945bf2ec046d8beed0414d637a125694f4874076f44d6d75,data/raw/delete/stage-04/results.json
delete,4,0,24,6,initial_ef28,28,0.8973,2296.721250854376,0.4354032948613167,0.4353979719999188,0.43540362299245317,0.9999877748711121,True,True,,5fc3ea9c506f7ca2b250879f15c1674a8e70b1e7afb7c2cea60fa4396c61cb75,7edf663f95dbd9cf945bf2ec046d8beed0414d637a125694f4874076f44d6d75,data/raw/delete/stage-04/results.json
delete,4,0,24,7,initial_ef28,28,0.8973,2322.6941687171857,0.4305345118045807,0.43052062200013097,0.4305254770006286,0.9999677382322,True,True,,5fc3ea9c506f7ca2b250879f15c1674a8e70b1e7afb7c2cea60fa4396c61cb75,7edf663f95dbd9cf945bf2ec046d8beed0414d637a125694f4874076f44d6d75,data/raw/delete/stage-04/results.json
delete,4,0,24,0,initial_ef29,29,0.9009,2249.585683395708,0.4445262998342514,0.4445065119998617,0.4445122340111993,0.9999554855710515,True,True,,5fc3ea9c506f7ca2b250879f15c1674a8e70b1e7afb7c2cea60fa4396c61cb75,7edf663f95dbd9cf945bf2ec046d8beed0414d637a125694f4874076f44d6d75,data/raw/delete/stage-04/results.json
delete,4,0,24,1,initial_ef29,29,0.9009,2246.1262535770525,0.44521094858646393,0.4452062340001248,0.4452113419974921,0.9999894104438489,True,True,,5fc3ea9c506f7ca2b250879f15c1674a8e70b1e7afb7c2cea60fa4396c61cb75,7edf663f95dbd9cf945bf2ec046d8beed0414d637a125694f4874076f44d6d75,data/raw/delete/stage-04/results.json
delete,4,0,24,2,initial_ef29,29,0.9009,2253.4693030084636,0.4437602050602436,0.4437372110000979,0.4437429810059257,0.9999481835913101,True,True,,5fc3ea9c506f7ca2b250879f15c1674a8e70b1e7afb7c2cea60fa4396c61cb75,7edf663f95dbd9cf945bf2ec046d8beed0414d637a125694f4874076f44d6d75,data/raw/delete/stage-04/results.json
delete,4,0,24,3,initial_ef29,29,0.9009,2246.4938194012343,0.4451381042599678,0.4451201649999348,0.44512550700164866,0.9999596995632112,True,True,,5fc3ea9c506f7ca2b250879f15c1674a8e70b1e7afb7c2cea60fa4396c61cb75,7edf663f95dbd9cf945bf2ec046d8beed0414d637a125694f4874076f44d6d75,data/raw/delete/stage-04/results.json
delete,4,0,24,4,initial_ef29,29,0.9009,2241.9992517355345,0.44603047892451286,0.4460162099999252,0.44602166800177656,0.9999680090817514,True,True,,5fc3ea9c506f7ca2b250879f15c1674a8e70b1e7afb7c2cea60fa4396c61cb75,7edf663f95dbd9cf945bf2ec046d8beed0414d637a125694f4874076f44d6d75,data/raw/delete/stage-04/results.json
delete,4,0,24,5,initial_ef29,29,0.9009,2224.2224083073047,0.44959532655775547,0.4495904190002875,0.44959632100653835,0.9999890845007097,False,False,frequency outside configured interval or unavailable,5fc3ea9c506f7ca2b250879f15c1674a8e70b1e7afb7c2cea60fa4396c61cb75,7edf663f95dbd9cf945bf2ec046d8beed0414d637a125694f4874076f44d6d75,data/raw/delete/stage-04/results.json
delete,4,0,24,6,initial_ef29,29,0.9009,2243.5663794616557,0.44571892730891705,0.4457076250000682,0.4457133589894511,0.9999746425198565,True,True,,5fc3ea9c506f7ca2b250879f15c1674a8e70b1e7afb7c2cea60fa4396c61cb75,7edf663f95dbd9cf945bf2ec046d8beed0414d637a125694f4874076f44d6d75,data/raw/delete/stage-04/results.json
delete,4,0,24,7,initial_ef29,29,0.9009,2209.392568778518,0.452613091096282,0.4525987990000431,0.45260411901108455,0.9999684231487774,True,True,,5fc3ea9c506f7ca2b250879f15c1674a8e70b1e7afb7c2cea60fa4396c61cb75,7edf663f95dbd9cf945bf2ec046d8beed0414d637a125694f4874076f44d6d75,data/raw/delete/stage-04/results.json
delete,4,0,24,0,current_ef10,10,0.9103,2401.9578524871636,0.4163270387798548,0.4163169600001311,0.4163223239884246,0.9999757911958992,True,True,,5fc3ea9c506f7ca2b250879f15c1674a8e70b1e7afb7c2cea60fa4396c61cb75,1eda7c2e1b99e8ac3b7a676768b67aa21c4e8dfc6f56e6af96bacf56cbde630a,data/raw/delete/stage-04/results.json
delete,4,0,24,1,current_ef10,10,0.9103,2414.0300506504345,0.41424505040049553,0.4142400739997356,0.41424576300778426,0.9999879868190215,True,True,,5fc3ea9c506f7ca2b250879f15c1674a8e70b1e7afb7c2cea60fa4396c61cb75,1eda7c2e1b99e8ac3b7a676768b67aa21c4e8dfc6f56e6af96bacf56cbde630a,data/raw/delete/stage-04/results.json
delete,4,0,24,2,current_ef10,10,0.9103,2428.895500069179,0.4117097668349743,0.4116981269999087,0.4117046799947275,0.9999717280569876,True,True,,5fc3ea9c506f7ca2b250879f15c1674a8e70b1e7afb7c2cea60fa4396c61cb75,1eda7c2e1b99e8ac3b7a676768b67aa21c4e8dfc6f56e6af96bacf56cbde630a,data/raw/delete/stage-04/results.json
delete,4,0,24,3,current_ef10,10,0.9103,2376.620430328924,0.42076554894447327,0.42075006699997175,0.42075513099553064,0.9999632052943965,True,True,,5fc3ea9c506f7ca2b250879f15c1674a8e70b1e7afb7c2cea60fa4396c61cb75,1eda7c2e1b99e8ac3b7a676768b67aa21c4e8dfc6f56e6af96bacf56cbde630a,data/raw/delete/stage-04/results.json
delete,4,0,24,4,current_ef10,10,0.9103,2377.100182065454,0.4206806290894747,0.420667171000332,0.42067321999638807,0.9999680087738487,True,True,,5fc3ea9c506f7ca2b250879f15c1674a8e70b1e7afb7c2cea60fa4396c61cb75,1eda7c2e1b99e8ac3b7a676768b67aa21c4e8dfc6f56e6af96bacf56cbde630a,data/raw/delete/stage-04/results.json
delete,4,0,24,5,current_ef10,10,0.9103,2367.211328202731,0.42243799194693565,0.42240517099980934,0.42241088800074067,0.9999223058821602,False,False,frequency outside configured interval or unavailable,5fc3ea9c506f7ca2b250879f15c1674a8e70b1e7afb7c2cea60fa4396c61cb75,1eda7c2e1b99e8ac3b7a676768b67aa21c4e8dfc6f56e6af96bacf56cbde630a,data/raw/delete/stage-04/results.json
delete,4,0,24,6,current_ef10,10,0.9103,2354.519443428634,0.4247151166200638,0.42471046099990417,0.42471591199864633,0.999989038251813,True,True,,5fc3ea9c506f7ca2b250879f15c1674a8e70b1e7afb7c2cea60fa4396c61cb75,1eda7c2e1b99e8ac3b7a676768b67aa21c4e8dfc6f56e6af96bacf56cbde630a,data/raw/delete/stage-04/results.json
delete,4,0,24,7,current_ef10,10,0.9103,2367.0824506850136,0.42246099188923836,0.4224241759998222,0.4224315449973801,0.9999128537542566,True,True,,5fc3ea9c506f7ca2b250879f15c1674a8e70b1e7afb7c2cea60fa4396c61cb75,1eda7c2e1b99e8ac3b7a676768b67aa21c4e8dfc6f56e6af96bacf56cbde630a,data/raw/delete/stage-04/results.json
delete,5,0,24,0,initial_ef28,28,0.8973,2306.6071967139346,0.43353718891739845,0.4335266439998122,0.4335316120123025,0.9999756770172068,True,True,,5fc3ea9c506f7ca2b250879f15c1674a8e70b1e7afb7c2cea60fa4396c61cb75,7edf663f95dbd9cf945bf2ec046d8beed0414d637a125694f4874076f44d6d75,data/raw/delete/stage-05/results.json
delete,5,0,24,1,initial_ef28,28,0.8973,2326.1639090634762,0.42989232018589973,0.4298794530000123,0.4298850140039576,0.9999700688165775,True,True,,5fc3ea9c506f7ca2b250879f15c1674a8e70b1e7afb7c2cea60fa4396c61cb75,7edf663f95dbd9cf945bf2ec046d8beed0414d637a125694f4874076f44d6d75,data/raw/delete/stage-05/results.json
delete,5,0,24,2,initial_ef28,28,0.8973,2295.749888576975,0.43558751977980137,0.43557130499993946,0.4355762390041491,0.9999627749209388,True,True,,5fc3ea9c506f7ca2b250879f15c1674a8e70b1e7afb7c2cea60fa4396c61cb75,7edf663f95dbd9cf945bf2ec046d8beed0414d637a125694f4874076f44d6d75,data/raw/delete/stage-05/results.json
delete,5,0,24,3,initial_ef28,28,0.8973,2322.0319909264485,0.43065728805959225,0.4306413069998598,0.43064769500051625,0.9999628914680524,True,True,,5fc3ea9c506f7ca2b250879f15c1674a8e70b1e7afb7c2cea60fa4396c61cb75,7edf663f95dbd9cf945bf2ec046d8beed0414d637a125694f4874076f44d6d75,data/raw/delete/stage-05/results.json
delete,5,0,24,4,initial_ef28,28,0.8973,2287.4522763520054,0.4371675904840231,0.4371010859999842,0.43710731899773236,0.9998478741665976,True,True,,5fc3ea9c506f7ca2b250879f15c1674a8e70b1e7afb7c2cea60fa4396c61cb75,7edf663f95dbd9cf945bf2ec046d8beed0414d637a125694f4874076f44d6d75,data/raw/delete/stage-05/results.json
delete,5,0,24,5,initial_ef28,28,0.8973,2320.2088285526806,0.4309956878423691,0.4309828740001649,0.43098840599122923,0.9999702692101902,True,True,,5fc3ea9c506f7ca2b250879f15c1674a8e70b1e7afb7c2cea60fa4396c61cb75,7edf663f95dbd9cf945bf2ec046d8beed0414d637a125694f4874076f44d6d75,data/raw/delete/stage-05/results.json
delete,5,0,24,6,initial_ef28,28,0.8973,2311.4670338440187,0.4326256811618805,0.43262129999993704,0.4326265300041996,0.9999898730885978,False,False,frequency outside configured interval or unavailable,5fc3ea9c506f7ca2b250879f15c1674a8e70b1e7afb7c2cea60fa4396c61cb75,7edf663f95dbd9cf945bf2ec046d8beed0414d637a125694f4874076f44d6d75,data/raw/delete/stage-05/results.json
delete,5,0,24,7,initial_ef28,28,0.8973,2311.3497766817654,0.4326476287096739,0.4326344119999703,0.4326390159985749,0.9999694515609783,True,True,,5fc3ea9c506f7ca2b250879f15c1674a8e70b1e7afb7c2cea60fa4396c61cb75,7edf663f95dbd9cf945bf2ec046d8beed0414d637a125694f4874076f44d6d75,data/raw/delete/stage-05/results.json
delete,5,0,24,0,initial_ef29,29,0.9009,2204.5121915184895,0.45361509174108505,0.453610246000153,0.4536166340112686,0.9999893175050383,True,True,,5fc3ea9c506f7ca2b250879f15c1674a8e70b1e7afb7c2cea60fa4396c61cb75,7edf663f95dbd9cf945bf2ec046d8beed0414d637a125694f4874076f44d6d75,data/raw/delete/stage-05/results.json
delete,5,0,24,1,initial_ef29,29,0.9009,2197.4841564944154,0.4550658520311117,0.45506157899990285,0.45506736599782016,0.9999906100816183,True,True,,5fc3ea9c506f7ca2b250879f15c1674a8e70b1e7afb7c2cea60fa4396c61cb75,7edf663f95dbd9cf945bf2ec046d8beed0414d637a125694f4874076f44d6d75,data/raw/delete/stage-05/results.json
delete,5,0,24,2,initial_ef29,29,0.9009,2230.4907825448013,0.44833182357251644,0.44828547099996285,0.44829109199054074,0.9998966110141719,True,True,,5fc3ea9c506f7ca2b250879f15c1674a8e70b1e7afb7c2cea60fa4396c61cb75,7edf663f95dbd9cf945bf2ec046d8beed0414d637a125694f4874076f44d6d75,data/raw/delete/stage-05/results.json
delete,5,0,24,3,initial_ef29,29,0.9009,2232.265753125299,0.4479753356426954,0.4479428269996788,0.44794794599874876,0.9999274320695134,True,True,,5fc3ea9c506f7ca2b250879f15c1674a8e70b1e7afb7c2cea60fa4396c61cb75,7edf663f95dbd9cf945bf2ec046d8beed0414d637a125694f4874076f44d6d75,data/raw/delete/stage-05/results.json
delete,5,0,24,4,initial_ef29,29,0.9009,2223.362252578741,0.4497692622244358,0.4497541759997148,0.4497607609955594,0.9999664578574213,True,True,,5fc3ea9c506f7ca2b250879f15c1674a8e70b1e7afb7c2cea60fa4396c61cb75,7edf663f95dbd9cf945bf2ec046d8beed0414d637a125694f4874076f44d6d75,data/raw/delete/stage-05/results.json
delete,5,0,24,5,initial_ef29,29,0.9009,2232.9748589926207,0.4478330761194229,0.4477464020001207,0.44775051200122107,0.9998064588706729,True,True,,5fc3ea9c506f7ca2b250879f15c1674a8e70b1e7afb7c2cea60fa4396c61cb75,7edf663f95dbd9cf945bf2ec046d8beed0414d637a125694f4874076f44d6d75,data/raw/delete/stage-05/results.json
delete,5,0,24,6,initial_ef29,29,0.9009,2195.3996683814094,0.4554979279637337,0.4554924819999542,0.45549763599410653,0.9999880439329245,True,False,,5fc3ea9c506f7ca2b250879f15c1674a8e70b1e7afb7c2cea60fa4396c61cb75,7edf663f95dbd9cf945bf2ec046d8beed0414d637a125694f4874076f44d6d75,data/raw/delete/stage-05/results.json
delete,5,0,24,7,initial_ef29,29,0.9009,2243.7416173279366,0.44568411633372307,0.44567282400021213,0.4456780559994513,0.9999746629213447,True,True,,5fc3ea9c506f7ca2b250879f15c1674a8e70b1e7afb7c2cea60fa4396c61cb75,7edf663f95dbd9cf945bf2ec046d8beed0414d637a125694f4874076f44d6d75,data/raw/delete/stage-05/results.json
delete,5,0,24,0,current_ef10,10,0.9218,2310.9402213075223,0.432724304497242,0.4326947909999035,0.4326997899916023,0.9999317960719291,True,True,,5fc3ea9c506f7ca2b250879f15c1674a8e70b1e7afb7c2cea60fa4396c61cb75,2a44c61b36728332d664d1acefaaea0c90b635e4e88b35e7c71e7e4b7c26cc3a,data/raw/delete/stage-05/results.json
delete,5,0,24,1,current_ef10,10,0.9218,2285.402379467333,0.43755970895290375,0.43754859599994234,0.4375546800001757,0.9999746024308591,True,True,,5fc3ea9c506f7ca2b250879f15c1674a8e70b1e7afb7c2cea60fa4396c61cb75,2a44c61b36728332d664d1acefaaea0c90b635e4e88b35e7c71e7e4b7c26cc3a,data/raw/delete/stage-05/results.json
delete,5,0,24,2,current_ef10,10,0.9218,2289.901722449147,0.4366999641060829,0.4366947319999781,0.4367012519942364,0.9999880189912186,True,True,,5fc3ea9c506f7ca2b250879f15c1674a8e70b1e7afb7c2cea60fa4396c61cb75,2a44c61b36728332d664d1acefaaea0c90b635e4e88b35e7c71e7e4b7c26cc3a,data/raw/delete/stage-05/results.json
delete,5,0,24,3,current_ef10,10,0.9218,2284.9069061722726,0.4376545920968056,0.43762461899996197,0.43763072800356895,0.9999315142640227,True,True,,5fc3ea9c506f7ca2b250879f15c1674a8e70b1e7afb7c2cea60fa4396c61cb75,2a44c61b36728332d664d1acefaaea0c90b635e4e88b35e7c71e7e4b7c26cc3a,data/raw/delete/stage-05/results.json
delete,5,0,24,4,current_ef10,10,0.9218,2279.6259213548524,0.43866846337914467,0.4386546109999472,0.43866008799523115,0.9999684217573089,True,True,,5fc3ea9c506f7ca2b250879f15c1674a8e70b1e7afb7c2cea60fa4396c61cb75,2a44c61b36728332d664d1acefaaea0c90b635e4e88b35e7c71e7e4b7c26cc3a,data/raw/delete/stage-05/results.json
delete,5,0,24,5,current_ef10,10,0.9218,2321.98142516626,0.4306666664779186,0.4306637210002009,0.43066851000185125,0.9999931606554512,True,True,,5fc3ea9c506f7ca2b250879f15c1674a8e70b1e7afb7c2cea60fa4396c61cb75,2a44c61b36728332d664d1acefaaea0c90b635e4e88b35e7c71e7e4b7c26cc3a,data/raw/delete/stage-05/results.json
delete,5,0,24,6,current_ef10,10,0.9218,2325.074805398906,0.43009368889033794,0.43007625600012034,0.43008198600728065,0.9999594672261698,True,False,,5fc3ea9c506f7ca2b250879f15c1674a8e70b1e7afb7c2cea60fa4396c61cb75,2a44c61b36728332d664d1acefaaea0c90b635e4e88b35e7c71e7e4b7c26cc3a,data/raw/delete/stage-05/results.json
delete,5,0,24,7,current_ef10,10,0.9218,2317.0162016069544,0.4315895587205887,0.4315845360001731,0.43159107500105165,0.999988362275421,True,True,,5fc3ea9c506f7ca2b250879f15c1674a8e70b1e7afb7c2cea60fa4396c61cb75,2a44c61b36728332d664d1acefaaea0c90b635e4e88b35e7c71e7e4b7c26cc3a,data/raw/delete/stage-05/results.json
point_update,0,0,16,0,initial_ef25,25,0.8976,2581.0129563726573,0.387444781139493,0.3874642999999196,0.3874693510006182,1.0000503784316548,True,True,,5fc3ea9c506f7ca2b250879f15c1674a8e70b1e7afb7c2cea60fa4396c61cb75,467ec6b656020c91ae2da95a53d061ad80e4b6b289686e7691bfb59ee0aa6648,data/raw/point_update/stage-00/results.json
point_update,0,0,16,1,initial_ef25,25,0.8976,2586.098289853346,0.3866829052567482,0.38669218899985935,0.3866978789883433,1.0000240086721832,True,True,,5fc3ea9c506f7ca2b250879f15c1674a8e70b1e7afb7c2cea60fa4396c61cb75,467ec6b656020c91ae2da95a53d061ad80e4b6b289686e7691bfb59ee0aa6648,data/raw/point_update/stage-00/results.json
point_update,0,0,16,2,initial_ef25,25,0.8976,2546.5685712050376,0.39268528297543526,0.39270445199963433,0.3927101410081377,1.0000488152345661,True,True,,5fc3ea9c506f7ca2b250879f15c1674a8e70b1e7afb7c2cea60fa4396c61cb75,467ec6b656020c91ae2da95a53d061ad80e4b6b289686e7691bfb59ee0aa6648,data/raw/point_update/stage-00/results.json
point_update,0,0,16,3,initial_ef25,25,0.8976,2575.123227569657,0.3883309308439493,0.388291396999648,0.38829756100312807,0.9998981954792645,True,True,,5fc3ea9c506f7ca2b250879f15c1674a8e70b1e7afb7c2cea60fa4396c61cb75,467ec6b656020c91ae2da95a53d061ad80e4b6b289686e7691bfb59ee0aa6648,data/raw/point_update/stage-00/results.json
point_update,0,0,16,4,initial_ef25,25,0.8976,2573.579871515081,0.38856380991637707,0.3885350840000683,0.3885416249977425,0.9999260715599969,True,False,,5fc3ea9c506f7ca2b250879f15c1674a8e70b1e7afb7c2cea60fa4396c61cb75,467ec6b656020c91ae2da95a53d061ad80e4b6b289686e7691bfb59ee0aa6648,data/raw/point_update/stage-00/results.json
point_update,0,0,16,5,initial_ef25,25,0.8976,2548.097589499124,0.39244964718818665,0.3924682470001244,0.3924734960019123,1.0000473941359638,True,True,,5fc3ea9c506f7ca2b250879f15c1674a8e70b1e7afb7c2cea60fa4396c61cb75,467ec6b656020c91ae2da95a53d061ad80e4b6b289686e7691bfb59ee0aa6648,data/raw/point_update/stage-00/results.json
point_update,0,0,16,6,initial_ef25,25,0.8976,2588.016075665909,0.3863963633775711,0.38640256000007867,0.3864078930055257,1.0000160369586644,True,False,,5fc3ea9c506f7ca2b250879f15c1674a8e70b1e7afb7c2cea60fa4396c61cb75,467ec6b656020c91ae2da95a53d061ad80e4b6b289686e7691bfb59ee0aa6648,data/raw/point_update/stage-00/results.json
point_update,0,0,16,7,initial_ef25,25,0.8976,2599.9979010986344,0.38461569510400295,0.3846337750001112,0.3846386539953528,1.0000470076919334,True,True,,5fc3ea9c506f7ca2b250879f15c1674a8e70b1e7afb7c2cea60fa4396c61cb75,467ec6b656020c91ae2da95a53d061ad80e4b6b289686e7691bfb59ee0aa6648,data/raw/point_update/stage-00/results.json
point_update,0,0,16,8,initial_ef25,25,0.8976,2558.963554552442,0.3907832130789757,0.3907916180000939,0.39079778900486417,1.0000215078868204,True,True,,5fc3ea9c506f7ca2b250879f15c1674a8e70b1e7afb7c2cea60fa4396c61cb75,467ec6b656020c91ae2da95a53d061ad80e4b6b289686e7691bfb59ee0aa6648,data/raw/point_update/stage-00/results.json
point_update,0,0,16,0,initial_ef26,26,0.9029,2481.0679705131856,0.40305223874747753,0.403047350000179,0.4030530239979271,0.9999878706856616,True,True,,5fc3ea9c506f7ca2b250879f15c1674a8e70b1e7afb7c2cea60fa4396c61cb75,467ec6b656020c91ae2da95a53d061ad80e4b6b289686e7691bfb59ee0aa6648,data/raw/point_update/stage-00/results.json
point_update,0,0,16,1,initial_ef26,26,0.9029,2495.092951918836,0.4007866717875004,0.40080721799995445,0.40081333299167454,1.0000512647098827,True,True,,5fc3ea9c506f7ca2b250879f15c1674a8e70b1e7afb7c2cea60fa4396c61cb75,467ec6b656020c91ae2da95a53d061ad80e4b6b289686e7691bfb59ee0aa6648,data/raw/point_update/stage-00/results.json
point_update,0,0,16,2,initial_ef26,26,0.9029,2453.435056644266,0.40759179554879665,0.4076109699999506,0.40761700400616974,1.000047043270653,True,True,,5fc3ea9c506f7ca2b250879f15c1674a8e70b1e7afb7c2cea60fa4396c61cb75,467ec6b656020c91ae2da95a53d061ad80e4b6b289686e7691bfb59ee0aa6648,data/raw/point_update/stage-00/results.json
point_update,0,0,16,3,initial_ef26,26,0.9029,2447.2567962633575,0.4086207877844572,0.4086287939999238,0.4086337269982323,1.000019593265213,True,True,,5fc3ea9c506f7ca2b250879f15c1674a8e70b1e7afb7c2cea60fa4396c61cb75,467ec6b656020c91ae2da95a53d061ad80e4b6b289686e7691bfb59ee0aa6648,data/raw/point_update/stage-00/results.json
point_update,0,0,16,4,initial_ef26,26,0.9029,2479.8893908482423,0.4032437913119793,0.40325856200024646,0.4032642150123138,1.0000366296731293,False,False,frequency outside configured interval or unavailable,5fc3ea9c506f7ca2b250879f15c1674a8e70b1e7afb7c2cea60fa4396c61cb75,467ec6b656020c91ae2da95a53d061ad80e4b6b289686e7691bfb59ee0aa6648,data/raw/point_update/stage-00/results.json
point_update,0,0,16,5,initial_ef26,26,0.9029,2502.8595495899144,0.39954299479722977,0.3994886189998397,0.39949443700606935,0.9998639050162357,True,True,,5fc3ea9c506f7ca2b250879f15c1674a8e70b1e7afb7c2cea60fa4396c61cb75,467ec6b656020c91ae2da95a53d061ad80e4b6b289686e7691bfb59ee0aa6648,data/raw/point_update/stage-00/results.json
point_update,0,0,16,6,initial_ef26,26,0.9029,2486.01443640907,0.4022502787411213,0.4022413430002416,0.4022464610025054,0.999977785619173,True,False,,5fc3ea9c506f7ca2b250879f15c1674a8e70b1e7afb7c2cea60fa4396c61cb75,467ec6b656020c91ae2da95a53d061ad80e4b6b289686e7691bfb59ee0aa6648,data/raw/point_update/stage-00/results.json
point_update,0,0,16,7,initial_ef26,26,0.9029,2488.7124794156125,0.4018141943961382,0.4018330829999286,0.4018379590124823,1.0000470083039719,True,True,,5fc3ea9c506f7ca2b250879f15c1674a8e70b1e7afb7c2cea60fa4396c61cb75,467ec6b656020c91ae2da95a53d061ad80e4b6b289686e7691bfb59ee0aa6648,data/raw/point_update/stage-00/results.json
point_update,0,0,16,8,initial_ef26,26,0.9029,2439.1351336812972,0.4099813848733902,0.4099898550002763,0.4099946030037245,1.0000206597840746,True,True,,5fc3ea9c506f7ca2b250879f15c1674a8e70b1e7afb7c2cea60fa4396c61cb75,467ec6b656020c91ae2da95a53d061ad80e4b6b289686e7691bfb59ee0aa6648,data/raw/point_update/stage-00/results.json
point_update,0,0,16,0,current_ef25,25,0.8976,2565.3997199630153,0.38980280235409737,0.38981269099986093,0.3898183999990579,1.0000253683290727,True,True,,5fc3ea9c506f7ca2b250879f15c1674a8e70b1e7afb7c2cea60fa4396c61cb75,467ec6b656020c91ae2da95a53d061ad80e4b6b289686e7691bfb59ee0aa6648,data/raw/point_update/stage-00/results.json
point_update,0,0,16,1,current_ef25,25,0.8976,2551.570754164035,0.39191544987261295,0.3919274300001234,0.3919346559996484,1.0000305681429869,True,True,,5fc3ea9c506f7ca2b250879f15c1674a8e70b1e7afb7c2cea60fa4396c61cb75,467ec6b656020c91ae2da95a53d061ad80e4b6b289686e7691bfb59ee0aa6648,data/raw/point_update/stage-00/results.json
point_update,0,0,16,2,current_ef25,25,0.8976,2551.449528543665,0.3919340707361698,0.3919101760002377,0.39191506399947684,0.9999390337872713,True,True,,5fc3ea9c506f7ca2b250879f15c1674a8e70b1e7afb7c2cea60fa4396c61cb75,467ec6b656020c91ae2da95a53d061ad80e4b6b289686e7691bfb59ee0aa6648,data/raw/point_update/stage-00/results.json
point_update,0,0,16,3,current_ef25,25,0.8976,2554.447129452825,0.3914741426706314,0.391494872000294,0.3915008770127315,1.0000529519766521,True,True,,5fc3ea9c506f7ca2b250879f15c1674a8e70b1e7afb7c2cea60fa4396c61cb75,467ec6b656020c91ae2da95a53d061ad80e4b6b289686e7691bfb59ee0aa6648,data/raw/point_update/stage-00/results.json
point_update,0,0,16,4,current_ef25,25,0.8976,2530.72789964078,0.3951432313770056,0.39479363999998895,0.3947991340100998,0.9991152793487103,True,False,,5fc3ea9c506f7ca2b250879f15c1674a8e70b1e7afb7c2cea60fa4396c61cb75,467ec6b656020c91ae2da95a53d061ad80e4b6b289686e7691bfb59ee0aa6648,data/raw/point_update/stage-00/results.json
point_update,0,0,16,5,current_ef25,25,0.8976,2544.0274074216936,0.3930775262415409,0.39303491100008614,0.3930404190032277,0.9998915856577651,True,True,,5fc3ea9c506f7ca2b250879f15c1674a8e70b1e7afb7c2cea60fa4396c61cb75,467ec6b656020c91ae2da95a53d061ad80e4b6b289686e7691bfb59ee0aa6648,data/raw/point_update/stage-00/results.json
point_update,0,0,16,6,current_ef25,25,0.8976,2462.421271005244,0.4061043541878462,0.4060695480002323,0.406074753991561,0.999914292503257,False,False,SMT sibling busy or missing utilization interval,5fc3ea9c506f7ca2b250879f15c1674a8e70b1e7afb7c2cea60fa4396c61cb75,467ec6b656020c91ae2da95a53d061ad80e4b6b289686e7691bfb59ee0aa6648,data/raw/point_update/stage-00/results.json
point_update,0,0,16,7,current_ef25,25,0.8976,2571.745993936511,0.38884088955819607,0.38840711399961947,0.3884124210017035,0.9988844394449631,True,True,,5fc3ea9c506f7ca2b250879f15c1674a8e70b1e7afb7c2cea60fa4396c61cb75,467ec6b656020c91ae2da95a53d061ad80e4b6b289686e7691bfb59ee0aa6648,data/raw/point_update/stage-00/results.json
point_update,0,0,16,8,current_ef25,25,0.8976,2534.3273841546297,0.394582012668252,0.39460110600020926,0.3946061010065023,1.0000483887540341,True,True,,5fc3ea9c506f7ca2b250879f15c1674a8e70b1e7afb7c2cea60fa4396c61cb75,467ec6b656020c91ae2da95a53d061ad80e4b6b289686e7691bfb59ee0aa6648,data/raw/point_update/stage-00/results.json
point_update,0,0,16,0,current_ef26,26,0.9029,2482.7572760776357,0.4027779959142208,0.4027982869997686,0.4028032130008796,1.0000503778402834,True,True,,5fc3ea9c506f7ca2b250879f15c1674a8e70b1e7afb7c2cea60fa4396c61cb75,467ec6b656020c91ae2da95a53d061ad80e4b6b289686e7691bfb59ee0aa6648,data/raw/point_update/stage-00/results.json
point_update,0,0,16,1,current_ef26,26,0.9029,2483.5387692154736,0.40265125408768654,0.40267012300000715,0.40267539299384225,1.0000468616752811,True,True,,5fc3ea9c506f7ca2b250879f15c1674a8e70b1e7afb7c2cea60fa4396c61cb75,467ec6b656020c91ae2da95a53d061ad80e4b6b289686e7691bfb59ee0aa6648,data/raw/point_update/stage-00/results.json
point_update,0,0,16,2,current_ef26,26,0.9029,2469.319376346479,0.4049698915332556,0.4049778979997427,0.40498323600331787,1.0000197705228326,True,True,,5fc3ea9c506f7ca2b250879f15c1674a8e70b1e7afb7c2cea60fa4396c61cb75,467ec6b656020c91ae2da95a53d061ad80e4b6b289686e7691bfb59ee0aa6648,data/raw/point_update/stage-00/results.json
point_update,0,0,16,3,current_ef26,26,0.9029,2442.5230183074677,0.4094127230346203,0.40943232099971283,0.40943844499997795,1.0000478684808505,True,True,,5fc3ea9c506f7ca2b250879f15c1674a8e70b1e7afb7c2cea60fa4396c61cb75,467ec6b656020c91ae2da95a53d061ad80e4b6b289686e7691bfb59ee0aa6648,data/raw/point_update/stage-00/results.json
point_update,0,0,16,4,current_ef26,26,0.9029,2436.825095583845,0.410370035097003,0.4103269789998194,0.4103321229922585,0.9998950798218652,True,False,,5fc3ea9c506f7ca2b250879f15c1674a8e70b1e7afb7c2cea60fa4396c61cb75,467ec6b656020c91ae2da95a53d061ad80e4b6b289686e7691bfb59ee0aa6648,data/raw/point_update/stage-00/results.json
point_update,0,0,16,5,current_ef26,26,0.9029,2465.7204471147725,0.40556097961962223,0.40557433000003584,0.4055801079957746,1.0000329183059626,True,True,,5fc3ea9c506f7ca2b250879f15c1674a8e70b1e7afb7c2cea60fa4396c61cb75,467ec6b656020c91ae2da95a53d061ad80e4b6b289686e7691bfb59ee0aa6648,data/raw/point_update/stage-00/results.json
point_update,0,0,16,6,current_ef26,26,0.9029,2485.300459015286,0.4023658372461796,0.40234072000021115,0.4023460970056476,0.9999375760970655,True,False,,5fc3ea9c506f7ca2b250879f15c1674a8e70b1e7afb7c2cea60fa4396c61cb75,467ec6b656020c91ae2da95a53d061ad80e4b6b289686e7691bfb59ee0aa6648,data/raw/point_update/stage-00/results.json
point_update,0,0,16,7,current_ef26,26,0.9029,2480.4639573656805,0.4031503852456808,0.4031697499999609,0.40317539499665145,1.000048033575035,True,True,,5fc3ea9c506f7ca2b250879f15c1674a8e70b1e7afb7c2cea60fa4396c61cb75,467ec6b656020c91ae2da95a53d061ad80e4b6b289686e7691bfb59ee0aa6648,data/raw/point_update/stage-00/results.json
point_update,0,0,16,8,current_ef26,26,0.9029,2472.573952527029,0.4044368416070938,0.4044555200002833,0.4044606940005906,1.0000461837084753,True,True,,5fc3ea9c506f7ca2b250879f15c1674a8e70b1e7afb7c2cea60fa4396c61cb75,467ec6b656020c91ae2da95a53d061ad80e4b6b289686e7691bfb59ee0aa6648,data/raw/point_update/stage-00/results.json
point_update,1,0,16,0,initial_ef25,25,0.8976,2548.577343506333,0.39237577095627785,0.39238334499987104,0.39238918499904685,1.0000193030359004,True,True,,5fc3ea9c506f7ca2b250879f15c1674a8e70b1e7afb7c2cea60fa4396c61cb75,467ec6b656020c91ae2da95a53d061ad80e4b6b289686e7691bfb59ee0aa6648,data/raw/point_update/stage-01/results.json
point_update,1,0,16,1,initial_ef25,25,0.8976,2620.4925537517815,0.38160764798521996,0.38157434300001114,0.38157938499352895,0.9999127245342575,True,True,,5fc3ea9c506f7ca2b250879f15c1674a8e70b1e7afb7c2cea60fa4396c61cb75,467ec6b656020c91ae2da95a53d061ad80e4b6b289686e7691bfb59ee0aa6648,data/raw/point_update/stage-01/results.json
point_update,1,0,16,2,initial_ef25,25,0.8976,2589.5251144970716,0.3861711919307709,0.38614615599999524,0.38615130599646363,0.9999351688284916,True,True,,5fc3ea9c506f7ca2b250879f15c1674a8e70b1e7afb7c2cea60fa4396c61cb75,467ec6b656020c91ae2da95a53d061ad80e4b6b289686e7691bfb59ee0aa6648,data/raw/point_update/stage-01/results.json
point_update,1,0,16,3,initial_ef25,25,0.8976,2572.90612106587,0.3886655606329441,0.38867256999992605,0.3886770770041039,1.0000180344432126,True,True,,5fc3ea9c506f7ca2b250879f15c1674a8e70b1e7afb7c2cea60fa4396c61cb75,467ec6b656020c91ae2da95a53d061ad80e4b6b289686e7691bfb59ee0aa6648,data/raw/point_update/stage-01/results.json
point_update,1,0,16,4,initial_ef25,25,0.8976,2584.5528901274192,0.3869141172617674,0.3868754519999129,0.38688158500008285,0.9999000675857265,True,True,,5fc3ea9c506f7ca2b250879f15c1674a8e70b1e7afb7c2cea60fa4396c61cb75,467ec6b656020c91ae2da95a53d061ad80e4b6b289686e7691bfb59ee0aa6648,data/raw/point_update/stage-01/results.json
point_update,1,0,16,5,initial_ef25,25,0.8976,2582.2992778337957,0.3872517831623554,0.3872576300000219,0.38726238199160434,1.0000150982846838,True,True,,5fc3ea9c506f7ca2b250879f15c1674a8e70b1e7afb7c2cea60fa4396c61cb75,467ec6b656020c91ae2da95a53d061ad80e4b6b289686e7691bfb59ee0aa6648,data/raw/point_update/stage-01/results.json
point_update,1,0,16,6,initial_ef25,25,0.8976,2623.399312933146,0.3811848219484091,0.38116020400002526,0.38116475399874616,0.999935417291124,True,True,,5fc3ea9c506f7ca2b250879f15c1674a8e70b1e7afb7c2cea60fa4396c61cb75,467ec6b656020c91ae2da95a53d061ad80e4b6b289686e7691bfb59ee0aa6648,data/raw/point_update/stage-01/results.json
point_update,1,0,16,0,initial_ef26,26,0.9029,2474.6417273428087,0.4040989000350237,0.4040653530000782,0.4040702559868805,0.9999169831074952,True,True,,5fc3ea9c506f7ca2b250879f15c1674a8e70b1e7afb7c2cea60fa4396c61cb75,467ec6b656020c91ae2da95a53d061ad80e4b6b289686e7691bfb59ee0aa6648,data/raw/point_update/stage-01/results.json
point_update,1,0,16,1,initial_ef26,26,0.9029,2467.6897695575954,0.4052373245358467,0.40519913500020266,0.4052046540018637,0.999905760073587,True,True,,5fc3ea9c506f7ca2b250879f15c1674a8e70b1e7afb7c2cea60fa4396c61cb75,467ec6b656020c91ae2da95a53d061ad80e4b6b289686e7691bfb59ee0aa6648,data/raw/point_update/stage-01/results.json
point_update,1,0,16,2,initial_ef26,26,0.9029,2503.9544568830474,0.3993682861328125,0.39937415600024906,0.3993797159928363,1.0000146978807292,True,True,,5fc3ea9c506f7ca2b250879f15c1674a8e70b1e7afb7c2cea60fa4396c61cb75,467ec6b656020c91ae2da95a53d061ad80e4b6b289686e7691bfb59ee0aa6648,data/raw/point_update/stage-01/results.json
point_update,1,0,16,3,initial_ef26,26,0.9029,2501.4328666008064,0.39977087266743183,0.3997508359998392,0.39975628499814775,0.9999498796211466,True,True,,5fc3ea9c506f7ca2b250879f15c1674a8e70b1e7afb7c2cea60fa4396c61cb75,467ec6b656020c91ae2da95a53d061ad80e4b6b289686e7691bfb59ee0aa6648,data/raw/point_update/stage-01/results.json
point_update,1,0,16,4,initial_ef26,26,0.9029,2503.3821714215296,0.39945958368480206,0.39937107500009006,0.39937604998704046,0.999778428936676,True,True,,5fc3ea9c506f7ca2b250879f15c1674a8e70b1e7afb7c2cea60fa4396c61cb75,467ec6b656020c91ae2da95a53d061ad80e4b6b289686e7691bfb59ee0aa6648,data/raw/point_update/stage-01/results.json
point_update,1,0,16,5,initial_ef26,26,0.9029,2488.363671663328,0.4018705189228058,0.4018669349998163,0.4018728430091869,0.9999910818962309,True,True,,5fc3ea9c506f7ca2b250879f15c1674a8e70b1e7afb7c2cea60fa4396c61cb75,467ec6b656020c91ae2da95a53d061ad80e4b6b289686e7691bfb59ee0aa6648,data/raw/point_update/stage-01/results.json
point_update,1,0,16,6,initial_ef26,26,0.9029,2462.391386958776,0.40610928274691105,0.406095816999823,0.40610159099742305,0.9999668420603515,True,True,,5fc3ea9c506f7ca2b250879f15c1674a8e70b1e7afb7c2cea60fa4396c61cb75,467ec6b656020c91ae2da95a53d061ad80e4b6b289686e7691bfb59ee0aa6648,data/raw/point_update/stage-01/results.json
point_update,1,0,16,0,current_ef15,15,0.8985,2528.877240046468,0.39543240144848824,0.3954178489998412,0.3954230099916458,0.9999631986438297,True,True,,5fc3ea9c506f7ca2b250879f15c1674a8e70b1e7afb7c2cea60fa4396c61cb75,1ba123268dccc143f96803262fc3fbba04dbb808a635d7f2d745290cb4883416,data/raw/point_update/stage-01/results.json
point_update,1,0,16,1,current_ef15,15,0.8985,2588.3388616413713,0.3863481767475605,0.38635489900025277,0.386360219999915,1.0000173994678812,True,True,,5fc3ea9c506f7ca2b250879f15c1674a8e70b1e7afb7c2cea60fa4396c61cb75,1ba123268dccc143f96803262fc3fbba04dbb808a635d7f2d745290cb4883416,data/raw/point_update/stage-01/results.json
point_update,1,0,16,2,current_ef15,15,0.8985,2566.4583541509846,0.3896420132368803,0.3896370200000092,0.38964355700591113,0.999987185065518,True,True,,5fc3ea9c506f7ca2b250879f15c1674a8e70b1e7afb7c2cea60fa4396c61cb75,1ba123268dccc143f96803262fc3fbba04dbb808a635d7f2d745290cb4883416,data/raw/point_update/stage-01/results.json
point_update,1,0,16,3,current_ef15,15,0.8985,2562.023509807811,0.39031648077070713,0.39028487500036135,0.39029047499934677,0.9999190252733285,True,True,,5fc3ea9c506f7ca2b250879f15c1674a8e70b1e7afb7c2cea60fa4396c61cb75,1ba123268dccc143f96803262fc3fbba04dbb808a635d7f2d745290cb4883416,data/raw/point_update/stage-01/results.json
point_update,1,0,16,4,current_ef15,15,0.8985,2582.5104332171572,0.38722012005746365,0.3871930450000036,0.38719816799857654,0.9999300783816295,True,True,,5fc3ea9c506f7ca2b250879f15c1674a8e70b1e7afb7c2cea60fa4396c61cb75,1ba123268dccc143f96803262fc3fbba04dbb808a635d7f2d745290cb4883416,data/raw/point_update/stage-01/results.json
point_update,1,0,16,5,current_ef15,15,0.8985,2546.5702019082323,0.3926850315183401,0.39262205200020617,0.39262972099822946,0.9998396182357896,True,True,,5fc3ea9c506f7ca2b250879f15c1674a8e70b1e7afb7c2cea60fa4396c61cb75,1ba123268dccc143f96803262fc3fbba04dbb808a635d7f2d745290cb4883416,data/raw/point_update/stage-01/results.json
point_update,1,0,16,6,current_ef15,15,0.8985,2553.4214167024,0.3916313983500004,0.3916395530000045,0.391645483992761,1.0000208222579663,True,True,,5fc3ea9c506f7ca2b250879f15c1674a8e70b1e7afb7c2cea60fa4396c61cb75,1ba123268dccc143f96803262fc3fbba04dbb808a635d7f2d745290cb4883416,data/raw/point_update/stage-01/results.json
point_update,1,0,16,0,current_ef16,16,0.9065,2419.013305041705,0.41339169070124626,0.4133626259999801,0.4133681270031957,0.9999296921009301,True,True,,5fc3ea9c506f7ca2b250879f15c1674a8e70b1e7afb7c2cea60fa4396c61cb75,1ba123268dccc143f96803262fc3fbba04dbb808a635d7f2d745290cb4883416,data/raw/point_update/stage-01/results.json
point_update,1,0,16,1,current_ef16,16,0.9065,2448.022024181147,0.4084930568933487,0.40850051400002485,0.40850533900083974,1.0000182551613799,True,True,,5fc3ea9c506f7ca2b250879f15c1674a8e70b1e7afb7c2cea60fa4396c61cb75,1ba123268dccc143f96803262fc3fbba04dbb808a635d7f2d745290cb4883416,data/raw/point_update/stage-01/results.json
point_update,1,0,16,2,current_ef16,16,0.9065,2427.8377784564595,0.4118891339749098,0.4118427629996404,0.41184829399571754,0.9998874187944171,True,True,,5fc3ea9c506f7ca2b250879f15c1674a8e70b1e7afb7c2cea60fa4396c61cb75,1ba123268dccc143f96803262fc3fbba04dbb808a635d7f2d745290cb4883416,data/raw/point_update/stage-01/results.json
point_update,1,0,16,3,current_ef16,16,0.9065,2428.6924671566803,0.4117441847920418,0.4117447540002104,0.4117505460017128,1.0000013824315914,True,True,,5fc3ea9c506f7ca2b250879f15c1674a8e70b1e7afb7c2cea60fa4396c61cb75,1ba123268dccc143f96803262fc3fbba04dbb808a635d7f2d745290cb4883416,data/raw/point_update/stage-01/results.json
point_update,1,0,16,4,current_ef16,16,0.9065,2440.825914037446,0.40969738736748695,0.4096555729997817,0.40966116200434044,0.999897938407726,True,True,,5fc3ea9c506f7ca2b250879f15c1674a8e70b1e7afb7c2cea60fa4396c61cb75,1ba123268dccc143f96803262fc3fbba04dbb808a635d7f2d745290cb4883416,data/raw/point_update/stage-01/results.json
point_update,1,0,16,5,current_ef16,16,0.9065,2413.1291153041943,0.4143997076898813,0.41436093299989807,0.4143652119964827,0.9999064316666645,True,True,,5fc3ea9c506f7ca2b250879f15c1674a8e70b1e7afb7c2cea60fa4396c61cb75,1ba123268dccc143f96803262fc3fbba04dbb808a635d7f2d745290cb4883416,data/raw/point_update/stage-01/results.json
point_update,1,0,16,6,current_ef16,16,0.9065,2450.4207338825786,0.4080931842327118,0.4080735399998048,0.40807954300544225,0.9999518633643835,True,True,,5fc3ea9c506f7ca2b250879f15c1674a8e70b1e7afb7c2cea60fa4396c61cb75,1ba123268dccc143f96803262fc3fbba04dbb808a635d7f2d745290cb4883416,data/raw/point_update/stage-01/results.json
point_update,2,0,24,0,initial_ef25,25,0.8976,2595.5213493922734,0.38527905009686947,0.3852824669997972,0.38528889199369587,1.0000088686444977,True,True,,5fc3ea9c506f7ca2b250879f15c1674a8e70b1e7afb7c2cea60fa4396c61cb75,467ec6b656020c91ae2da95a53d061ad80e4b6b289686e7691bfb59ee0aa6648,data/raw/point_update/stage-02/results.json
point_update,2,0,24,1,initial_ef25,25,0.8976,2589.2927921131068,0.38620584085583687,0.38619910599982177,0.3862050720053958,0.9999825614858642,True,True,,5fc3ea9c506f7ca2b250879f15c1674a8e70b1e7afb7c2cea60fa4396c61cb75,467ec6b656020c91ae2da95a53d061ad80e4b6b289686e7691bfb59ee0aa6648,data/raw/point_update/stage-02/results.json
point_update,2,0,24,2,initial_ef25,25,0.8976,2602.400252686445,0.38426064513623714,0.3842114530002618,0.3842167359980522,0.9998719823729076,True,False,,5fc3ea9c506f7ca2b250879f15c1674a8e70b1e7afb7c2cea60fa4396c61cb75,467ec6b656020c91ae2da95a53d061ad80e4b6b289686e7691bfb59ee0aa6648,data/raw/point_update/stage-02/results.json
point_update,2,0,24,3,initial_ef25,25,0.8976,2593.3111090937136,0.38560741767287254,0.3856091429997832,0.38561553999898024,1.0000044743094443,True,True,,5fc3ea9c506f7ca2b250879f15c1674a8e70b1e7afb7c2cea60fa4396c61cb75,467ec6b656020c91ae2da95a53d061ad80e4b6b289686e7691bfb59ee0aa6648,data/raw/point_update/stage-02/results.json
point_update,2,0,24,4,initial_ef25,25,0.8976,2581.6992901769627,0.3873417805880308,0.38734321300034935,0.3873488420067588,1.000003698057866,True,False,,5fc3ea9c506f7ca2b250879f15c1674a8e70b1e7afb7c2cea60fa4396c61cb75,467ec6b656020c91ae2da95a53d061ad80e4b6b289686e7691bfb59ee0aa6648,data/raw/point_update/stage-02/results.json
point_update,2,0,24,5,initial_ef25,25,0.8976,2564.4175463276933,0.3899520970880985,0.3899546909997298,0.38996125099947676,1.0000066518725008,True,True,,5fc3ea9c506f7ca2b250879f15c1674a8e70b1e7afb7c2cea60fa4396c61cb75,467ec6b656020c91ae2da95a53d061ad80e4b6b289686e7691bfb59ee0aa6648,data/raw/point_update/stage-02/results.json
point_update,2,0,24,6,initial_ef25,25,0.8976,2575.3345575141957,0.3882990647107363,0.38824911400024575,0.3882557489996543,0.9998713602091014,True,True,,5fc3ea9c506f7ca2b250879f15c1674a8e70b1e7afb7c2cea60fa4396c61cb75,467ec6b656020c91ae2da95a53d061ad80e4b6b289686e7691bfb59ee0aa6648,data/raw/point_update/stage-02/results.json
point_update,2,0,24,7,initial_ef25,25,0.8976,2562.6634615838084,0.390219010412693,0.3901691790001678,0.39017515898740385,0.9998722988598825,True,True,,5fc3ea9c506f7ca2b250879f15c1674a8e70b1e7afb7c2cea60fa4396c61cb75,467ec6b656020c91ae2da95a53d061ad80e4b6b289686e7691bfb59ee0aa6648,data/raw/point_update/stage-02/results.json
point_update,2,0,24,8,initial_ef25,25,0.8976,2579.5406893612467,0.3876659143716097,0.3876470889999837,0.38765493100800086,0.9999514391878984,True,True,,5fc3ea9c506f7ca2b250879f15c1674a8e70b1e7afb7c2cea60fa4396c61cb75,467ec6b656020c91ae2da95a53d061ad80e4b6b289686e7691bfb59ee0aa6648,data/raw/point_update/stage-02/results.json
point_update,2,0,24,0,initial_ef26,26,0.9029,2496.6102552383095,0.4005430955439806,0.400535514999774,0.40054027699807193,0.9999810743355936,True,True,,5fc3ea9c506f7ca2b250879f15c1674a8e70b1e7afb7c2cea60fa4396c61cb75,467ec6b656020c91ae2da95a53d061ad80e4b6b289686e7691bfb59ee0aa6648,data/raw/point_update/stage-02/results.json
point_update,2,0,24,1,initial_ef26,26,0.9029,2506.821838489657,0.3989114761352539,0.39891397500014136,0.39892019900435116,1.0000062642090712,True,True,,5fc3ea9c506f7ca2b250879f15c1674a8e70b1e7afb7c2cea60fa4396c61cb75,467ec6b656020c91ae2da95a53d061ad80e4b6b289686e7691bfb59ee0aa6648,data/raw/point_update/stage-02/results.json
point_update,2,0,24,2,initial_ef26,26,0.9029,2488.680569461176,0.40181934647262096,0.4017989800004216,0.40180510700156447,0.9999493143563689,False,False,frequency outside configured interval or unavailable,5fc3ea9c506f7ca2b250879f15c1674a8e70b1e7afb7c2cea60fa4396c61cb75,467ec6b656020c91ae2da95a53d061ad80e4b6b289686e7691bfb59ee0aa6648,data/raw/point_update/stage-02/results.json
point_update,2,0,24,3,initial_ef26,26,0.9029,2496.732816247097,0.4005234334617853,0.400514388999909,0.4005198700033361,0.999977418395228,True,True,,5fc3ea9c506f7ca2b250879f15c1674a8e70b1e7afb7c2cea60fa4396c61cb75,467ec6b656020c91ae2da95a53d061ad80e4b6b289686e7691bfb59ee0aa6648,data/raw/point_update/stage-02/results.json
point_update,2,0,24,4,initial_ef26,26,0.9029,2486.0496625443484,0.40224457904696465,0.4022042229998988,0.4022096309927292,0.9998996728628102,True,False,,5fc3ea9c506f7ca2b250879f15c1674a8e70b1e7afb7c2cea60fa4396c61cb75,467ec6b656020c91ae2da95a53d061ad80e4b6b289686e7691bfb59ee0aa6648,data/raw/point_update/stage-02/results.json
point_update,2,0,24,5,initial_ef26,26,0.9029,2443.9892554244398,0.40916710160672665,0.40914849600039815,0.4091541700036032,0.9999545280980425,True,True,,5fc3ea9c506f7ca2b250879f15c1674a8e70b1e7afb7c2cea60fa4396c61cb75,467ec6b656020c91ae2da95a53d061ad80e4b6b289686e7691bfb59ee0aa6648,data/raw/point_update/stage-02/results.json
point_update,2,0,24,6,initial_ef26,26,0.9029,2469.5038140169777,0.40493964590132236,0.40488495800036617,0.40489087799505796,0.9998649480200081,True,True,,5fc3ea9c506f7ca2b250879f15c1674a8e70b1e7afb7c2cea60fa4396c61cb75,467ec6b656020c91ae2da95a53d061ad80e4b6b289686e7691bfb59ee0aa6648,data/raw/point_update/stage-02/results.json
point_update,2,0,24,7,initial_ef26,26,0.9029,2454.3842532876724,0.4074341654777527,0.4073872459998711,0.4073922709940234,0.9998848415723149,True,True,,5fc3ea9c506f7ca2b250879f15c1674a8e70b1e7afb7c2cea60fa4396c61cb75,467ec6b656020c91ae2da95a53d061ad80e4b6b289686e7691bfb59ee0aa6648,data/raw/point_update/stage-02/results.json
point_update,2,0,24,8,initial_ef26,26,0.9029,2504.996637901473,0.39920213259756565,0.3991478860002644,0.39915344600740355,0.9998641124561428,True,True,,5fc3ea9c506f7ca2b250879f15c1674a8e70b1e7afb7c2cea60fa4396c61cb75,467ec6b656020c91ae2da95a53d061ad80e4b6b289686e7691bfb59ee0aa6648,data/raw/point_update/stage-02/results.json
point_update,2,0,24,0,current_ef14,14,0.8997,2552.52306137458,0.3917692322283983,0.3917407870003444,0.3917465050035389,0.9999273928994064,True,True,,5fc3ea9c506f7ca2b250879f15c1674a8e70b1e7afb7c2cea60fa4396c61cb75,30046f7688bf9108b254ab70ff62e8d6f18982eb7c009045889830d3fe442186,data/raw/point_update/stage-02/results.json
point_update,2,0,24,1,current_ef14,14,0.8997,2566.6100042508406,0.3896189909428358,0.38961457499999597,0.38962004899804015,0.999988665996929,True,True,,5fc3ea9c506f7ca2b250879f15c1674a8e70b1e7afb7c2cea60fa4396c61cb75,30046f7688bf9108b254ab70ff62e8d6f18982eb7c009045889830d3fe442186,data/raw/point_update/stage-02/results.json
point_update,2,0,24,2,current_ef14,14,0.8997,2571.160368924465,0.3889294546097517,0.3889111620001131,0.3889172469935147,0.999952966767053,True,False,,5fc3ea9c506f7ca2b250879f15c1674a8e70b1e7afb7c2cea60fa4396c61cb75,30046f7688bf9108b254ab70ff62e8d6f18982eb7c009045889830d3fe442186,data/raw/point_update/stage-02/results.json
point_update,2,0,24,3,current_ef14,14,0.8997,2555.6409190418917,0.39129127748310566,0.3912304690002202,0.3912366010044934,0.999844595352913,True,True,,5fc3ea9c506f7ca2b250879f15c1674a8e70b1e7afb7c2cea60fa4396c61cb75,30046f7688bf9108b254ab70ff62e8d6f18982eb7c009045889830d3fe442186,data/raw/point_update/stage-02/results.json
point_update,2,0,24,4,current_ef14,14,0.8997,2571.717585928918,0.3888451848179102,0.38884679299962954,0.38885305800067727,1.000004135789209,False,False,frequency outside configured interval or unavailable,5fc3ea9c506f7ca2b250879f15c1674a8e70b1e7afb7c2cea60fa4396c61cb75,30046f7688bf9108b254ab70ff62e8d6f18982eb7c009045889830d3fe442186,data/raw/point_update/stage-02/results.json
point_update,2,0,24,5,current_ef14,14,0.8997,2531.102421019609,0.3950847629457712,0.39507582400028696,0.3950809210073203,0.9999773746134434,True,True,,5fc3ea9c506f7ca2b250879f15c1674a8e70b1e7afb7c2cea60fa4396c61cb75,30046f7688bf9108b254ab70ff62e8d6f18982eb7c009045889830d3fe442186,data/raw/point_update/stage-02/results.json
point_update,2,0,24,6,current_ef14,14,0.8997,2548.6636922797097,0.3923624772578478,0.39235684799996307,0.3923625110037392,0.9999856529148148,True,True,,5fc3ea9c506f7ca2b250879f15c1674a8e70b1e7afb7c2cea60fa4396c61cb75,30046f7688bf9108b254ab70ff62e8d6f18982eb7c009045889830d3fe442186,data/raw/point_update/stage-02/results.json
point_update,2,0,24,7,current_ef14,14,0.8997,2568.206336924879,0.3893768135458231,0.3893782939999255,0.38938406499801204,1.0000038021116073,True,True,,5fc3ea9c506f7ca2b250879f15c1674a8e70b1e7afb7c2cea60fa4396c61cb75,30046f7688bf9108b254ab70ff62e8d6f18982eb7c009045889830d3fe442186,data/raw/point_update/stage-02/results.json
point_update,2,0,24,8,current_ef14,14,0.8997,2578.6317168482265,0.387802567332983,0.3877624129995638,0.3877681509911781,0.9998964567622763,True,True,,5fc3ea9c506f7ca2b250879f15c1674a8e70b1e7afb7c2cea60fa4396c61cb75,30046f7688bf9108b254ab70ff62e8d6f18982eb7c009045889830d3fe442186,data/raw/point_update/stage-02/results.json
point_update,2,0,24,0,current_ef15,15,0.9075,2428.538341716029,0.41177031584084034,0.41170375100000456,0.41170976699504536,0.9998383447318201,True,True,,5fc3ea9c506f7ca2b250879f15c1674a8e70b1e7afb7c2cea60fa4396c61cb75,30046f7688bf9108b254ab70ff62e8d6f18982eb7c009045889830d3fe442186,data/raw/point_update/stage-02/results.json
point_update,2,0,24,1,current_ef15,15,0.9075,2389.9574609484434,0.418417489156127,0.418419472000096,0.41842536701005884,1.0000047389127376,True,True,,5fc3ea9c506f7ca2b250879f15c1674a8e70b1e7afb7c2cea60fa4396c61cb75,30046f7688bf9108b254ab70ff62e8d6f18982eb7c009045889830d3fe442186,data/raw/point_update/stage-02/results.json
point_update,2,0,24,2,current_ef15,15,0.9075,2411.556665515669,0.4146699160337448,0.41466297699980714,0.41466881599626504,0.9999832661264554,True,False,,5fc3ea9c506f7ca2b250879f15c1674a8e70b1e7afb7c2cea60fa4396c61cb75,30046f7688bf9108b254ab70ff62e8d6f18982eb7c009045889830d3fe442186,data/raw/point_update/stage-02/results.json
point_update,2,0,24,3,current_ef15,15,0.9075,2400.5551346419757,0.41657031141221523,0.4165725749999183,0.4165777840098599,1.0000054338670832,True,True,,5fc3ea9c506f7ca2b250879f15c1674a8e70b1e7afb7c2cea60fa4396c61cb75,30046f7688bf9108b254ab70ff62e8d6f18982eb7c009045889830d3fe442186,data/raw/point_update/stage-02/results.json
point_update,2,0,24,4,current_ef15,15,0.9075,2359.73372023518,0.4237766284495592,0.42370849500002805,0.42371483099123,0.9998392232016654,True,False,,5fc3ea9c506f7ca2b250879f15c1674a8e70b1e7afb7c2cea60fa4396c61cb75,30046f7688bf9108b254ab70ff62e8d6f18982eb7c009045889830d3fe442186,data/raw/point_update/stage-02/results.json
point_update,2,0,24,5,current_ef15,15,0.9075,2384.9085542358143,0.41930328868329525,0.419261090999953,0.41926710499683395,0.9998993623840282,True,True,,5fc3ea9c506f7ca2b250879f15c1674a8e70b1e7afb7c2cea60fa4396c61cb75,30046f7688bf9108b254ab70ff62e8d6f18982eb7c009045889830d3fe442186,data/raw/point_update/stage-02/results.json
point_update,2,0,24,6,current_ef15,15,0.9075,2375.65986764561,0.4209356792271137,0.4209372820000681,0.4209423959982814,1.0000038076433846,True,True,,5fc3ea9c506f7ca2b250879f15c1674a8e70b1e7afb7c2cea60fa4396c61cb75,30046f7688bf9108b254ab70ff62e8d6f18982eb7c009045889830d3fe442186,data/raw/point_update/stage-02/results.json
point_update,2,0,24,7,current_ef15,15,0.9075,2393.996322080183,0.4177115857601166,0.4176873860001251,0.4176934550050646,0.9999420658635852,True,True,,5fc3ea9c506f7ca2b250879f15c1674a8e70b1e7afb7c2cea60fa4396c61cb75,30046f7688bf9108b254ab70ff62e8d6f18982eb7c009045889830d3fe442186,data/raw/point_update/stage-02/results.json
point_update,2,0,24,8,current_ef15,15,0.9075,2399.9033299284956,0.41668345034122467,0.41668546199980483,0.4166903700097464,1.000004827786125,True,True,,5fc3ea9c506f7ca2b250879f15c1674a8e70b1e7afb7c2cea60fa4396c61cb75,30046f7688bf9108b254ab70ff62e8d6f18982eb7c009045889830d3fe442186,data/raw/point_update/stage-02/results.json
point_update,3,0,24,0,initial_ef25,25,0.8976,2615.9043988671942,0.3822769671678543,0.38227957700019033,0.38228553600492887,1.000006827071888,True,True,,5fc3ea9c506f7ca2b250879f15c1674a8e70b1e7afb7c2cea60fa4396c61cb75,467ec6b656020c91ae2da95a53d061ad80e4b6b289686e7691bfb59ee0aa6648,data/raw/point_update/stage-03/results.json
point_update,3,0,24,1,initial_ef25,25,0.8976,2574.30748443614,0.3884539846330881,0.38845644599996376,0.3884622609912185,1.0000063363151699,True,True,,5fc3ea9c506f7ca2b250879f15c1674a8e70b1e7afb7c2cea60fa4396c61cb75,467ec6b656020c91ae2da95a53d061ad80e4b6b289686e7691bfb59ee0aa6648,data/raw/point_update/stage-03/results.json
point_update,3,0,24,2,initial_ef25,25,0.8976,2604.2157071402567,0.3839927688241005,0.38399404799974945,0.38400116900447756,1.0000033312493173,True,True,,5fc3ea9c506f7ca2b250879f15c1674a8e70b1e7afb7c2cea60fa4396c61cb75,467ec6b656020c91ae2da95a53d061ad80e4b6b289686e7691bfb59ee0aa6648,data/raw/point_update/stage-03/results.json
point_update,3,0,24,3,initial_ef25,25,0.8976,2614.020330487039,0.382552495226264,0.3824964440000258,0.38250284700188786,0.9998534809550647,True,True,,5fc3ea9c506f7ca2b250879f15c1674a8e70b1e7afb7c2cea60fa4396c61cb75,467ec6b656020c91ae2da95a53d061ad80e4b6b289686e7691bfb59ee0aa6648,data/raw/point_update/stage-03/results.json
point_update,3,0,24,4,initial_ef25,25,0.8976,2599.7201379658923,0.3846567887812853,0.3846585490000507,0.384663905002526,1.0000045760761718,True,True,,5fc3ea9c506f7ca2b250879f15c1674a8e70b1e7afb7c2cea60fa4396c61cb75,467ec6b656020c91ae2da95a53d061ad80e4b6b289686e7691bfb59ee0aa6648,data/raw/point_update/stage-03/results.json
point_update,3,0,24,5,initial_ef25,25,0.8976,2581.937130930768,0.38730609975755215,0.387260261999927,0.3872656489984365,0.9998816497915891,True,True,,5fc3ea9c506f7ca2b250879f15c1674a8e70b1e7afb7c2cea60fa4396c61cb75,467ec6b656020c91ae2da95a53d061ad80e4b6b289686e7691bfb59ee0aa6648,data/raw/point_update/stage-03/results.json
point_update,3,0,24,6,initial_ef25,25,0.8976,2583.6029953651387,0.38705637119710445,0.3870313920001536,0.38703614700352773,0.9999354636719359,True,True,,5fc3ea9c506f7ca2b250879f15c1674a8e70b1e7afb7c2cea60fa4396c61cb75,467ec6b656020c91ae2da95a53d061ad80e4b6b289686e7691bfb59ee0aa6648,data/raw/point_update/stage-03/results.json
point_update,3,0,24,0,initial_ef26,26,0.9029,2496.8602432255952,0.40050299279391766,0.40050465500007704,0.40050952399906237,1.0000041502964754,True,True,,5fc3ea9c506f7ca2b250879f15c1674a8e70b1e7afb7c2cea60fa4396c61cb75,467ec6b656020c91ae2da95a53d061ad80e4b6b289686e7691bfb59ee0aa6648,data/raw/point_update/stage-03/results.json
point_update,3,0,24,1,initial_ef26,26,0.9029,2527.7820226267254,0.3956037312746048,0.3955926900002851,0.39559974399162456,0.9999720900652677,True,True,,5fc3ea9c506f7ca2b250879f15c1674a8e70b1e7afb7c2cea60fa4396c61cb75,467ec6b656020c91ae2da95a53d061ad80e4b6b289686e7691bfb59ee0aa6648,data/raw/point_update/stage-03/results.json
point_update,3,0,24,2,initial_ef26,26,0.9029,2509.7257117122094,0.3984499163925648,0.39845049200039284,0.3984559939999599,1.0000014446177659,True,True,,5fc3ea9c506f7ca2b250879f15c1674a8e70b1e7afb7c2cea60fa4396c61cb75,467ec6b656020c91ae2da95a53d061ad80e4b6b289686e7691bfb59ee0aa6648,data/raw/point_update/stage-03/results.json
point_update,3,0,24,3,initial_ef26,26,0.9029,2494.6763468574964,0.4008536022156477,0.4008298589997139,0.40083534400037024,0.9999407683608117,True,True,,5fc3ea9c506f7ca2b250879f15c1674a8e70b1e7afb7c2cea60fa4396c61cb75,467ec6b656020c91ae2da95a53d061ad80e4b6b289686e7691bfb59ee0aa6648,data/raw/point_update/stage-03/results.json
point_update,3,0,24,4,initial_ef26,26,0.9029,2482.648149211307,0.40279570035636425,0.40279173899989473,0.40279764200386126,0.9999901653456926,True,True,,5fc3ea9c506f7ca2b250879f15c1674a8e70b1e7afb7c2cea60fa4396c61cb75,467ec6b656020c91ae2da95a53d061ad80e4b6b289686e7691bfb59ee0aa6648,data/raw/point_update/stage-03/results.json
point_update,3,0,24,5,initial_ef26,26,0.9029,2509.8626114937965,0.39842818304896355,0.3984291709998615,0.39843465299054515,1.0000024796210207,True,True,,5fc3ea9c506f7ca2b250879f15c1674a8e70b1e7afb7c2cea60fa4396c61cb75,467ec6b656020c91ae2da95a53d061ad80e4b6b289686e7691bfb59ee0aa6648,data/raw/point_update/stage-03/results.json
point_update,3,0,24,6,initial_ef26,26,0.9029,2525.0916867478927,0.3960252236574888,0.39600995099999636,0.3960151719948044,0.9999614351395313,True,True,,5fc3ea9c506f7ca2b250879f15c1674a8e70b1e7afb7c2cea60fa4396c61cb75,467ec6b656020c91ae2da95a53d061ad80e4b6b289686e7691bfb59ee0aa6648,data/raw/point_update/stage-03/results.json
point_update,3,0,24,0,current_ef13,13,0.8936,2687.157076730034,0.3721405081450939,0.3721425450003153,0.37214762601070106,1.0000054733499224,True,True,,5fc3ea9c506f7ca2b250879f15c1674a8e70b1e7afb7c2cea60fa4396c61cb75,694e7b0626bd945dc79113d8bf49021e657a73bab1a0bc9dff3c536ca4a81446,data/raw/point_update/stage-03/results.json
point_update,3,0,24,1,current_ef13,13,0.8936,2731.6059340798315,0.3660850152373314,0.36608671899966794,0.3660940249974374,1.0000046540073089,True,True,,5fc3ea9c506f7ca2b250879f15c1674a8e70b1e7afb7c2cea60fa4396c61cb75,694e7b0626bd945dc79113d8bf49021e657a73bab1a0bc9dff3c536ca4a81446,data/raw/point_update/stage-03/results.json
point_update,3,0,24,2,current_ef13,13,0.8936,2712.2473661585213,0.3686979338526726,0.3686376460000247,0.36864273899118416,0.9998364844304444,True,True,,5fc3ea9c506f7ca2b250879f15c1674a8e70b1e7afb7c2cea60fa4396c61cb75,694e7b0626bd945dc79113d8bf49021e657a73bab1a0bc9dff3c536ca4a81446,data/raw/point_update/stage-03/results.json
point_update,3,0,24,3,current_ef13,13,0.8936,2722.275531480459,0.36733974516391754,0.36734045599996534,0.3673458590055816,1.0000019350915799,True,True,,5fc3ea9c506f7ca2b250879f15c1674a8e70b1e7afb7c2cea60fa4396c61cb75,694e7b0626bd945dc79113d8bf49021e657a73bab1a0bc9dff3c536ca4a81446,data/raw/point_update/stage-03/results.json
point_update,3,0,24,4,current_ef13,13,0.8936,2749.5186327622255,0.36370002664625645,0.3636203270002625,0.3636261950014159,0.999780864338315,True,True,,5fc3ea9c506f7ca2b250879f15c1674a8e70b1e7afb7c2cea60fa4396c61cb75,694e7b0626bd945dc79113d8bf49021e657a73bab1a0bc9dff3c536ca4a81446,data/raw/point_update/stage-03/results.json
point_update,3,0,24,5,current_ef13,13,0.8936,2720.643647642589,0.36756008118391037,0.3675620539997908,0.36756669500027783,1.000005367328993,True,True,,5fc3ea9c506f7ca2b250879f15c1674a8e70b1e7afb7c2cea60fa4396c61cb75,694e7b0626bd945dc79113d8bf49021e657a73bab1a0bc9dff3c536ca4a81446,data/raw/point_update/stage-03/results.json
point_update,3,0,24,6,current_ef13,13,0.8936,2742.284343240003,0.3646594863384962,0.364604178999798,0.3646095920121297,0.9998483315510217,True,True,,5fc3ea9c506f7ca2b250879f15c1674a8e70b1e7afb7c2cea60fa4396c61cb75,694e7b0626bd945dc79113d8bf49021e657a73bab1a0bc9dff3c536ca4a81446,data/raw/point_update/stage-03/results.json
point_update,3,0,24,0,current_ef14,14,0.9039,2527.6139221512335,0.3956300411373377,0.39556378600036624,0.3955694749893155,0.9998325325933769,True,True,,5fc3ea9c506f7ca2b250879f15c1674a8e70b1e7afb7c2cea60fa4396c61cb75,694e7b0626bd945dc79113d8bf49021e657a73bab1a0bc9dff3c536ca4a81446,data/raw/point_update/stage-03/results.json
point_update,3,0,24,1,current_ef14,14,0.9039,2516.865043944435,0.3973196744918823,0.39732088299979296,0.397325997997541,1.0000030416513157,True,True,,5fc3ea9c506f7ca2b250879f15c1674a8e70b1e7afb7c2cea60fa4396c61cb75,694e7b0626bd945dc79113d8bf49021e657a73bab1a0bc9dff3c536ca4a81446,data/raw/point_update/stage-03/results.json
point_update,3,0,24,2,current_ef14,14,0.9039,2554.7561734990136,0.39142678678035736,0.3914173379998829,0.3914225949993124,0.9999758606697507,True,True,,5fc3ea9c506f7ca2b250879f15c1674a8e70b1e7afb7c2cea60fa4396c61cb75,694e7b0626bd945dc79113d8bf49021e657a73bab1a0bc9dff3c536ca4a81446,data/raw/point_update/stage-03/results.json
point_update,3,0,24,3,current_ef14,14,0.9039,2538.4189147032407,0.3939460087567568,0.3939469030001419,0.3939528259943472,1.0000022699643232,True,True,,5fc3ea9c506f7ca2b250879f15c1674a8e70b1e7afb7c2cea60fa4396c61cb75,694e7b0626bd945dc79113d8bf49021e657a73bab1a0bc9dff3c536ca4a81446,data/raw/point_update/stage-03/results.json
point_update,3,0,24,4,current_ef14,14,0.9039,2563.0723106555806,0.390156764537096,0.39014851299998554,0.3901548630092293,0.9999788507137117,True,True,,5fc3ea9c506f7ca2b250879f15c1674a8e70b1e7afb7c2cea60fa4396c61cb75,694e7b0626bd945dc79113d8bf49021e657a73bab1a0bc9dff3c536ca4a81446,data/raw/point_update/stage-03/results.json
point_update,3,0,24,5,current_ef14,14,0.9039,2522.493030783219,0.3964332062751055,0.3964281639996443,0.3964331970055355,0.9999872808952899,True,True,,5fc3ea9c506f7ca2b250879f15c1674a8e70b1e7afb7c2cea60fa4396c61cb75,694e7b0626bd945dc79113d8bf49021e657a73bab1a0bc9dff3c536ca4a81446,data/raw/point_update/stage-03/results.json
point_update,3,0,24,6,current_ef14,14,0.9039,2545.013758751347,0.3929251842200756,0.3929261499997665,0.39293066298705526,1.0000024579226012,True,True,,5fc3ea9c506f7ca2b250879f15c1674a8e70b1e7afb7c2cea60fa4396c61cb75,694e7b0626bd945dc79113d8bf49021e657a73bab1a0bc9dff3c536ca4a81446,data/raw/point_update/stage-03/results.json
point_update,4,0,24,0,initial_ef25,25,0.8976,2584.777020427195,0.38688056729733944,0.3868715520002297,0.38687748700613156,0.9999766974671984,True,True,,5fc3ea9c506f7ca2b250879f15c1674a8e70b1e7afb7c2cea60fa4396c61cb75,467ec6b656020c91ae2da95a53d061ad80e4b6b289686e7691bfb59ee0aa6648,data/raw/point_update/stage-04/results.json
point_update,4,0,24,1,initial_ef25,25,0.8976,2595.7850502355864,0.3852399103343487,0.3852403440000671,0.38524661600240506,1.0000011257029888,True,True,,5fc3ea9c506f7ca2b250879f15c1674a8e70b1e7afb7c2cea60fa4396c61cb75,467ec6b656020c91ae2da95a53d061ad80e4b6b289686e7691bfb59ee0aa6648,data/raw/point_update/stage-04/results.json
point_update,4,0,24,2,initial_ef25,25,0.8976,2525.8586118052003,0.39590497873723507,0.3958915180000986,0.39589740200608503,0.9999660000811825,True,False,,5fc3ea9c506f7ca2b250879f15c1674a8e70b1e7afb7c2cea60fa4396c61cb75,467ec6b656020c91ae2da95a53d061ad80e4b6b289686e7691bfb59ee0aa6648,data/raw/point_update/stage-04/results.json
point_update,4,0,24,3,initial_ef25,25,0.8976,2585.0493340469784,0.38683981262147427,0.38683855599992967,0.38684375101001933,0.999996751571313,True,True,,5fc3ea9c506f7ca2b250879f15c1674a8e70b1e7afb7c2cea60fa4396c61cb75,467ec6b656020c91ae2da95a53d061ad80e4b6b289686e7691bfb59ee0aa6648,data/raw/point_update/stage-04/results.json
point_update,4,0,24,4,initial_ef25,25,0.8976,2534.1791420545355,0.39460509456694126,0.39460444199994527,0.394610080998973,0.99999834627833,True,True,,5fc3ea9c506f7ca2b250879f15c1674a8e70b1e7afb7c2cea60fa4396c61cb75,467ec6b656020c91ae2da95a53d061ad80e4b6b289686e7691bfb59ee0aa6648,data/raw/point_update/stage-04/results.json
point_update,4,0,24,5,initial_ef25,25,0.8976,2605.223197958427,0.3838442713022232,0.3838001140002234,0.3838054220104823,0.9998849603724709,True,True,,5fc3ea9c506f7ca2b250879f15c1674a8e70b1e7afb7c2cea60fa4396c61cb75,467ec6b656020c91ae2da95a53d061ad80e4b6b289686e7691bfb59ee0aa6648,data/raw/point_update/stage-04/results.json
point_update,4,0,24,6,initial_ef25,25,0.8976,2583.0143942799677,0.38714457117021084,0.38714897399995607,0.38715349399717525,1.0000113725726074,True,True,,5fc3ea9c506f7ca2b250879f15c1674a8e70b1e7afb7c2cea60fa4396c61cb75,467ec6b656020c91ae2da95a53d061ad80e4b6b289686e7691bfb59ee0aa6648,data/raw/point_update/stage-04/results.json
point_update,4,0,24,7,initial_ef25,25,0.8976,2598.911523272478,0.3847764693200588,0.38476437400004215,0.3847692159906728,0.999968565333431,True,True,,5fc3ea9c506f7ca2b250879f15c1674a8e70b1e7afb7c2cea60fa4396c61cb75,467ec6b656020c91ae2da95a53d061ad80e4b6b289686e7691bfb59ee0aa6648,data/raw/point_update/stage-04/results.json
point_update,4,0,24,0,initial_ef26,26,0.9029,2487.332758116314,0.4020370803773403,0.4020266129996344,0.4020321580028394,0.9999739641485405,True,True,,5fc3ea9c506f7ca2b250879f15c1674a8e70b1e7afb7c2cea60fa4396c61cb75,467ec6b656020c91ae2da95a53d061ad80e4b6b289686e7691bfb59ee0aa6648,data/raw/point_update/stage-04/results.json
point_update,4,0,24,1,initial_ef26,26,0.9029,2515.8772074808594,0.397475678473711,0.3974756709999383,0.3974817390117096,0.9999999811969056,True,True,,5fc3ea9c506f7ca2b250879f15c1674a8e70b1e7afb7c2cea60fa4396c61cb75,467ec6b656020c91ae2da95a53d061ad80e4b6b289686e7691bfb59ee0aa6648,data/raw/point_update/stage-04/results.json
point_update,4,0,24,2,initial_ef26,26,0.9029,2434.84170886785,0.41070431657135487,0.41069373800019093,0.41069827500905376,0.9999742428537098,True,False,,5fc3ea9c506f7ca2b250879f15c1674a8e70b1e7afb7c2cea60fa4396c61cb75,467ec6b656020c91ae2da95a53d061ad80e4b6b289686e7691bfb59ee0aa6648,data/raw/point_update/stage-04/results.json
point_update,4,0,24,3,initial_ef26,26,0.9029,2482.24010778231,0.4028619136661291,0.4028620670001146,0.40286679299606476,1.0000003806117688,True,True,,5fc3ea9c506f7ca2b250879f15c1674a8e70b1e7afb7c2cea60fa4396c61cb75,467ec6b656020c91ae2da95a53d061ad80e4b6b289686e7691bfb59ee0aa6648,data/raw/point_update/stage-04/results.json
point_update,4,0,24,4,initial_ef26,26,0.9029,2463.27044586014,0.40596435591578484,0.4059571739999228,0.4059619909967296,0.9999823089989124,True,True,,5fc3ea9c506f7ca2b250879f15c1674a8e70b1e7afb7c2cea60fa4396c61cb75,467ec6b656020c91ae2da95a53d061ad80e4b6b289686e7691bfb59ee0aa6648,data/raw/point_update/stage-04/results.json
point_update,4,0,24,5,initial_ef26,26,0.9029,2466.3167679009266,0.40546292066574097,0.40545659000008527,0.4054626580036711,0.9999843865731414,True,True,,5fc3ea9c506f7ca2b250879f15c1674a8e70b1e7afb7c2cea60fa4396c61cb75,467ec6b656020c91ae2da95a53d061ad80e4b6b289686e7691bfb59ee0aa6648,data/raw/point_update/stage-04/results.json
point_update,4,0,24,6,initial_ef26,26,0.9029,2497.6861398980627,0.4003705605864525,0.40037038400032543,0.40037556299648713,0.999999558943278,True,True,,5fc3ea9c506f7ca2b250879f15c1674a8e70b1e7afb7c2cea60fa4396c61cb75,467ec6b656020c91ae2da95a53d061ad80e4b6b289686e7691bfb59ee0aa6648,data/raw/point_update/stage-04/results.json
point_update,4,0,24,7,initial_ef26,26,0.9029,2476.2976645785675,0.4038286730647087,0.40381660800039754,0.40382186400529463,0.9999701233094233,True,True,,5fc3ea9c506f7ca2b250879f15c1674a8e70b1e7afb7c2cea60fa4396c61cb75,467ec6b656020c91ae2da95a53d061ad80e4b6b289686e7691bfb59ee0aa6648,data/raw/point_update/stage-04/results.json
point_update,4,0,24,0,current_ef13,13,0.8925,2729.972121147157,0.36630410701036453,0.3662858000002416,0.3662913969892543,0.9999500223727428,True,True,,5fc3ea9c506f7ca2b250879f15c1674a8e70b1e7afb7c2cea60fa4396c61cb75,bd73f7c8af391759c77c9350b9bff920ebfa5023e40dec0775973464e19b4dea,data/raw/point_update/stage-04/results.json
point_update,4,0,24,1,current_ef13,13,0.8925,2728.7088630251824,0.36647368781268597,0.3664626049999242,0.36646761499287095,0.9999697582305898,True,True,,5fc3ea9c506f7ca2b250879f15c1674a8e70b1e7afb7c2cea60fa4396c61cb75,bd73f7c8af391759c77c9350b9bff920ebfa5023e40dec0775973464e19b4dea,data/raw/point_update/stage-04/results.json
point_update,4,0,24,2,current_ef13,13,0.8925,2752.7130125666285,0.36327797174453735,0.3632780940001794,0.36328375300217886,1.0000003365346968,True,False,,5fc3ea9c506f7ca2b250879f15c1674a8e70b1e7afb7c2cea60fa4396c61cb75,bd73f7c8af391759c77c9350b9bff920ebfa5023e40dec0775973464e19b4dea,data/raw/point_update/stage-04/results.json
point_update,4,0,24,3,current_ef13,13,0.8925,2700.6379892401737,0.37028287537395954,0.3702604430000065,0.3702659569971729,0.9999394182787136,True,True,,5fc3ea9c506f7ca2b250879f15c1674a8e70b1e7afb7c2cea60fa4396c61cb75,bd73f7c8af391759c77c9350b9bff920ebfa5023e40dec0775973464e19b4dea,data/raw/point_update/stage-04/results.json
point_update,4,0,24,4,current_ef13,13,0.8925,2675.2496154587475,0.37379689514636993,0.37378685099974973,0.3737915190140484,0.9999731294006167,True,True,,5fc3ea9c506f7ca2b250879f15c1674a8e70b1e7afb7c2cea60fa4396c61cb75,bd73f7c8af391759c77c9350b9bff920ebfa5023e40dec0775973464e19b4dea,data/raw/point_update/stage-04/results.json
point_update,4,0,24,5,current_ef13,13,0.8925,2729.1882591900203,0.36640931479632854,0.3663869869997143,0.3663922139967326,0.9999390632396268,True,True,,5fc3ea9c506f7ca2b250879f15c1674a8e70b1e7afb7c2cea60fa4396c61cb75,bd73f7c8af391759c77c9350b9bff920ebfa5023e40dec0775973464e19b4dea,data/raw/point_update/stage-04/results.json
point_update,4,0,24,6,current_ef13,13,0.8925,2740.4269426525993,0.36490664444863796,0.36489648499991745,0.36490195800433867,0.9999721587730038,True,True,,5fc3ea9c506f7ca2b250879f15c1674a8e70b1e7afb7c2cea60fa4396c61cb75,bd73f7c8af391759c77c9350b9bff920ebfa5023e40dec0775973464e19b4dea,data/raw/point_update/stage-04/results.json
point_update,4,0,24,7,current_ef13,13,0.8925,2697.2941137276684,0.3707419205456972,0.3707109599999967,0.3707167710090289,0.9999164903023242,True,True,,5fc3ea9c506f7ca2b250879f15c1674a8e70b1e7afb7c2cea60fa4396c61cb75,bd73f7c8af391759c77c9350b9bff920ebfa5023e40dec0775973464e19b4dea,data/raw/point_update/stage-04/results.json
point_update,4,0,24,0,current_ef14,14,0.9024,2560.208195641367,0.390593234449625,0.39059420400008094,0.39059994400304276,1.0000024822510234,True,True,,5fc3ea9c506f7ca2b250879f15c1674a8e70b1e7afb7c2cea60fa4396c61cb75,bd73f7c8af391759c77c9350b9bff920ebfa5023e40dec0775973464e19b4dea,data/raw/point_update/stage-04/results.json
point_update,4,0,24,1,current_ef14,14,0.9024,2558.2832443272714,0.3908871319144964,0.39087717299980795,0.39088417499442585,0.9999745222754208,True,True,,5fc3ea9c506f7ca2b250879f15c1674a8e70b1e7afb7c2cea60fa4396c61cb75,bd73f7c8af391759c77c9350b9bff920ebfa5023e40dec0775973464e19b4dea,data/raw/point_update/stage-04/results.json
point_update,4,0,24,2,current_ef14,14,0.9024,2495.3037595728365,0.40075281262397766,0.4007427159999679,0.40074764599557966,0.9999748058561495,False,False,frequency outside configured interval or unavailable,5fc3ea9c506f7ca2b250879f15c1674a8e70b1e7afb7c2cea60fa4396c61cb75,bd73f7c8af391759c77c9350b9bff920ebfa5023e40dec0775973464e19b4dea,data/raw/point_update/stage-04/results.json
point_update,4,0,24,3,current_ef14,14,0.9024,2541.002782678956,0.3935454171150923,0.3935344790002091,0.3935407579992898,0.9999722062196446,True,True,,5fc3ea9c506f7ca2b250879f15c1674a8e70b1e7afb7c2cea60fa4396c61cb75,bd73f7c8af391759c77c9350b9bff920ebfa5023e40dec0775973464e19b4dea,data/raw/point_update/stage-04/results.json
point_update,4,0,24,4,current_ef14,14,0.9024,2502.31761003481,0.39962952584028244,0.39962957800025833,0.3996339400036959,1.0000001305208261,True,True,,5fc3ea9c506f7ca2b250879f15c1674a8e70b1e7afb7c2cea60fa4396c61cb75,bd73f7c8af391759c77c9350b9bff920ebfa5023e40dec0775973464e19b4dea,data/raw/point_update/stage-04/results.json
point_update,4,0,24,5,current_ef14,14,0.9024,2576.5509964070693,0.3881157413125038,0.3881156010002087,0.38812048600811977,0.9999996384782162,True,True,,5fc3ea9c506f7ca2b250879f15c1674a8e70b1e7afb7c2cea60fa4396c61cb75,bd73f7c8af391759c77c9350b9bff920ebfa5023e40dec0775973464e19b4dea,data/raw/point_update/stage-04/results.json
point_update,4,0,24,6,current_ef14,14,0.9024,2527.4596821151563,0.395654184743762,0.39564786499977345,0.39565285299613606,0.9999840271018676,True,True,,5fc3ea9c506f7ca2b250879f15c1674a8e70b1e7afb7c2cea60fa4396c61cb75,bd73f7c8af391759c77c9350b9bff920ebfa5023e40dec0775973464e19b4dea,data/raw/point_update/stage-04/results.json
point_update,4,0,24,7,current_ef14,14,0.9024,2541.9938546419294,0.3933919817209244,0.3933917559998008,0.3933978059940273,0.9999994262182911,True,True,,5fc3ea9c506f7ca2b250879f15c1674a8e70b1e7afb7c2cea60fa4396c61cb75,bd73f7c8af391759c77c9350b9bff920ebfa5023e40dec0775973464e19b4dea,data/raw/point_update/stage-04/results.json
point_update,5,0,24,0,initial_ef25,25,0.8976,2593.7000612313536,0.38554959185421467,0.3855500919999031,0.38555609798640944,1.0000012972279027,True,True,,5fc3ea9c506f7ca2b250879f15c1674a8e70b1e7afb7c2cea60fa4396c61cb75,467ec6b656020c91ae2da95a53d061ad80e4b6b289686e7691bfb59ee0aa6648,data/raw/point_update/stage-05/results.json
point_update,5,0,24,1,initial_ef25,25,0.8976,2602.5140173865984,0.3842438478022814,0.3842354199996407,0.3842400300054578,0.9999780665254919,True,True,,5fc3ea9c506f7ca2b250879f15c1674a8e70b1e7afb7c2cea60fa4396c61cb75,467ec6b656020c91ae2da95a53d061ad80e4b6b289686e7691bfb59ee0aa6648,data/raw/point_update/stage-05/results.json
point_update,5,0,24,2,initial_ef25,25,0.8976,2603.7195652085247,0.38406593911349773,0.38406619600027625,0.38407116998860147,1.0000006688611314,True,True,,5fc3ea9c506f7ca2b250879f15c1674a8e70b1e7afb7c2cea60fa4396c61cb75,467ec6b656020c91ae2da95a53d061ad80e4b6b289686e7691bfb59ee0aa6648,data/raw/point_update/stage-05/results.json
point_update,5,0,24,3,initial_ef25,25,0.8976,2588.7442236569755,0.38628767989575863,0.3862616699998398,0.3862666269997135,0.9999326670321822,True,True,,5fc3ea9c506f7ca2b250879f15c1674a8e70b1e7afb7c2cea60fa4396c61cb75,467ec6b656020c91ae2da95a53d061ad80e4b6b289686e7691bfb59ee0aa6648,data/raw/point_update/stage-05/results.json
point_update,5,0,24,4,initial_ef25,25,0.8976,2549.990620000333,0.39215830527246,0.3921596570003203,0.3921645910013467,1.0000034468933645,True,True,,5fc3ea9c506f7ca2b250879f15c1674a8e70b1e7afb7c2cea60fa4396c61cb75,467ec6b656020c91ae2da95a53d061ad80e4b6b289686e7691bfb59ee0aa6648,data/raw/point_update/stage-05/results.json
point_update,5,0,24,5,initial_ef25,25,0.8976,2606.940636609578,0.38359139673411846,0.3835825589999331,0.38358694699127227,0.9999769605516167,True,True,,5fc3ea9c506f7ca2b250879f15c1674a8e70b1e7afb7c2cea60fa4396c61cb75,467ec6b656020c91ae2da95a53d061ad80e4b6b289686e7691bfb59ee0aa6648,data/raw/point_update/stage-05/results.json
point_update,5,0,24,6,initial_ef25,25,0.8976,2614.0772115694954,0.3825441710650921,0.3825452110004335,0.38255062799726147,1.0000027184712774,True,True,,5fc3ea9c506f7ca2b250879f15c1674a8e70b1e7afb7c2cea60fa4396c61cb75,467ec6b656020c91ae2da95a53d061ad80e4b6b289686e7691bfb59ee0aa6648,data/raw/point_update/stage-05/results.json
point_update,5,0,24,0,initial_ef26,26,0.9029,2504.0797956388533,0.39934829622507095,0.3993483290000768,0.39935385499848053,1.0000000820712298,True,True,,5fc3ea9c506f7ca2b250879f15c1674a8e70b1e7afb7c2cea60fa4396c61cb75,467ec6b656020c91ae2da95a53d061ad80e4b6b289686e7691bfb59ee0aa6648,data/raw/point_update/stage-05/results.json
point_update,5,0,24,1,initial_ef26,26,0.9029,2512.217857185924,0.3980546500533819,0.3980137849998755,0.3980190959991887,0.9998973380828463,True,True,,5fc3ea9c506f7ca2b250879f15c1674a8e70b1e7afb7c2cea60fa4396c61cb75,467ec6b656020c91ae2da95a53d061ad80e4b6b289686e7691bfb59ee0aa6648,data/raw/point_update/stage-05/results.json
point_update,5,0,24,2,initial_ef26,26,0.9029,2532.2962836616434,0.3948984984308481,0.3948992159998852,0.39490383000520524,1.0000018170974059,True,True,,5fc3ea9c506f7ca2b250879f15c1674a8e70b1e7afb7c2cea60fa4396c61cb75,467ec6b656020c91ae2da95a53d061ad80e4b6b289686e7691bfb59ee0aa6648,data/raw/point_update/stage-05/results.json
point_update,5,0,24,3,initial_ef26,26,0.9029,2503.7201168847814,0.39940566569566727,0.39935616499997195,0.39936079600011,0.9998760641123878,True,True,,5fc3ea9c506f7ca2b250879f15c1674a8e70b1e7afb7c2cea60fa4396c61cb75,467ec6b656020c91ae2da95a53d061ad80e4b6b289686e7691bfb59ee0aa6648,data/raw/point_update/stage-05/results.json
point_update,5,0,24,4,initial_ef26,26,0.9029,2492.320412375895,0.40123252011835575,0.4012062430001606,0.4012106629961636,0.9999345090019438,True,True,,5fc3ea9c506f7ca2b250879f15c1674a8e70b1e7afb7c2cea60fa4396c61cb75,467ec6b656020c91ae2da95a53d061ad80e4b6b289686e7691bfb59ee0aa6648,data/raw/point_update/stage-05/results.json
point_update,5,0,24,5,initial_ef26,26,0.9029,2520.081142841784,0.3968126196414232,0.39681324599996515,0.39681887700862717,1.0000015784743501,True,True,,5fc3ea9c506f7ca2b250879f15c1674a8e70b1e7afb7c2cea60fa4396c61cb75,467ec6b656020c91ae2da95a53d061ad80e4b6b289686e7691bfb59ee0aa6648,data/raw/point_update/stage-05/results.json
point_update,5,0,24,6,initial_ef26,26,0.9029,2508.284442457933,0.3986788671463728,0.3986685650002073,0.3986730860051466,0.9999741592870491,True,True,,5fc3ea9c506f7ca2b250879f15c1674a8e70b1e7afb7c2cea60fa4396c61cb75,467ec6b656020c91ae2da95a53d061ad80e4b6b289686e7691bfb59ee0aa6648,data/raw/point_update/stage-05/results.json
point_update,5,0,24,0,current_ef13,13,0.893,2671.1865718280537,0.3743654638528824,0.3743395970000165,0.374344032999943,0.9999309048099693,True,True,,5fc3ea9c506f7ca2b250879f15c1674a8e70b1e7afb7c2cea60fa4396c61cb75,2c734c08cc0083c8dac378b353f3079e84f3e11ceb800c1f46a4d106ec479fac,data/raw/point_update/stage-05/results.json
point_update,5,0,24,1,current_ef13,13,0.893,2704.324045966147,0.36977817118167877,0.3697783249999702,0.3697840310051106,1.0000004159745042,True,True,,5fc3ea9c506f7ca2b250879f15c1674a8e70b1e7afb7c2cea60fa4396c61cb75,2c734c08cc0083c8dac378b353f3079e84f3e11ceb800c1f46a4d106ec479fac,data/raw/point_update/stage-05/results.json
point_update,5,0,24,2,current_ef13,13,0.893,2685.3782396118313,0.3723870199173689,0.3723875420000695,0.3723926399979973,1.0000014019895236,True,True,,5fc3ea9c506f7ca2b250879f15c1674a8e70b1e7afb7c2cea60fa4396c61cb75,2c734c08cc0083c8dac378b353f3079e84f3e11ceb800c1f46a4d106ec479fac,data/raw/point_update/stage-05/results.json
point_update,5,0,24,3,current_ef13,13,0.893,2729.3253397506573,0.36639091186225414,0.36639177000006384,0.36639697599457577,1.000002342137269,True,True,,5fc3ea9c506f7ca2b250879f15c1674a8e70b1e7afb7c2cea60fa4396c61cb75,2c734c08cc0083c8dac378b353f3079e84f3e11ceb800c1f46a4d106ec479fac,data/raw/point_update/stage-05/results.json
point_update,5,0,24,4,current_ef13,13,0.893,2680.6610379954086,0.3730423152446747,0.37303473600013604,0.3730392989964457,0.9999796826144678,True,True,,5fc3ea9c506f7ca2b250879f15c1674a8e70b1e7afb7c2cea60fa4396c61cb75,2c734c08cc0083c8dac378b353f3079e84f3e11ceb800c1f46a4d106ec479fac,data/raw/point_update/stage-05/results.json
point_update,5,0,24,5,current_ef13,13,0.893,2721.727953788811,0.3674136493355036,0.3674130869999317,0.3674176279891981,0.9999984694755546,True,True,,5fc3ea9c506f7ca2b250879f15c1674a8e70b1e7afb7c2cea60fa4396c61cb75,2c734c08cc0083c8dac378b353f3079e84f3e11ceb800c1f46a4d106ec479fac,data/raw/point_update/stage-05/results.json
point_update,5,0,24,6,current_ef13,13,0.893,2692.906895687341,0.37134592421352863,0.37129856899991864,0.3713029789942084,0.9998724768187229,True,True,,5fc3ea9c506f7ca2b250879f15c1674a8e70b1e7afb7c2cea60fa4396c61cb75,2c734c08cc0083c8dac378b353f3079e84f3e11ceb800c1f46a4d106ec479fac,data/raw/point_update/stage-05/results.json
point_update,5,0,24,0,current_ef14,14,0.9007,2510.056230269522,0.39839744940400124,0.39838826899995183,0.39839390201086644,0.9999769566696194,True,True,,5fc3ea9c506f7ca2b250879f15c1674a8e70b1e7afb7c2cea60fa4396c61cb75,2c734c08cc0083c8dac378b353f3079e84f3e11ceb800c1f46a4d106ec479fac,data/raw/point_update/stage-05/results.json
point_update,5,0,24,1,current_ef14,14,0.9007,2552.0717611298355,0.3918385114520788,0.3918389559999014,0.3918446629977552,1.0000011345179445,True,True,,5fc3ea9c506f7ca2b250879f15c1674a8e70b1e7afb7c2cea60fa4396c61cb75,2c734c08cc0083c8dac378b353f3079e84f3e11ceb800c1f46a4d106ec479fac,data/raw/point_update/stage-05/results.json
point_update,5,0,24,2,current_ef14,14,0.9007,2537.482545472896,0.39409138076007366,0.39404540500026997,0.39405084699683357,0.9998833373119833,True,True,,5fc3ea9c506f7ca2b250879f15c1674a8e70b1e7afb7c2cea60fa4396c61cb75,2c734c08cc0083c8dac378b353f3079e84f3e11ceb800c1f46a4d106ec479fac,data/raw/point_update/stage-05/results.json
point_update,5,0,24,3,current_ef14,14,0.9007,2545.849260335001,0.39279623329639435,0.39278704900016237,0.392792016005842,0.9999766181662311,True,True,,5fc3ea9c506f7ca2b250879f15c1674a8e70b1e7afb7c2cea60fa4396c61cb75,2c734c08cc0083c8dac378b353f3079e84f3e11ceb800c1f46a4d106ec479fac,data/raw/point_update/stage-05/results.json
point_update,5,0,24,4,current_ef14,14,0.9007,2532.3526140334907,0.39488971419632435,0.39484246300025916,0.3948477100057062,0.9998803433101281,True,True,,5fc3ea9c506f7ca2b250879f15c1674a8e70b1e7afb7c2cea60fa4396c61cb75,2c734c08cc0083c8dac378b353f3079e84f3e11ceb800c1f46a4d106ec479fac,data/raw/point_update/stage-05/results.json
point_update,5,0,24,5,current_ef14,14,0.9007,2534.9812463551475,0.39448023587465286,0.3944714589997602,0.3944769840018125,0.9999777507867456,True,True,,5fc3ea9c506f7ca2b250879f15c1674a8e70b1e7afb7c2cea60fa4396c61cb75,2c734c08cc0083c8dac378b353f3079e84f3e11ceb800c1f46a4d106ec479fac,data/raw/point_update/stage-05/results.json
point_update,5,0,24,6,current_ef14,14,0.9007,2537.6678784368255,0.39406259916722775,0.39406292700004997,0.39406764101295266,1.0000008319308225,True,True,,5fc3ea9c506f7ca2b250879f15c1674a8e70b1e7afb7c2cea60fa4396c61cb75,2c734c08cc0083c8dac378b353f3079e84f3e11ceb800c1f46a4d106ec479fac,data/raw/point_update/stage-05/results.json
