dataset: youtube_rgb
attr: [0]
sel: [0.2]
M: 40
algo: navix
efs, recall, qps: 
[10, 0.704, 608.953]
[12, 0.724, 1292.957]
[15, 0.747, 1129.064]
[18, 0.768, 1009.605]
[20, 0.781, 983.628]
[30, 0.821, 711.896]
[40, 0.842, 590.590]
[50, 0.860, 495.769]
[80, 0.886, 337.131]
[100, 0.896, 287.530]
[120, 0.904, 244.782]
[150, 0.913, 204.781]
[180, 0.921, 173.267]
[200, 0.924, 159.403]

dataset: youtube_rgb
attr: [0]
sel: [0.4]
M: 40
algo: navix
efs, recall, qps: 
[10, 0.661, 1516.230]
[12, 0.681, 1635.816]
[15, 0.709, 1442.287]
[18, 0.735, 1278.884]
[20, 0.745, 1211.460]
[30, 0.788, 920.278]
[40, 0.816, 752.382]
[50, 0.837, 641.618]
[80, 0.867, 449.848]
[100, 0.882, 387.568]
[120, 0.890, 339.345]
[150, 0.899, 284.485]
[180, 0.906, 243.965]
[200, 0.909, 228.553]

dataset: youtube_rgb
attr: [0]
sel: [0.6]
M: 40
algo: navix
efs, recall, qps: 
[10, 0.515, 3735.053]
[12, 0.551, 2910.363]
[15, 0.594, 1956.259]
[18, 0.622, 2041.558]
[20, 0.638, 1974.082]
[30, 0.701, 1533.541]
[40, 0.729, 1331.647]
[50, 0.752, 1158.025]
[80, 0.798, 804.871]
[100, 0.821, 696.695]
[120, 0.834, 625.491]
[150, 0.853, 542.313]
[180, 0.861, 477.055]
[200, 0.868, 442.455]

dataset: youtube_rgb
attr: [0]
sel: [0.8]
M: 40
algo: navix
efs, recall, qps: 
[10, 0.559, 3002.372]
[12, 0.585, 3014.443]
[15, 0.619, 2609.190]
[18, 0.645, 2324.985]
[20, 0.657, 2228.053]
[30, 0.712, 1721.306]
[40, 0.743, 1453.407]
[50, 0.766, 1248.200]
[80, 0.814, 953.924]
[100, 0.830, 833.496]
[120, 0.844, 731.746]
[150, 0.857, 611.835]
[180, 0.867, 533.488]
[200, 0.874, 484.819]

dataset: youtube_rgb
attr: [0]
sel: [1.0]
M: 40
algo: navix
efs, recall, qps: 
[10, 0.584, 510.448]
[12, 0.614, 1053.975]
[15, 0.638, 1633.369]
[18, 0.661, 1568.074]
[20, 0.672, 1692.013]
[30, 0.723, 1120.337]
[40, 0.750, 1093.123]
[50, 0.777, 989.108]
[80, 0.820, 714.363]
[100, 0.837, 704.566]
[120, 0.846, 630.176]
[150, 0.859, 507.585]
[180, 0.872, 422.417]
[200, 0.877, 424.097]

dataset: youtube_rgb
attr: [0,1]
sel: [0.4,5]
M: 40
algo: bfann
Final results (ef_search, recall, QPS):
[10, 0.8533, 837.2616302861535]
[12, 0.8726, 772.2177871911721]
[15, 0.8969, 705.9274590085989]
[18, 0.9126, 706.3547277287457]
[20, 0.9217, 558.1028963893333]
[30, 0.9496, 431.3406647018813]
[40, 0.964, 386.8583219793019]
[50, 0.9715, 277.4168738984987]
[80, 0.9829, 224.1274704468684]
[100, 0.9865, 200.90464723815887]
[120, 0.9888, 186.99162272265926]
[150, 0.9908, 158.31504009941796]
[180, 0.9924, 140.37092923271095]
[200, 0.9937, 132.88047418606865]

dataset: youtube_rgb
attr: [0,1]
sel: [0.4,5]
M: 40
algo: navix
efs, recall, qps: 
[10, 0.692, 525.970]
[12, 0.716, 888.385]
[15, 0.749, 838.962]
[18, 0.770, 753.722]
[20, 0.780, 710.986]
[30, 0.812, 530.364]
[40, 0.836, 436.975]
[50, 0.851, 234.202]
[80, 0.881, 205.329]
[100, 0.891, 222.722]
[120, 0.898, 193.763]
[150, 0.910, 162.121]
[180, 0.916, 139.822]
[200, 0.919, 128.024]

dataset: youtube_rgb
attr: [0,1]
sel: [0.4,5]
algo: milvus
dataset: youtube_rgb
attr: [0,1]
sel: [0.667,4]
M: 40
algo: bfann
Final results (ef_search, recall, QPS):
[10, 0.8073, 1063.8440234637458]
[12, 0.8295, 1066.7759986184294]
[15, 0.8578, 1082.8403161230826]
[18, 0.8839, 862.0407304248315]
[20, 0.8931, 818.1665852915858]
[30, 0.932, 580.8973146595446]
[40, 0.9522, 529.2661450437452]
[50, 0.962, 481.243588329966]
[80, 0.979, 319.6563508880338]
[100, 0.9834, 301.89800473846185]
[120, 0.9869, 268.851129958242]
[150, 0.9899, 238.98135909571542]
[180, 0.9914, 215.07414879703862]
[200, 0.992, 198.7630950696393]

dataset: youtube_rgb
attr: [0,1]
sel: [0.667,4]
M: 40
algo: navix
efs, recall, qps: 
[10, 0.659, 718.461]
[12, 0.683, 1131.371]
[15, 0.716, 1109.770]
[18, 0.738, 1007.798]
[20, 0.747, 959.783]
[30, 0.786, 717.372]
[40, 0.813, 485.790]
[50, 0.832, 441.016]
[80, 0.858, 321.920]
[100, 0.872, 197.578]
[120, 0.880, 205.657]
[150, 0.893, 232.612]
[180, 0.901, 207.543]
[200, 0.905, 191.571]

dataset: youtube_rgb
attr: [0,1]
sel: [0.667,4]
algo: milvus
dataset: youtube_rgb
attr: [0,1]
sel: [0.75,2]
M: 40
algo: bfann
Final results (ef_search, recall, QPS):
[10, 0.7865, 1151.559695696186]
[12, 0.8121, 1082.714809995258]
[15, 0.8383, 998.2825263238067]
[18, 0.8604, 1096.693997486729]
[20, 0.8718, 1046.990071788758]
[30, 0.9121, 678.0502086138467]
[40, 0.9362, 573.1523939198322]
[50, 0.9508, 470.7981504384032]
[80, 0.9737, 361.31905838842533]
[100, 0.9812, 306.23849635384295]
[120, 0.9845, 305.39912933334614]
[150, 0.9874, 248.28177666891094]
[180, 0.9913, 233.05972008633586]
[200, 0.9921, 220.50156316601735]

dataset: youtube_rgb
attr: [0,1]
sel: [0.75,2]
M: 40
algo: navix
efs, recall, qps: 
[10, 0.528, 1305.216]
[12, 0.557, 1530.466]
[15, 0.593, 1157.909]
[18, 0.625, 1696.223]
[20, 0.639, 1901.710]
[30, 0.694, 1386.914]
[40, 0.731, 1212.220]
[50, 0.753, 1063.615]
[80, 0.797, 718.170]
[100, 0.819, 671.523]
[120, 0.832, 602.309]
[150, 0.849, 512.630]
[180, 0.859, 404.417]
[200, 0.865, 396.643]

dataset: youtube_rgb
attr: [0,1]
sel: [0.75,2]
algo: milvus
dataset: youtube_rgb
attr: [0,1]
sel: [0.9,1]
M: 40
algo: bfann
Final results (ef_search, recall, QPS):
[10, 0.7723, 1080.2419422341668]
[12, 0.7954, 1042.1819531718027]
[15, 0.8268, 1022.1680333172408]
[18, 0.8515, 954.5595234193786]
[20, 0.8604, 936.6561298628503]
[30, 0.9068, 705.1723856754462]
[40, 0.9259, 594.3220147331299]
[50, 0.9395, 536.818415453516]
[80, 0.9675, 352.623008925743]
[100, 0.9757, 294.60987986983315]
[120, 0.981, 284.58384529042786]
[150, 0.9851, 274.0969034196044]
[180, 0.9883, 244.92188877731755]
[200, 0.9892, 243.5378738687182]

dataset: youtube_rgb
attr: [0,1]
sel: [0.9,1]
M: 40
algo: navix
efs, recall, qps: 
[10, 0.546, 1008.090]
[12, 0.576, 1456.910]
[15, 0.608, 1859.019]
[18, 0.638, 1847.281]
[20, 0.651, 1832.450]
[30, 0.706, 1349.528]
[40, 0.738, 1182.566]
[50, 0.769, 1039.115]
[80, 0.812, 757.100]
[100, 0.826, 679.984]
[120, 0.838, 609.096]
[150, 0.857, 520.727]
[180, 0.867, 461.004]
[200, 0.873, 424.250]

dataset: youtube_rgb
attr: [0,1]
sel: [0.9,1]
algo: milvus
dataset: youtube_rgb
attr: [0,1]
sel: [1.0,0]
M: 40
algo: bfann
Final results (ef_search, recall, QPS):
[10, 0.7537, 1169.9964796649042]
[12, 0.7877, 1120.8635742801566]
[15, 0.8203, 1024.8659817291907]
[18, 0.8434, 1173.430468652737]
[20, 0.8562, 1154.0847346072653]
[30, 0.8949, 900.3422941737865]
[40, 0.9183, 762.7642361880847]
[50, 0.9342, 595.477904529691]
[80, 0.9606, 382.2937016892438]
[100, 0.971, 352.1714320835316]
[120, 0.9775, 303.8820032153805]
[150, 0.9839, 297.5278321582285]
[180, 0.9865, 242.35085711967872]
[200, 0.9887, 242.92093745627275]

dataset: youtube_rgb
attr: [0,1]
sel: [1.0,0]
M: 40
algo: navix
efs, recall, qps: 
[10, 0.584, 1023.543]
[12, 0.614, 1832.373]
[15, 0.638, 1834.254]
[18, 0.661, 1726.646]
[20, 0.672, 1096.969]
[30, 0.723, 584.827]
[40, 0.750, 888.532]
[50, 0.777, 903.980]
[80, 0.820, 645.203]
[100, 0.837, 581.861]
[120, 0.846, 522.278]
[150, 0.859, 448.237]
[180, 0.872, 394.293]
[200, 0.877, 368.326]

dataset: youtube_rgb
attr: [0,1]
sel: [1.0,0]
algo: milvus
dataset: wiki_15_4M
attr: [0,1]
sel: [0.4,5]
algo: milvus
dataset: wiki_15_4M
attr: [0,1]
sel: [0.667,4]
algo: milvus
dataset: wiki_15_4M
attr: [0,1]
sel: [0.75,2]
algo: milvus
dataset: wiki_15_4M
attr: [0,1]
sel: [0.9,1]
algo: milvus
dataset: wiki_15_4M
attr: [0,1]
sel: [1.0,0]
algo: milvus
dataset: sift10m
attr: [0,1]
sel: [0.4,5]
M: 40
algo: bfann
Final results (ef_search, recall, QPS):
[10, 0.8271, 2611.9423247217305]
[12, 0.8595, 2575.105799462054]
[15, 0.8934, 2174.2250154605535]
[18, 0.9179, 1896.406899454766]
[20, 0.9296, 1758.127080655884]
[30, 0.9654, 1177.5901244578185]
[40, 0.98, 921.4892683061864]
[50, 0.9872, 750.6564188194573]
[80, 0.9962, 472.0929863480019]
[100, 0.9974, 380.5743316046615]
[120, 0.9985, 308.55753261321195]
[150, 0.9994, 242.79203336325082]
[180, 0.9998, 201.75234755802353]
[200, 0.9998, 187.756563012919]

dataset: sift10m
attr: [0,1]
sel: [0.4,5]
M: 40
algo: navix
efs, recall, qps: 
[10, 0.717, 1385.046]
[12, 0.746, 1197.733]
[15, 0.776, 1049.135]
[18, 0.802, 919.028]
[20, 0.816, 843.210]
[30, 0.866, 622.659]
[40, 0.895, 491.335]
[50, 0.914, 407.671]
[80, 0.947, 275.203]
[100, 0.959, 227.461]
[120, 0.968, 193.804]
[150, 0.975, 161.137]
[180, 0.980, 137.922]
[200, 0.982, 126.104]

dataset: sift10m
attr: [0,1]
sel: [0.4,5]
algo: milvus
dataset: sift10m
attr: [0,1]
sel: [0.667,4]
M: 40
algo: bfann
Final results (ef_search, recall, QPS):
[10, 0.7718, 3776.8352882487166]
[12, 0.8084, 3897.045187209996]
[15, 0.8445, 3382.1241006048517]
[18, 0.8734, 2943.542676520808]
[20, 0.8902, 2776.8186214763473]
[30, 0.9359, 1932.9542977464787]
[40, 0.9581, 1559.192416197623]
[50, 0.9723, 1300.953901679331]
[80, 0.988, 814.1497274717766]
[100, 0.9925, 696.4298849379975]
[120, 0.9951, 604.1817467077434]
[150, 0.9974, 466.8808552762006]
[180, 0.9991, 394.34044946852043]
[200, 0.999, 362.7139448560833]

dataset: sift10m
attr: [0,1]
sel: [0.667,4]
M: 40
algo: navix
efs, recall, qps: 
[10, 0.674, 2569.657]
[12, 0.702, 2321.363]
[15, 0.734, 2026.717]
[18, 0.762, 1763.080]
[20, 0.778, 1665.893]
[30, 0.831, 1227.560]
[40, 0.862, 981.872]
[50, 0.885, 813.148]
[80, 0.922, 558.457]
[100, 0.937, 455.099]
[120, 0.948, 392.136]
[150, 0.958, 326.554]
[180, 0.964, 278.742]
[200, 0.968, 253.351]

dataset: sift10m
attr: [0,1]
sel: [0.667,4]
algo: milvus
dataset: sift10m
attr: [0,1]
sel: [0.75,2]
M: 40
algo: bfann
Final results (ef_search, recall, QPS):
[10, 0.7504, 2885.4774142107376]
[12, 0.7857, 3201.2016229236438]
[15, 0.8282, 2902.933868567671]
[18, 0.858, 2573.001636074868]
[20, 0.8724, 2473.874907914705]
[30, 0.9258, 1744.3451174145305]
[40, 0.952, 1412.2192895711764]
[50, 0.9671, 1201.179900453059]
[80, 0.9866, 766.7393072389094]
[100, 0.9908, 654.0354759681214]
[120, 0.9931, 559.6870890054145]
[150, 0.9955, 446.8982406335309]
[180, 0.9974, 448.98227890269146]
[200, 0.9981, 372.8739214754567]

dataset: sift10m
attr: [0,1]
sel: [0.75,2]
M: 40
algo: navix
efs, recall, qps: 
[10, 0.527, 655.896]
[12, 0.564, 3847.269]
[15, 0.605, 3425.616]
[18, 0.635, 3149.021]
[20, 0.656, 3019.605]
[30, 0.729, 2271.410]
[40, 0.773, 1928.806]
[50, 0.804, 516.420]
[80, 0.863, 677.970]
[100, 0.887, 872.086]
[120, 0.903, 782.660]
[150, 0.920, 661.138]
[180, 0.931, 577.385]
[200, 0.938, 541.609]

dataset: sift10m
attr: [0,1]
sel: [0.75,2]
algo: milvus
dataset: sift10m
attr: [0,1]
sel: [0.9,1]
M: 40
algo: bfann
Final results (ef_search, recall, QPS):
[10, 0.7393, 3944.8624571119003]
[12, 0.781, 4707.6919278026635]
[15, 0.8153, 4168.757851883657]
[18, 0.8421, 3756.2400201321307]
[20, 0.8604, 3590.20528767923]
[30, 0.9151, 2505.718107429806]
[40, 0.9427, 2071.202934040869]
[50, 0.9596, 1779.591843661841]
[80, 0.9834, 1138.1856399822093]
[100, 0.9885, 1000.0681923635044]
[120, 0.9921, 869.5563117147946]
[150, 0.9955, 701.810184311379]
[180, 0.9969, 601.12887661685]
[200, 0.9976, 562.5400935004236]

dataset: sift10m
attr: [0,1]
sel: [0.9,1]
M: 40
algo: navix
efs, recall, qps: 
[10, 0.548, 5435.000]
[12, 0.581, 4968.501]
[15, 0.620, 4420.128]
[18, 0.651, 4056.206]
[20, 0.668, 3809.426]
[30, 0.734, 2967.751]
[40, 0.777, 2466.881]
[50, 0.811, 2105.709]
[80, 0.868, 1481.359]
[100, 0.886, 1240.279]
[120, 0.902, 1071.217]
[150, 0.921, 892.069]
[180, 0.934, 762.289]
[200, 0.941, 703.319]

dataset: sift10m
attr: [0,1]
sel: [0.9,1]
algo: milvus
dataset: sift10m
attr: [0,1]
sel: [1.0,0]
M: 40
algo: bfann
Final results (ef_search, recall, QPS):
[10, 0.7362, 4685.043574225862]
[12, 0.7683, 5189.788464013145]
[15, 0.8105, 4538.410848980555]
[18, 0.839, 4045.935499304987]
[20, 0.8512, 3857.78196373911]
[30, 0.9083, 2839.7300488555243]
[40, 0.9395, 2324.068209838064]
[50, 0.9565, 1986.9921610929275]
[80, 0.9798, 1309.0003008547521]
[100, 0.987, 1130.7977153826141]
[120, 0.9918, 973.1834761060633]
[150, 0.9952, 789.6794085025778]
[180, 0.9965, 679.6302327653955]
[200, 0.9972, 653.0486160545519]

dataset: sift10m
attr: [0,1]
sel: [1.0,0]
M: 40
algo: navix
efs, recall, qps: 
[10, 0.586, 1046.510]
[12, 0.614, 4067.949]
[15, 0.654, 3594.177]
[18, 0.683, 3525.034]
[20, 0.699, 3391.433]
[30, 0.761, 2546.908]
[40, 0.803, 2140.905]
[50, 0.833, 1852.798]
[80, 0.884, 1305.875]
[100, 0.904, 1107.048]
[120, 0.917, 948.746]
[150, 0.933, 803.480]
[180, 0.944, 691.857]
[200, 0.949, 634.948]

dataset: sift10m
attr: [0,1]
sel: [1.0,0]
algo: milvus
dataset: Redcaps_4M
attr: [0,1]
sel: [0.4,5]
M: 40
algo: bfann
Final results (ef_search, recall, QPS):
[10, 0.9198, 1901.9009468912022]
[12, 0.9338, 2133.139123584431]
[15, 0.9519, 1829.6155512157075]
[18, 0.9612, 1648.0501058934935]
[20, 0.9669, 1575.0728427778906]
[30, 0.9814, 1018.5857789115084]
[40, 0.9881, 819.1355250748818]
[50, 0.9907, 695.9902814009664]
[80, 0.9957, 452.2004631646132]
[100, 0.9969, 394.32992041111135]
[120, 0.9973, 342.69927776908975]
[150, 0.998, 280.2522541833337]
[180, 0.9983, 240.54971662899914]
[200, 0.9985, 219.3843571251518]

dataset: Redcaps_4M
attr: [0,1]
sel: [0.4,5]
M: 40
algo: navix
efs, recall, qps: 
[10, 0.869, 1596.390]
[12, 0.884, 1425.930]
[15, 0.899, 1231.779]
[18, 0.915, 1078.991]
[20, 0.923, 998.876]
[30, 0.944, 740.083]
[40, 0.956, 593.622]
[50, 0.964, 494.856]
[80, 0.977, 342.704]
[100, 0.981, 288.242]
[120, 0.984, 247.135]
[150, 0.988, 209.470]
[180, 0.990, 181.715]
[200, 0.991, 166.507]

dataset: Redcaps_4M
attr: [0,1]
sel: [0.4,5]
algo: milvus
dataset: Redcaps_4M
attr: [0,1]
sel: [0.667,4]
M: 40
algo: bfann
Final results (ef_search, recall, QPS):
[10, 0.8972, 2584.266935302508]
[12, 0.9162, 2787.6927698711734]
[15, 0.9342, 2463.0490148811637]
[18, 0.9485, 2261.3095019872635]
[20, 0.9537, 2134.5482174964286]
[30, 0.9738, 1549.0901140201331]
[40, 0.984, 1306.0053207919411]
[50, 0.9873, 1128.2092388636415]
[80, 0.9926, 745.8803942814291]

dataset: Redcaps_4M
attr: [0,1]
sel: [0.667,4]
M: 40
algo: navix
efs, recall, qps: 
[10, 0.846, 1817.493]
[12, 0.863, 1846.610]
[15, 0.881, 1192.658]
[18, 0.897, 654.793]
[20, 0.902, 1152.965]
[30, 0.928, 795.227]
[40, 0.942, 689.863]
[50, 0.951, 605.407]
[80, 0.968, 405.220]
[100, 0.973, 364.296]
[120, 0.976, 313.303]
[150, 0.980, 273.046]
[180, 0.983, 238.444]
[200, 0.984, 221.147]

dataset: Redcaps_4M
attr: [0,1]
sel: [0.667,4]
algo: milvus
dataset: Redcaps_4M
attr: [0,1]
sel: [0.75,2]
M: 40
algo: bfann
Final results (ef_search, recall, QPS):
[10, 0.9125, 2869.98618483041]
[12, 0.9263, 3075.623017837174]
[15, 0.9397, 2720.8690580987345]
[18, 0.9504, 2502.812924415038]
[20, 0.9561, 2358.5474560011517]
[30, 0.9715, 1773.4968124614427]
[40, 0.98, 1495.2918121059947]
[50, 0.9833, 1288.0214396726685]
[80, 0.9909, 875.6158249930743]

dataset: Redcaps_4M
attr: [0,1]
sel: [0.75,2]
M: 40
algo: navix
efs, recall, qps: 
[10, 0.772, 3288.629]
[12, 0.797, 3263.270]
[15, 0.817, 3040.305]
[18, 0.831, 2779.767]
[20, 0.843, 2634.352]
[30, 0.879, 1926.616]
[40, 0.900, 1612.036]
[50, 0.915, 1388.068]
[80, 0.944, 937.072]
[100, 0.952, 826.213]
[120, 0.958, 724.853]
[150, 0.967, 602.550]
[180, 0.971, 513.723]
[200, 0.974, 362.262]

dataset: Redcaps_4M
attr: [0,1]
sel: [0.75,2]
algo: milvus
dataset: Redcaps_4M
attr: [0,1]
sel: [0.9,1]
M: 40
algo: bfann
Final results (ef_search, recall, QPS):
[10, 0.9277, 2206.9778381603746]
[12, 0.9383, 2318.7823791946103]
[15, 0.9495, 2069.612698625737]
[18, 0.9576, 1926.40066137718]
[20, 0.9624, 1831.6937790684979]
[30, 0.9755, 1373.7799333925516]
[40, 0.9837, 1171.6649705666352]
[50, 0.9876, 1025.797650276779]
[80, 0.9933, 706.6953435454698]

dataset: Redcaps_4M
attr: [0,1]
sel: [0.9,1]
M: 40
algo: navix
efs, recall, qps: 
[10, 0.796, 2697.680]
[12, 0.811, 2927.560]
[15, 0.827, 3081.937]
[18, 0.845, 2836.809]
[20, 0.855, 2742.137]
[30, 0.886, 1933.895]
[40, 0.907, 1673.175]
[50, 0.919, 1447.803]
[80, 0.943, 837.218]
[100, 0.954, 712.573]
[120, 0.960, 686.993]
[150, 0.966, 591.923]
[180, 0.970, 485.726]
[200, 0.973, 471.469]

dataset: Redcaps_4M
attr: [0,1]
sel: [0.9,1]
algo: milvus
dataset: Redcaps_4M
attr: [0,1]
sel: [1.0,0]
M: 40
algo: bfann
Final results (ef_search, recall, QPS):
[10, 0.9426, 2678.1720533782172]
[12, 0.9504, 3025.4773762053424]
[15, 0.9597, 2683.3464803942456]
[18, 0.9684, 2434.3001343004826]
[20, 0.9704, 2353.95296812853]
[30, 0.9799, 1807.4658355971703]
[40, 0.9863, 1550.9402957148488]
[50, 0.9894, 1357.1642823098337]
[80, 0.994, 933.9578863174621]

dataset: Redcaps_4M
attr: [0,1]
sel: [1.0,0]
M: 40
algo: navix
efs, recall, qps: 
[10, 0.828, 4099.731]
[12, 0.843, 978.874]
[15, 0.856, 2864.745]
[18, 0.865, 3028.877]
[20, 0.872, 2780.001]
[30, 0.903, 2138.237]
[40, 0.919, 1939.385]
[50, 0.934, 1427.461]
[80, 0.951, 857.775]
[100, 0.959, 853.603]
[120, 0.965, 834.778]
[150, 0.971, 682.783]
[180, 0.975, 625.039]
[200, 0.976, 562.818]

dataset: Redcaps_4M
attr: [0,1]
sel: [1.0,0]
algo: milvus
dataset: youtube_rgb
attr: [0,1]
sel: [0.1,9]
M: 40
algo: bfann
Final results (ef_search, recall, QPS):
[10, 0.9137, 186.79256719224136]
[12, 0.9204, 163.74577581939081]
[15, 0.9329, 139.29159714768488]
[18, 0.9407, 120.87670006203055]
[20, 0.9449, 110.88743118881375]
[30, 0.9573, 73.44937867625234]
[40, 0.9622, 58.65917830377476]
[50, 0.9669, 48.03553263169738]
[80, 0.9731, 33.63092378734628]
[100, 0.9759, 28.299253971976956]
[120, 0.9766, 25.484298423152715]
[150, 0.9776, 19.518355135711865]
[180, 0.9782, 16.420345279721136]
[200, 0.9784, 15.153157549695973]

dataset: youtube_rgb
attr: [0,1]
sel: [0.1,9]
M: 40
algo: navix
efs, recall, qps: 
[10, 0.409, 893.389]
[12, 0.434, 860.035]
[15, 0.471, 772.254]
[18, 0.503, 684.717]
[20, 0.522, 645.706]
[30, 0.594, 474.735]
[40, 0.638, 388.868]
[50, 0.667, 327.583]
[80, 0.731, 225.973]
[100, 0.756, 188.871]
[120, 0.777, 161.731]
[150, 0.801, 134.491]
[180, 0.815, 114.490]
[200, 0.826, 104.124]

dataset: youtube_rgb
attr: [0,1]
sel: [0.1,9]
algo: milvus
dataset: youtube_rgb
attr: [0,1]
sel: [0.1,8]
M: 40
algo: bfann
Final results (ef_search, recall, QPS):
[10, 0.9142, 240.3626657301951]
[12, 0.9259, 265.92181831184723]
[15, 0.9394, 228.7974071070212]
[18, 0.9474, 203.799986900216]
[20, 0.9508, 189.67511378777536]
[30, 0.9628, 137.36343865786586]
[40, 0.969, 110.6659815055034]
[50, 0.9724, 91.62137391386901]
[80, 0.9785, 63.42039952107007]
[100, 0.9804, 52.506188871778114]
[120, 0.9818, 47.388574335596]
[150, 0.983, 39.47006739858354]
[180, 0.9842, 33.72344364763508]
[200, 0.9844, 30.33430567239476]

dataset: youtube_rgb
attr: [0,1]
sel: [0.1,8]
M: 40
algo: navix
efs, recall, qps: 
[10, 0.545, 1001.532]
[12, 0.574, 570.128]
[15, 0.607, 404.654]
[18, 0.632, 599.089]
[20, 0.649, 572.228]
[30, 0.701, 424.068]
[40, 0.749, 354.923]
[50, 0.775, 310.143]
[80, 0.818, 219.292]
[100, 0.838, 186.467]
[120, 0.850, 162.360]
[150, 0.864, 135.618]
[180, 0.875, 116.767]
[200, 0.883, 106.535]

dataset: youtube_rgb
attr: [0,1]
sel: [0.1,8]
algo: milvus
dataset: youtube_rgb
attr: [0,1]
sel: [0.15,8]
M: 40
algo: bfann
Final results (ef_search, recall, QPS):
[10, 0.9097, 438.1745887396457]
[12, 0.9225, 361.21892302038776]
[15, 0.934, 278.49542365054214]
[18, 0.9424, 250.16848168817728]
[20, 0.9469, 223.7479438579533]
[30, 0.9596, 168.098189801083]
[40, 0.9678, 135.0621886674292]
[50, 0.9719, 114.34920118395463]
[80, 0.9779, 78.32945869657762]
[100, 0.98, 66.03388101796398]
[120, 0.9815, 57.9702653442867]
[150, 0.9831, 48.37017472707083]
[180, 0.9839, 41.54125094380893]
[200, 0.9846, 38.289404523142586]

dataset: youtube_rgb
attr: [0,1]
sel: [0.15,8]
M: 40
algo: navix
efs, recall, qps: 
[10, 0.591, 858.403]
[12, 0.624, 807.103]
[15, 0.652, 755.288]
[18, 0.681, 666.359]
[20, 0.697, 622.807]
[30, 0.754, 473.505]
[40, 0.781, 390.398]
[50, 0.802, 332.634]
[80, 0.841, 235.773]
[100, 0.858, 197.336]
[120, 0.870, 172.263]
[150, 0.887, 143.148]
[180, 0.897, 122.548]
[200, 0.904, 112.780]

dataset: youtube_rgb
attr: [0,1]
sel: [0.15,8]
algo: milvus
dataset: youtube_rgb
attr: [0,1]
sel: [0.177,7]
M: 40
algo: bfann
Final results (ef_search, recall, QPS):
[10, 0.9025, 580.5567986038857]
[12, 0.9173, 523.203073027693]
[15, 0.9328, 451.96632588461904]
[18, 0.943, 382.32739930199773]
[20, 0.9477, 353.13951022241207]
[30, 0.964, 253.14783782209656]
[40, 0.9721, 202.8505056120082]
[50, 0.9764, 173.32711373500874]
[80, 0.9828, 118.07250167728778]
[100, 0.9857, 100.0678212154792]
[120, 0.9862, 86.29845315164869]
[150, 0.9873, 72.46296838842947]
[180, 0.9882, 62.91737020434018]
[200, 0.9887, 57.770539980968785]

dataset: youtube_rgb
attr: [0,1]
sel: [0.177,7]
M: 40
algo: navix
efs, recall, qps: 
[10, 0.659, 814.091]
[12, 0.685, 760.369]
[15, 0.717, 665.067]
[18, 0.739, 594.466]
[20, 0.751, 559.114]
[30, 0.799, 429.315]
[40, 0.826, 353.467]
[50, 0.846, 304.083]
[80, 0.878, 216.313]
[100, 0.889, 184.693]
[120, 0.897, 161.577]
[150, 0.908, 135.209]
[180, 0.915, 117.887]
[200, 0.918, 110.853]

dataset: youtube_rgb
attr: [0,1]
sel: [0.177,7]
algo: milvus
dataset: youtube_rgb
attr: [0,1]
sel: [0.233,7]
M: 40
algo: bfann
Final results (ef_search, recall, QPS):
[10, 0.8946, 668.4324498680124]
[12, 0.9111, 602.8941709936353]
[15, 0.9288, 520.5352014650379]
[18, 0.9396, 455.11525929706823]
[20, 0.9432, 414.7197640876342]
[30, 0.9593, 298.464159535961]
[40, 0.9685, 237.39456333405045]
[50, 0.9738, 202.4857109229213]
[80, 0.9829, 138.6625023765804]
[100, 0.9859, 116.85862755226975]
[120, 0.9878, 101.81562158386194]
[150, 0.9891, 85.60536793700261]
[180, 0.99, 73.88483123295897]

dataset: youtube_rgb
attr: [0,1]
sel: [0.233,7]
M: 40
algo: navix
efs, recall, qps: 
[10, 0.682, 904.375]
[12, 0.707, 808.024]
[15, 0.733, 333.803]
[18, 0.757, 314.053]
[20, 0.768, 519.556]
[30, 0.815, 377.764]
[40, 0.839, 309.602]
[50, 0.857, 267.856]
[80, 0.882, 190.834]
[100, 0.893, 165.957]
[120, 0.899, 144.641]
[150, 0.909, 121.255]
[180, 0.916, 106.278]
[200, 0.920, 97.687]

dataset: youtube_rgb
attr: [0,1]
sel: [0.233,7]
algo: milvus
dataset: youtube_rgb
attr: [0,1]
sel: [0.333,7]
M: 40
algo: bfann
Final results (ef_search, recall, QPS):
[10, 0.8835, 770.1829685481837]
[12, 0.904, 710.8628374828398]
[15, 0.9257, 604.8972066562137]
[18, 0.9396, 516.9450539807307]
[20, 0.9438, 483.6547163179777]
[30, 0.9633, 349.8866496135009]
[40, 0.9723, 283.70353600612657]
[50, 0.9783, 244.37225672841657]
[80, 0.9865, 168.11642882294362]
[100, 0.9897, 144.02568347406526]
[120, 0.9913, 125.73197067821606]

dataset: youtube_rgb
attr: [0,1]
sel: [0.333,7]
M: 40
algo: navix
efs, recall, qps: 
[10, 0.709, 903.198]
[12, 0.732, 811.788]
[15, 0.756, 705.381]
[18, 0.778, 543.854]
[20, 0.792, 231.088]
[30, 0.827, 326.607]
[40, 0.850, 323.670]
[50, 0.865, 280.621]
[80, 0.893, 198.425]
[100, 0.902, 173.675]
[120, 0.908, 152.111]
[150, 0.918, 127.688]
[180, 0.923, 111.227]
[200, 0.926, 101.906]

dataset: youtube_rgb
attr: [0,1]
sel: [0.333,7]
algo: milvus
dataset: wiki_15_4M
attr: [0,1]
sel: [0.1,9]
algo: milvus
dataset: wiki_15_4M
attr: [0,1]
sel: [0.1,8]
algo: milvus
dataset: wiki_15_4M
attr: [0,1]
sel: [0.15,8]
algo: milvus
dataset: wiki_15_4M
attr: [0,1]
sel: [0.177,7]
algo: milvus
dataset: wiki_15_4M
attr: [0,1]
sel: [0.233,7]
algo: milvus
dataset: wiki_15_4M
attr: [0,1]
sel: [0.333,7]
algo: milvus
dataset: sift10m
attr: [0,1]
sel: [0.1,9]
M: 40
algo: bfann
Final results (ef_search, recall, QPS):
[10, 0.9671, 207.97199949741264]
[12, 0.9755, 205.6992007983336]
[15, 0.9819, 215.3300936905514]
[18, 0.9865, 189.51779575962752]
[20, 0.9882, 167.44477866654233]
[30, 0.9935, 106.15228098744937]

dataset: sift10m
attr: [0,1]
sel: [0.1,9]
M: 40
algo: navix
efs, recall, qps: 
[10, 0.419, 191.540]
[12, 0.454, 339.178]
[15, 0.494, 291.920]
[18, 0.529, 250.273]
[20, 0.548, 244.602]
[30, 0.626, 150.780]
[40, 0.677, 132.406]
[50, 0.716, 117.924]
[80, 0.789, 73.948]
[100, 0.819, 71.980]
[120, 0.845, 62.790]
[150, 0.870, 51.850]
[180, 0.889, 48.508]
[200, 0.898, 42.854]

dataset: sift10m
attr: [0,1]
sel: [0.1,9]
algo: milvus
dataset: sift10m
attr: [0,1]
sel: [0.1,8]
M: 40
algo: bfann
Final results (ef_search, recall, QPS):
[10, 0.9511, 166.34794215064764]
[12, 0.9622, 266.5436358899078]
[15, 0.9734, 239.74108010904285]
[18, 0.9808, 134.03328533218752]
[20, 0.9837, 184.6680126406968]
[30, 0.9908, 94.07610236460663]

dataset: sift10m
attr: [0,1]
sel: [0.1,8]
M: 40
algo: navix
efs, recall, qps: 
[10, 0.552, 211.186]
[12, 0.586, 304.617]
[15, 0.628, 348.543]
[18, 0.662, 315.619]
[20, 0.679, 299.440]
[30, 0.743, 201.869]
[40, 0.787, 147.133]
[50, 0.820, 139.880]
[80, 0.880, 101.426]
[100, 0.903, 84.113]
[120, 0.918, 64.503]
[150, 0.934, 57.572]
[180, 0.946, 50.703]
[200, 0.951, 44.385]

dataset: sift10m
attr: [0,1]
sel: [0.1,8]
algo: milvus
dataset: sift10m
attr: [0,1]
sel: [0.15,8]
M: 40
algo: bfann
Final results (ef_search, recall, QPS):
[10, 0.9438, 550.1414143957927]
[12, 0.9568, 515.2324040740947]
[15, 0.9704, 405.50734583160636]
[18, 0.9776, 342.5433017588577]
[20, 0.9818, 323.52093616501367]
[30, 0.9917, 183.48004038018124]

dataset: sift10m
attr: [0,1]
sel: [0.15,8]
M: 40
algo: navix
efs, recall, qps: 
[10, 0.604, 694.335]
[12, 0.636, 624.442]
[15, 0.676, 514.366]
[18, 0.708, 480.747]
[20, 0.727, 442.336]
[30, 0.792, 329.067]
[40, 0.831, 260.148]
[50, 0.860, 216.612]
[80, 0.904, 151.442]
[100, 0.921, 123.808]
[120, 0.933, 108.358]
[150, 0.949, 87.062]
[180, 0.958, 75.819]
[200, 0.962, 69.346]

dataset: sift10m
attr: [0,1]
sel: [0.15,8]
algo: milvus
dataset: sift10m
attr: [0,1]
sel: [0.177,7]
M: 40
algo: bfann
Final results (ef_search, recall, QPS):
[10, 0.9177, 1205.6013571661397]
[12, 0.9383, 1217.3369419310836]
[15, 0.9574, 986.3556963204121]
[18, 0.9688, 826.6161351894389]
[20, 0.9727, 758.819598198504]
[30, 0.9874, 482.35728422861206]
[40, 0.9923, 371.44916045201575]

dataset: sift10m
attr: [0,1]
sel: [0.177,7]
M: 40
algo: navix
efs, recall, qps: 
[10, 0.674, 295.635]
[12, 0.704, 354.904]
[15, 0.742, 303.722]
[18, 0.766, 272.395]
[20, 0.783, 252.738]
[30, 0.840, 175.988]
[40, 0.873, 145.243]
[50, 0.894, 136.578]
[80, 0.934, 85.530]
[100, 0.948, 73.547]
[120, 0.960, 58.369]
[150, 0.968, 55.576]
[180, 0.975, 51.144]
[200, 0.978, 54.710]

dataset: sift10m
attr: [0,1]
sel: [0.177,7]
algo: milvus
dataset: sift10m
attr: [0,1]
sel: [0.233,7]
M: 40
algo: bfann
Final results (ef_search, recall, QPS):
[10, 0.9086, 1659.7669055228164]
[12, 0.9289, 1579.3769557211551]
[15, 0.951, 1278.7835789747119]
[18, 0.9651, 1075.5546757081247]
[20, 0.9706, 983.147070860686]
[30, 0.9846, 628.2248108946717]
[40, 0.9905, 481.42968513979963]

dataset: sift10m
attr: [0,1]
sel: [0.233,7]
M: 40
algo: navix
efs, recall, qps: 
[10, 0.709, 791.285]
[12, 0.738, 697.450]
[15, 0.769, 605.197]
[18, 0.795, 533.122]
[20, 0.807, 491.110]
[30, 0.858, 364.905]
[40, 0.886, 291.325]
[50, 0.906, 244.430]
[80, 0.939, 165.665]
[100, 0.951, 139.802]
[120, 0.961, 120.141]
[150, 0.969, 100.195]
[180, 0.976, 85.469]
[200, 0.978, 77.302]

dataset: sift10m
attr: [0,1]
sel: [0.233,7]
algo: milvus
dataset: sift10m
attr: [0,1]
sel: [0.333,7]
M: 40
algo: bfann
Final results (ef_search, recall, QPS):
[10, 0.8867, 2006.9784578871313]
[12, 0.9106, 1931.3059314053905]
[15, 0.9373, 1589.8198258981604]
[18, 0.9539, 1348.7306001384004]
[20, 0.961, 1239.6108837867753]
[30, 0.9814, 807.1965769955642]
[40, 0.9899, 627.8418863230502]
[50, 0.9933, 481.7864274036431]

dataset: sift10m
attr: [0,1]
sel: [0.333,7]
M: 40
algo: navix
efs, recall, qps: 
[10, 0.723, 869.429]
[12, 0.750, 765.732]
[15, 0.783, 658.112]
[18, 0.808, 575.058]
[20, 0.821, 531.557]
[30, 0.870, 390.699]
[40, 0.899, 311.504]
[50, 0.915, 260.676]
[80, 0.944, 177.729]
[100, 0.955, 148.301]
[120, 0.965, 127.659]
[150, 0.972, 106.399]
[180, 0.979, 91.643]
[200, 0.981, 83.942]

dataset: sift10m
attr: [0,1]
sel: [0.333,7]
algo: milvus
dataset: Redcaps_4M
attr: [0,1]
sel: [0.1,9]
M: 40
algo: bfann
Final results (ef_search, recall, QPS):
[10, 0.9751, 333.45528930357096]
[12, 0.9806, 310.1919589635577]
[15, 0.985, 223.71637763617093]
[18, 0.9885, 162.76851268380855]
[20, 0.9892, 138.94823741663794]
[30, 0.9928, 115.33018958067537]

dataset: Redcaps_4M
attr: [0,1]
sel: [0.1,9]
M: 40
algo: navix
efs, recall, qps: 
[10, 0.580, 568.256]
[12, 0.613, 374.283]
[15, 0.653, 470.278]
[18, 0.681, 438.071]
[20, 0.700, 430.568]
[30, 0.757, 306.047]
[40, 0.795, 254.123]
[50, 0.821, 217.280]
[80, 0.871, 146.426]
[100, 0.892, 124.310]
[120, 0.903, 108.329]
[150, 0.919, 90.402]
[180, 0.931, 78.111]
[200, 0.935, 72.050]

dataset: Redcaps_4M
attr: [0,1]
sel: [0.1,9]
algo: milvus
dataset: Redcaps_4M
attr: [0,1]
sel: [0.1,8]
M: 40
algo: bfann
Final results (ef_search, recall, QPS):
[10, 0.9703, 337.32922337304933]
[12, 0.9766, 393.260266358732]
[15, 0.9818, 255.2534646290226]
[18, 0.9851, 166.50025787011984]
[20, 0.988, 201.19085416403945]
[30, 0.9925, 155.79073108620688]

dataset: Redcaps_4M
attr: [0,1]
sel: [0.1,8]
M: 40
algo: navix
efs, recall, qps: 
[10, 0.707, 1046.100]
[12, 0.739, 933.463]
[15, 0.775, 804.815]
[18, 0.801, 707.960]
[20, 0.813, 654.305]
[30, 0.860, 490.517]
[40, 0.891, 391.517]
[50, 0.910, 327.644]
[80, 0.941, 226.930]
[100, 0.953, 191.472]
[120, 0.961, 165.293]
[150, 0.967, 138.910]
[180, 0.973, 119.961]
[200, 0.976, 110.146]

dataset: Redcaps_4M
attr: [0,1]
sel: [0.1,8]
algo: milvus
dataset: Redcaps_4M
attr: [0,1]
sel: [0.15,8]
M: 40
algo: bfann
Final results (ef_search, recall, QPS):
[10, 0.9635, 433.48811616556804]
[12, 0.9717, 510.7672875924085]
[15, 0.9774, 418.23108055340504]
[18, 0.9832, 241.9100953289704]
[20, 0.986, 203.7343935173442]
[30, 0.9937, 180.11741481619887]

dataset: Redcaps_4M
attr: [0,1]
sel: [0.15,8]
M: 40
algo: navix
efs, recall, qps: 
[10, 0.766, 1047.246]
[12, 0.793, 928.593]
[15, 0.824, 801.681]
[18, 0.846, 703.681]
[20, 0.861, 650.171]
[30, 0.900, 483.689]
[40, 0.922, 389.649]
[50, 0.935, 330.960]
[80, 0.960, 230.423]
[100, 0.969, 194.294]
[120, 0.973, 167.031]
[150, 0.979, 139.641]
[180, 0.982, 120.920]
[200, 0.983, 111.349]

dataset: Redcaps_4M
attr: [0,1]
sel: [0.15,8]
algo: milvus
dataset: Redcaps_4M
attr: [0,1]
sel: [0.177,7]
M: 40
algo: bfann
Final results (ef_search, recall, QPS):
[10, 0.9556, 1126.1215763378034]
[12, 0.9668, 1077.8772856011017]
[15, 0.9775, 883.0552423236186]
[18, 0.9829, 758.811086739896]
[20, 0.9855, 707.9461277529032]
[30, 0.9924, 477.2690084152108]

dataset: Redcaps_4M
attr: [0,1]
sel: [0.177,7]
M: 40
algo: navix
efs, recall, qps: 
[10, 0.824, 1036.126]
[12, 0.842, 918.753]
[15, 0.870, 767.199]
[18, 0.883, 695.415]
[20, 0.893, 658.169]
[30, 0.925, 489.950]
[40, 0.943, 395.923]
[50, 0.954, 335.798]
[80, 0.971, 234.198]
[100, 0.977, 198.334]
[120, 0.979, 170.338]
[150, 0.983, 142.388]
[180, 0.985, 123.331]
[200, 0.987, 113.671]

dataset: Redcaps_4M
attr: [0,1]
sel: [0.177,7]
algo: milvus
dataset: Redcaps_4M
attr: [0,1]
sel: [0.233,7]
M: 40
algo: bfann
Final results (ef_search, recall, QPS):
[10, 0.9487, 749.5865420186615]
[12, 0.9602, 841.5167953093554]
[15, 0.9705, 697.3453087142061]
[18, 0.9771, 608.23737926406]
[20, 0.9799, 577.1795031634548]
[30, 0.9904, 349.02131746580295]

dataset: Redcaps_4M
attr: [0,1]
sel: [0.233,7]
M: 40
algo: navix
efs, recall, qps: 
[10, 0.838, 1073.312]
[12, 0.861, 954.857]
[15, 0.884, 823.859]
[18, 0.899, 731.144]
[20, 0.908, 677.725]
[30, 0.936, 504.951]
[40, 0.950, 408.583]
[50, 0.964, 345.452]
[80, 0.974, 241.557]
[100, 0.978, 203.305]
[120, 0.981, 175.620]
[150, 0.985, 147.607]
[180, 0.986, 127.593]
[200, 0.987, 117.333]

dataset: Redcaps_4M
attr: [0,1]
sel: [0.233,7]
algo: milvus
dataset: Redcaps_4M
attr: [0,1]
sel: [0.333,7]
M: 40
algo: bfann
Final results (ef_search, recall, QPS):
[10, 0.9434, 1669.556134855648]
[12, 0.9577, 1577.67432902921]
[15, 0.9674, 1330.6016840376806]
[18, 0.9745, 1154.5056450793795]
[20, 0.9784, 1069.923924586289]
[30, 0.9904, 734.4490289217813]

dataset: Redcaps_4M
attr: [0,1]
sel: [0.333,7]
M: 40
algo: navix
efs, recall, qps: 
[10, 0.859, 1143.238]
[12, 0.880, 971.720]
[15, 0.898, 833.539]
[18, 0.911, 759.841]
[20, 0.919, 707.761]
[30, 0.946, 522.728]
[40, 0.961, 425.487]
[50, 0.969, 359.598]
[80, 0.979, 250.194]
[100, 0.983, 210.735]
[120, 0.985, 182.504]
[150, 0.987, 152.659]
[180, 0.990, 132.336]
[200, 0.991, 121.692]

dataset: Redcaps_4M
attr: [0,1]
sel: [0.333,7]
algo: milvus
dataset: Redcaps_4M
attr: [0,1]
sel: [0.333,7]
algo: milvus
dataset: Redcaps_4M
attr: [0,1]
sel: [0.333,7]
algo: milvus
dataset: youtube_rgb
attr: [0,1]
sel: [0.4,5]
M: 40
algo: navix
efs, recall, qps: 
[300, 0.932, 56.708]
[400, 0.939, 59.201]
[600, 0.949, 49.181]
[800, 0.957, 37.748]
[1000, 0.961, 31.658]
[1200, 0.966, 26.002]
[1500, 0.969, 20.822]
[2000, 0.974, 12.801]
[2500, 0.978, 8.828]
[3000, 0.981, 8.358]
[4000, 0.987, 7.026]

dataset: youtube_rgb
attr: [0,1]
sel: [0.4,5]
M: 40
algo: acorn
efs, recall, qps: 
[400, 0.898, 100.668]
[600, 0.915, 72.870]
[800, 0.922, 56.265]
[1000, 0.933, 46.512]
[1200, 0.936, 39.197]
[1500, 0.937, 31.712]
[2000, 0.940, 23.924]
[2500, 0.942, 19.209]
[3000, 0.942, 15.860]
[4000, 0.947, 11.789]

dataset: youtube_rgb
attr: [0,1]
sel: [0.667,4]
M: 40
algo: navix
efs, recall, qps: 
[300, 0.919, 106.883]
[400, 0.927, 83.295]
[600, 0.938, 61.654]
[800, 0.943, 48.273]
[1000, 0.949, 42.766]
[1200, 0.952, 33.268]
[1500, 0.958, 26.877]
[2000, 0.963, 17.707]
[2500, 0.966, 19.214]
[3000, 0.970, 19.187]
[4000, 0.974, 14.542]

dataset: youtube_rgb
attr: [0,1]
sel: [0.667,4]
M: 40
algo: acorn
efs, recall, qps: 
[400, 0.957, 84.278]
[600, 0.967, 62.147]
[800, 0.972, 49.237]
[1000, 0.975, 40.763]
[1200, 0.977, 35.788]
[1500, 0.981, 29.485]
[2000, 0.982, 22.541]
[2500, 0.984, 18.104]
[3000, 0.985, 14.932]
[4000, 0.985, 11.062]

dataset: youtube_rgb
attr: [0,1]
sel: [0.75,2]
M: 40
algo: navix
efs, recall, qps: 
[300, 0.886, 191.449]
[400, 0.899, 246.978]
[600, 0.914, 180.486]
[800, 0.924, 146.428]
[1000, 0.929, 122.932]
[1200, 0.933, 105.553]
[1500, 0.937, 86.715]
[2000, 0.945, 67.205]
[2500, 0.950, 54.839]
[3000, 0.955, 45.780]
[4000, 0.962, 34.636]

dataset: youtube_rgb
attr: [0,1]
sel: [0.75,2]
M: 40
algo: acorn
efs, recall, qps: 
[400, 0.967, 78.345]
[600, 0.978, 58.131]
[800, 0.979, 46.311]
[1000, 0.981, 38.445]
[1200, 0.982, 32.830]
[1500, 0.985, 27.291]
[2000, 0.986, 20.947]
[2500, 0.986, 17.061]
[3000, 0.986, 14.213]
[4000, 0.986, 10.561]

dataset: youtube_rgb
attr: [0,1]
sel: [0.9,1]
M: 40
algo: navix
efs, recall, qps: 
[300, 0.896, 336.845]
[400, 0.904, 275.066]
[600, 0.920, 203.619]
[800, 0.926, 111.300]
[1000, 0.931, 108.108]
[1200, 0.935, 118.812]
[1500, 0.939, 99.908]
[2000, 0.945, 77.326]
[2500, 0.950, 63.124]
[3000, 0.952, 53.030]
[4000, 0.959, 39.301]

dataset: youtube_rgb
attr: [0,1]
sel: [0.9,1]
M: 40
algo: acorn
efs, recall, qps: 
[400, 0.979, 56.157]
[600, 0.986, 40.612]
[800, 0.990, 36.810]
[1000, 0.992, 32.763]

dataset: youtube_rgb
attr: [0,1]
sel: [1.0,0]
M: 40
algo: navix
efs, recall, qps: 
[300, 0.897, 300.205]
[400, 0.909, 242.394]
[600, 0.922, 181.647]
[800, 0.930, 146.792]
[1000, 0.935, 123.037]
[1200, 0.938, 106.188]
[1500, 0.943, 87.614]
[2000, 0.949, 69.288]
[2500, 0.953, 57.164]
[3000, 0.956, 48.883]
[4000, 0.960, 38.019]

dataset: youtube_rgb
attr: [0,1]
sel: [1.0,0]
M: 40
algo: acorn
efs, recall, qps: 
[400, 0.989, 49.949]
[600, 0.994, 35.908]

dataset: sift10m
attr: [0,1]
sel: [0.4,5]
M: 40
algo: navix
efs, recall, qps: 
[300, 0.990, 63.618]
[400, 0.993, 70.711]

dataset: sift10m
attr: [0,1]
sel: [0.4,5]
M: 40
algo: acorn
efs, recall, qps: 
[400, 0.956, 104.511]
[600, 0.968, 46.239]
[800, 0.977, 33.882]
[1000, 0.981, 41.068]
[1200, 0.984, 33.769]
[1500, 0.985, 28.104]
[2000, 0.990, 16.722]
[2500, 0.992, 19.737]

dataset: sift10m
attr: [0,1]
sel: [0.667,4]
M: 40
algo: navix
efs, recall, qps: 
[300, 0.979, 179.694]
[400, 0.986, 140.440]
[600, 0.991, 99.372]

dataset: sift10m
attr: [0,1]
sel: [0.667,4]
M: 40
algo: acorn
efs, recall, qps: 
[400, 0.983, 86.239]
[600, 0.990, 39.846]
[800, 0.993, 42.737]

dataset: sift10m
attr: [0,1]
sel: [0.75,2]
M: 40
algo: navix
efs, recall, qps: 
[300, 0.958, 126.195]
[400, 0.969, 222.496]
[600, 0.980, 158.771]
[800, 0.986, 128.964]
[1000, 0.990, 96.266]
[1200, 0.992, 91.225]

dataset: sift10m
attr: [0,1]
sel: [0.75,2]
M: 40
algo: acorn
efs, recall, qps: 
[400, 0.995, 124.076]

dataset: sift10m
attr: [0,1]
sel: [0.9,1]
M: 40
algo: navix
efs, recall, qps: 
[300, 0.961, 482.823]
[400, 0.970, 394.513]
[600, 0.981, 274.120]
[800, 0.986, 212.840]
[1000, 0.990, 176.438]

dataset: sift10m
attr: [0,1]
sel: [0.9,1]
M: 40
algo: acorn
efs, recall, qps: 
[400, 0.998, 111.108]

dataset: sift10m
attr: [0,1]
sel: [1.0,0]
M: 40
algo: navix
efs, recall, qps: 
[300, 0.966, 149.156]
[400, 0.975, 325.350]
[600, 0.983, 240.172]
[800, 0.989, 188.546]
[1000, 0.992, 156.068]

dataset: sift10m
attr: [0,1]
sel: [1.0,0]
M: 40
algo: acorn
efs, recall, qps: 
[400, 0.998, 98.163]

dataset: Redcaps_4M
attr: [0,1]
sel: [0.4,5]
M: 40
algo: navix
efs, recall, qps: 
[300, 0.993, 120.367]

dataset: Redcaps_4M
attr: [0,1]
sel: [0.4,5]
M: 40
algo: acorn
efs, recall, qps: 
[400, 0.942, 162.788]
[600, 0.963, 117.786]
[800, 0.973, 93.011]
[1000, 0.977, 74.044]
[1200, 0.977, 64.066]
[1500, 0.979, 52.477]
[2000, 0.982, 39.577]
[2500, 0.985, 31.372]
[3000, 0.988, 26.089]
[4000, 0.990, 18.733]

dataset: Redcaps_4M
attr: [0,1]
sel: [0.667,4]
M: 40
algo: navix
efs, recall, qps: 
[300, 0.989, 73.171]
[400, 0.990, 111.382]
[600, 0.992, 92.633]

dataset: Redcaps_4M
attr: [0,1]
sel: [0.667,4]
M: 40
algo: acorn
efs, recall, qps: 
[400, 0.990, 108.780]
[600, 0.993, 67.791]

dataset: Redcaps_4M
attr: [0,1]
sel: [0.75,2]
M: 40
algo: navix
efs, recall, qps: 
[300, 0.981, 468.574]
[400, 0.984, 366.345]
[600, 0.988, 239.016]
[800, 0.990, 68.252]

dataset: Redcaps_4M
attr: [0,1]
sel: [0.75,2]
M: 40
algo: acorn
efs, recall, qps: 
[400, 0.994, 130.378]

dataset: Redcaps_4M
attr: [0,1]
sel: [0.9,1]
M: 40
algo: navix
efs, recall, qps: 
[300, 0.982, 477.791]
[400, 0.986, 379.894]
[600, 0.989, 273.225]
[800, 0.990, 216.755]
[1000, 0.991, 180.464]

dataset: Redcaps_4M
attr: [0,1]
sel: [0.9,1]
M: 40
algo: acorn
efs, recall, qps: 
[400, 0.999, 126.068]

dataset: Redcaps_4M
attr: [0,1]
sel: [1.0,0]
M: 40
algo: navix
efs, recall, qps: 
[300, 0.982, 123.864]
[400, 0.986, 170.037]
[600, 0.989, 206.731]
[800, 0.990, 174.013]
[1000, 0.991, 146.736]

dataset: Redcaps_4M
attr: [0,1]
sel: [1.0,0]
M: 40
algo: acorn
efs, recall, qps: 
[400, 1.000, 115.856]

dataset: youtube_rgb
attr: [0,1]
sel: [0.1,9]
M: 40
algo: navix
efs, recall, qps: 
[300, 0.854, 64.386]
[400, 0.873, 53.812]
[600, 0.894, 38.660]
[800, 0.906, 29.920]
[1000, 0.915, 24.560]
[1200, 0.923, 20.975]
[1500, 0.930, 17.533]
[2000, 0.940, 13.362]
[2500, 0.945, 11.761]
[3000, 0.949, 10.208]
[4000, 0.954, 8.182]

dataset: youtube_rgb
attr: [0,1]
sel: [0.1,9]
M: 40
algo: acorn
efs, recall, qps: 
[400, 0.016, 363.265]
[600, 0.021, 698.709]
[800, 0.021, 708.123]
[1000, 0.021, 690.904]
[1200, 0.021, 673.241]
[1500, 0.021, 714.762]
[2000, 0.021, 575.171]
[2500, 0.021, 368.143]
[3000, 0.021, 573.682]
[4000, 0.021, 629.378]

dataset: youtube_rgb
attr: [0,1]
sel: [0.1,8]
M: 40
algo: navix
efs, recall, qps: 
[300, 0.904, 56.157]
[400, 0.917, 43.646]
[600, 0.933, 27.375]
[800, 0.944, 21.344]
[1000, 0.951, 18.602]
[1200, 0.956, 16.035]
[1500, 0.962, 13.156]
[2000, 0.970, 10.209]
[2500, 0.974, 8.641]

dataset: youtube_rgb
attr: [0,1]
sel: [0.1,8]
M: 40
algo: acorn
efs, recall, qps: 
[400, 0.083, 295.133]
[600, 0.115, 210.823]
[800, 0.127, 173.808]
[1000, 0.134, 144.501]
[1200, 0.142, 123.359]
[1500, 0.150, 106.503]
[2000, 0.161, 83.465]
[2500, 0.166, 66.997]
[3000, 0.176, 58.585]
[4000, 0.191, 44.960]

dataset: youtube_rgb
attr: [0,1]
sel: [0.15,8]
M: 40
algo: navix
efs, recall, qps: 
[300, 0.922, 61.644]
[400, 0.932, 53.911]
[600, 0.944, 33.907]
[800, 0.953, 21.866]
[1000, 0.960, 18.418]
[1200, 0.963, 14.898]
[1500, 0.970, 12.529]
[2000, 0.975, 9.812]

dataset: youtube_rgb
attr: [0,1]
sel: [0.15,8]
M: 40
algo: acorn
efs, recall, qps: 
[400, 0.262, 132.771]
[600, 0.295, 95.141]
[800, 0.312, 73.766]
[1000, 0.326, 63.772]
[1200, 0.338, 57.461]
[1500, 0.356, 35.608]
[2000, 0.369, 36.103]
[2500, 0.373, 30.447]
[3000, 0.385, 24.741]
[4000, 0.394, 19.059]

dataset: youtube_rgb
attr: [0,1]
sel: [0.177,7]
M: 40
algo: navix
efs, recall, qps: 
[300, 0.931, 54.201]
[400, 0.941, 45.593]
[600, 0.952, 34.233]
[800, 0.959, 32.411]
[1000, 0.965, 26.359]
[1200, 0.971, 15.087]
[1500, 0.975, 13.355]
[2000, 0.981, 10.736]
[2500, 0.984, 9.296]

dataset: youtube_rgb
attr: [0,1]
sel: [0.177,7]
M: 40
algo: acorn
efs, recall, qps: 
[400, 0.612, 139.027]
[600, 0.635, 92.904]
[800, 0.658, 61.400]
[1000, 0.664, 50.808]
[1200, 0.677, 39.951]
[1500, 0.683, 28.900]
[2000, 0.695, 31.176]
[2500, 0.702, 26.307]
[3000, 0.706, 17.367]
[4000, 0.714, 15.132]

dataset: youtube_rgb
attr: [0,1]
sel: [0.233,7]
M: 40
algo: navix
efs, recall, qps: 
[300, 0.931, 68.013]
[400, 0.939, 40.552]
[600, 0.950, 29.342]
[800, 0.957, 22.813]
[1000, 0.963, 19.306]
[1200, 0.968, 15.853]
[1500, 0.974, 12.450]
[2000, 0.980, 9.717]

dataset: youtube_rgb
attr: [0,1]
sel: [0.233,7]
M: 40
algo: acorn
efs, recall, qps: 
[400, 0.699, 77.687]
[600, 0.727, 57.382]
[800, 0.750, 41.356]
[1000, 0.761, 44.140]
[1200, 0.771, 45.652]
[1500, 0.781, 39.331]
[2000, 0.790, 29.092]
[2500, 0.802, 19.554]
[3000, 0.805, 16.030]
[4000, 0.818, 15.132]

dataset: youtube_rgb
attr: [0,1]
sel: [0.333,7]
M: 40
algo: navix
efs, recall, qps: 
[300, 0.937, 52.945]
[400, 0.946, 35.576]
[600, 0.954, 28.735]
[800, 0.960, 23.054]
[1000, 0.965, 18.096]
[1200, 0.969, 16.277]
[1500, 0.974, 13.819]
[2000, 0.980, 9.987]

dataset: youtube_rgb
attr: [0,1]
sel: [0.333,7]
M: 40
algo: acorn
efs, recall, qps: 
[400, 0.793, 99.113]
[600, 0.818, 77.190]
[800, 0.833, 60.229]
[1000, 0.838, 49.956]
[1200, 0.848, 44.663]
[1500, 0.856, 36.685]
[2000, 0.866, 23.181]
[2500, 0.871, 16.917]
[3000, 0.873, 15.261]
[4000, 0.876, 13.782]

dataset: sift10m
attr: [0,1]
sel: [0.1,9]
M: 40
algo: navix
efs, recall, qps: 
[300, 0.933, 36.988]
[400, 0.951, 29.741]
[600, 0.969, 21.779]
[800, 0.976, 19.772]
[1000, 0.982, 18.173]
[1200, 0.984, 15.399]
[1500, 0.988, 12.745]
[2000, 0.992, 9.771]

dataset: sift10m
attr: [0,1]
sel: [0.1,9]
M: 40
algo: acorn
efs, recall, qps: 
[400, 0.121, 37.408]
[600, 0.155, 30.703]
[800, 0.177, 30.846]
[1000, 0.195, 26.301]
[1200, 0.212, 23.049]
[1500, 0.244, 18.899]
[2000, 0.290, 14.637]
[2500, 0.315, 12.322]
[3000, 0.325, 10.404]
[4000, 0.338, 8.162]

dataset: sift10m
attr: [0,1]
sel: [0.1,8]
M: 40
algo: navix
efs, recall, qps: 
[300, 0.970, 33.551]
[400, 0.979, 30.988]
[600, 0.988, 24.402]
[800, 0.992, 18.655]

dataset: sift10m
attr: [0,1]
sel: [0.1,8]
M: 40
algo: acorn
efs, recall, qps: 
[400, 0.401, 67.868]
[600, 0.472, 28.801]
[800, 0.497, 52.352]
[1000, 0.518, 43.612]
[1200, 0.536, 37.490]
[1500, 0.560, 30.934]
[2000, 0.582, 23.920]
[2500, 0.594, 19.289]
[3000, 0.606, 15.983]
[4000, 0.618, 12.065]

dataset: sift10m
attr: [0,1]
sel: [0.15,8]
M: 40
algo: navix
efs, recall, qps: 
[300, 0.976, 51.287]
[400, 0.983, 41.503]
[600, 0.990, 29.000]
[800, 0.993, 23.723]

dataset: sift10m
attr: [0,1]
sel: [0.15,8]
M: 40
algo: acorn
efs, recall, qps: 
[400, 0.558, 41.989]
[600, 0.643, 33.197]
[800, 0.674, 49.303]
[1000, 0.697, 42.246]
[1200, 0.711, 37.565]
[1500, 0.727, 29.932]
[2000, 0.744, 22.594]
[2500, 0.765, 16.193]
[3000, 0.773, 13.788]
[4000, 0.784, 11.779]

dataset: sift10m
attr: [0,1]
sel: [0.177,7]
M: 40
algo: navix
efs, recall, qps: 
[300, 0.985, 31.926]
[400, 0.991, 30.380]

dataset: sift10m
attr: [0,1]
sel: [0.177,7]
M: 40
algo: acorn
efs, recall, qps: 
[400, 0.766, 119.833]
[600, 0.817, 82.376]
[800, 0.840, 67.819]
[1000, 0.853, 56.441]
[1200, 0.861, 47.904]
[1500, 0.874, 39.075]
[2000, 0.887, 29.709]
[2500, 0.891, 23.955]
[3000, 0.894, 19.704]
[4000, 0.896, 14.404]

dataset: sift10m
attr: [0,1]
sel: [0.233,7]
M: 40
algo: navix
efs, recall, qps: 
[300, 0.986, 55.067]
[400, 0.990, 44.517]
[600, 0.993, 32.856]

dataset: sift10m
attr: [0,1]
sel: [0.233,7]
M: 40
algo: acorn
efs, recall, qps: 
[400, 0.825, 124.582]
[600, 0.868, 92.464]
[800, 0.888, 70.600]
[1000, 0.892, 59.048]
[1200, 0.901, 49.960]
[1500, 0.911, 40.170]
[2000, 0.922, 30.820]
[2500, 0.925, 24.330]
[3000, 0.930, 20.340]
[4000, 0.932, 14.724]

dataset: sift10m
attr: [0,1]
sel: [0.333,7]
M: 40
algo: navix
efs, recall, qps: 
[300, 0.988, 50.422]
[400, 0.992, 42.763]

dataset: sift10m
attr: [0,1]
sel: [0.333,7]
M: 40
algo: acorn
efs, recall, qps: 
[400, 0.880, 106.498]
[600, 0.910, 77.241]
[800, 0.926, 70.892]
[1000, 0.940, 58.972]
[1200, 0.947, 46.067]
[1500, 0.955, 36.449]
[2000, 0.962, 28.992]
[2500, 0.962, 23.535]
[3000, 0.965, 15.475]
[4000, 0.969, 12.228]

dataset: Redcaps_4M
attr: [0,1]
sel: [0.1,9]
M: 40
algo: navix
efs, recall, qps: 
[300, 0.950, 56.975]
[400, 0.960, 40.704]
[600, 0.969, 27.880]
[800, 0.973, 24.709]
[1000, 0.978, 19.790]
[1200, 0.981, 15.510]
[1500, 0.983, 11.363]
[2000, 0.986, 9.861]

dataset: Redcaps_4M
attr: [0,1]
sel: [0.1,9]
M: 40
algo: acorn
efs, recall, qps: 
[400, 0.000, 945.961]
[600, 0.000, 1266.155]
[800, 0.000, 1090.917]
[1000, 0.000, 1049.762]
[1200, 0.000, 963.793]
[1500, 0.000, 1105.015]
[2000, 0.000, 910.378]
[2500, 0.000, 1071.550]
[3000, 0.000, 1051.921]
[4000, 0.000, 1004.807]

dataset: Redcaps_4M
attr: [0,1]
sel: [0.1,8]
M: 40
algo: navix
efs, recall, qps: 
[300, 0.983, 48.733]
[400, 0.988, 41.070]
[600, 0.993, 30.038]

dataset: Redcaps_4M
attr: [0,1]
sel: [0.1,8]
M: 40
algo: acorn
efs, recall, qps: 
[400, 0.008, 476.362]
[600, 0.015, 512.541]
[800, 0.019, 443.012]
[1000, 0.022, 375.318]
[1200, 0.024, 345.075]
[1500, 0.024, 315.566]
[2000, 0.038, 260.772]
[2500, 0.050, 215.721]
[3000, 0.050, 161.232]
[4000, 0.056, 118.977]

dataset: Redcaps_4M
attr: [0,1]
sel: [0.15,8]
M: 40
algo: navix
efs, recall, qps: 
[300, 0.989, 55.701]
[400, 0.991, 44.921]

dataset: Redcaps_4M
attr: [0,1]
sel: [0.15,8]
M: 40
algo: acorn
efs, recall, qps: 
[400, 0.067, 648.096]
[600, 0.083, 428.710]
[800, 0.102, 345.965]
[1000, 0.116, 312.210]
[1200, 0.119, 218.817]
[1500, 0.125, 181.529]
[2000, 0.133, 141.468]
[2500, 0.134, 135.447]
[3000, 0.136, 122.930]
[4000, 0.139, 86.168]

dataset: Redcaps_4M
attr: [0,1]
sel: [0.177,7]
M: 40
algo: navix
efs, recall, qps: 
[300, 0.990, 26.811]

dataset: Redcaps_4M
attr: [0,1]
sel: [0.177,7]
M: 40
algo: acorn
efs, recall, qps: 
[400, 0.576, 96.668]
[600, 0.644, 92.060]
[800, 0.661, 88.541]
[1000, 0.684, 78.558]
[1200, 0.706, 68.504]
[1500, 0.716, 57.123]
[2000, 0.723, 35.980]
[2500, 0.742, 23.135]
[3000, 0.747, 19.397]
[4000, 0.754, 18.895]

dataset: Redcaps_4M
attr: [0,1]
sel: [0.233,7]
M: 40
algo: navix
efs, recall, qps: 
[300, 0.991, 69.832]

dataset: Redcaps_4M
attr: [0,1]
sel: [0.233,7]
M: 40
algo: acorn
efs, recall, qps: 
[400, 0.713, 152.635]
[600, 0.784, 114.285]
[800, 0.820, 90.480]
[1000, 0.836, 75.314]
[1200, 0.853, 63.416]
[1500, 0.866, 51.893]
[2000, 0.876, 39.983]
[2500, 0.884, 31.981]
[3000, 0.886, 25.694]
[4000, 0.887, 18.820]

dataset: Redcaps_4M
attr: [0,1]
sel: [0.333,7]
M: 40
algo: navix
efs, recall, qps: 
[300, 0.994, 87.468]

dataset: Redcaps_4M
attr: [0,1]
sel: [0.333,7]
M: 40
algo: acorn
efs, recall, qps: 
[400, 0.815, 153.780]
[600, 0.865, 111.572]
[800, 0.871, 89.867]
[1000, 0.881, 74.862]
[1200, 0.895, 62.382]
[1500, 0.906, 51.154]
[2000, 0.924, 39.394]
[2500, 0.927, 31.423]
[3000, 0.929, 26.040]
[4000, 0.931, 18.795]

dataset: wiki_15_4M
attr: [0,1]
sel: [0.1,9]
M: 40
algo: navix
efs, recall, qps: 
[300, 0.885, 43.725]
[400, 0.902, 48.367]
[600, 0.922, 30.333]
[800, 0.933, 23.705]
[1000, 0.940, 19.618]
[1200, 0.944, 15.826]
[1500, 0.950, 12.535]
[2000, 0.955, 8.025]

dataset: wiki_15_4M
attr: [0,1]
sel: [0.1,9]
M: 40
algo: acorn
efs, recall, qps: 
[400, 0.000, 716.653]
[600, 0.000, 719.990]
[800, 0.000, 542.527]
[1000, 0.000, 517.065]
[1200, 0.000, 525.306]
[1500, 0.000, 527.597]
[2000, 0.000, 484.492]
[2500, 0.000, 646.930]
[3000, 0.000, 686.651]
[4000, 0.000, 684.043]

dataset: wiki_15_4M
attr: [0,1]
sel: [0.1,8]
M: 40
algo: navix
efs, recall, qps: 
[300, 0.947, 77.566]
[400, 0.955, 59.929]
[600, 0.964, 41.861]
[800, 0.970, 32.495]
[1000, 0.975, 26.586]
[1200, 0.978, 22.404]
[1500, 0.981, 18.010]
[2000, 0.985, 13.883]
[2500, 0.987, 11.362]
[3000, 0.989, 9.505]

dataset: wiki_15_4M
attr: [0,1]
sel: [0.1,8]
M: 40
algo: acorn
efs, recall, qps: 
[400, 0.099, 254.989]
[600, 0.119, 207.912]
[800, 0.130, 162.515]
[1000, 0.133, 142.981]
[1200, 0.138, 122.047]
[1500, 0.144, 103.523]
[2000, 0.152, 80.095]
[2500, 0.155, 65.822]
[3000, 0.159, 54.486]
[4000, 0.170, 40.983]

dataset: wiki_15_4M
attr: [0,1]
sel: [0.15,8]
M: 40
algo: navix
efs, recall, qps: 
[300, 0.956, 37.320]
[400, 0.963, 34.980]
[600, 0.971, 28.623]
[800, 0.975, 22.618]
[1000, 0.979, 18.910]
[1200, 0.981, 16.402]
[1500, 0.983, 13.321]
[2000, 0.987, 10.170]
[2500, 0.989, 8.293]

dataset: wiki_15_4M
attr: [0,1]
sel: [0.15,8]
M: 40
algo: acorn
efs, recall, qps: 
[400, 0.272, 152.327]
[600, 0.327, 111.681]
[800, 0.357, 92.483]
[1000, 0.371, 76.023]
[1200, 0.385, 67.218]
[1500, 0.389, 55.680]
[2000, 0.401, 42.449]
[2500, 0.411, 34.623]
[3000, 0.414, 28.695]
[4000, 0.420, 21.208]

dataset: wiki_15_4M
attr: [0,1]
sel: [0.177,7]
M: 40
algo: navix
efs, recall, qps: 
[300, 0.968, 47.005]
[400, 0.972, 53.782]
[600, 0.978, 39.019]
[800, 0.981, 20.785]
[1000, 0.983, 14.881]
[1200, 0.985, 16.099]
[1500, 0.987, 13.945]
[2000, 0.990, 10.397]
[2500, 0.991, 8.650]

dataset: wiki_15_4M
attr: [0,1]
sel: [0.177,7]
M: 40
algo: acorn
efs, recall, qps: 
[400, 0.722, 81.515]
[600, 0.785, 40.908]
[800, 0.816, 35.740]
[1000, 0.840, 35.339]
[1200, 0.849, 31.503]
[1500, 0.864, 25.568]
[2000, 0.875, 18.927]
[2500, 0.881, 15.885]
[3000, 0.887, 13.383]
[4000, 0.896, 9.661]

dataset: wiki_15_4M
attr: [0,1]
sel: [0.233,7]
M: 40
algo: navix
efs, recall, qps: 
[300, 0.969, 31.545]
[400, 0.974, 25.769]
[600, 0.979, 25.617]
[800, 0.982, 23.605]
[1000, 0.984, 19.636]
[1200, 0.986, 15.687]
[1500, 0.988, 13.529]
[2000, 0.990, 10.977]
[2500, 0.991, 9.109]

dataset: wiki_15_4M
attr: [0,1]
sel: [0.233,7]
M: 40
algo: acorn
efs, recall, qps: 
[400, 0.831, 62.320]
[600, 0.867, 35.601]
[800, 0.889, 36.559]
[1000, 0.897, 41.567]
[1200, 0.907, 36.247]
[1500, 0.920, 27.619]
[2000, 0.927, 17.297]
[2500, 0.930, 14.671]
[3000, 0.931, 13.296]
[4000, 0.938, 10.326]

dataset: wiki_15_4M
attr: [0,1]
sel: [0.333,7]
M: 40
algo: navix
efs, recall, qps: 
[300, 0.968, 39.054]
[400, 0.971, 29.199]
[600, 0.977, 25.910]
[800, 0.980, 25.883]
[1000, 0.982, 21.643]
[1200, 0.984, 18.587]
[1500, 0.985, 15.390]
[2000, 0.987, 11.611]
[2500, 0.990, 9.417]

dataset: wiki_15_4M
attr: [0,1]
sel: [0.333,7]
M: 40
algo: acorn
efs, recall, qps: 
[400, 0.894, 69.790]
[600, 0.925, 50.458]
[800, 0.933, 24.537]
[1000, 0.942, 33.592]
[1200, 0.945, 34.708]
[1500, 0.950, 29.751]
[2000, 0.955, 22.530]
[2500, 0.957, 18.163]
[3000, 0.959, 15.682]
[4000, 0.962, 11.266]

dataset: wiki_15_4M
attr: [0,1]
sel: [0.4,5]
M: 40
algo: navix
efs, recall, qps: 
[100, 0.950, 85.512]
[150, 0.958, 126.051]
[200, 0.962, 132.040]
[300, 0.968, 91.870]
[400, 0.972, 75.223]

dataset: wiki_15_4M
attr: [0,1]
sel: [0.4,5]
M: 40
algo: acorn
efs, recall, qps: 
[150, 0.911, 128.375]
[200, 0.932, 114.054]
[300, 0.956, 93.493]
[400, 0.965, 78.243]
[600, 0.974, 55.317]

dataset: wiki_15_4M
attr: [0,1]
sel: [0.667,4]
M: 40
algo: navix
efs, recall, qps: 
[100, 0.944, 284.269]
[150, 0.952, 278.548]
[200, 0.957, 219.330]
[300, 0.963, 145.612]
[400, 0.966, 122.585]
[600, 0.971, 87.418]

dataset: wiki_15_4M
attr: [0,1]
sel: [0.667,4]
M: 40
algo: acorn
efs, recall, qps: 
[150, 0.944, 140.499]
[200, 0.963, 108.660]
[300, 0.974, 95.814]

dataset: wiki_15_4M
attr: [0,1]
sel: [0.75,2]
M: 40
algo: navix
efs, recall, qps: 
[100, 0.926, 891.072]
[150, 0.938, 670.613]
[200, 0.943, 535.591]
[300, 0.951, 386.417]
[400, 0.956, 288.141]
[600, 0.962, 218.466]
[800, 0.966, 172.051]
[1000, 0.968, 134.523]
[1200, 0.970, 111.455]

dataset: wiki_15_4M
attr: [0,1]
sel: [0.75,2]
M: 40
algo: acorn
efs, recall, qps: 
[150, 0.985, 138.474]

dataset: wiki_15_4M
attr: [0,1]
sel: [0.9,1]
M: 40
algo: navix
efs, recall, qps: 
[100, 0.930, 880.477]
[150, 0.939, 704.730]
[200, 0.945, 576.207]
[300, 0.952, 54.685]
[400, 0.956, 117.454]
[600, 0.961, 105.684]
[800, 0.966, 98.096]
[1000, 0.969, 97.234]
[1200, 0.971, 93.337]

dataset: wiki_15_4M
attr: [0,1]
sel: [0.9,1]
M: 40
algo: acorn
efs, recall, qps: 
[150, 0.990, 69.856]

dataset: wiki_15_4M
attr: [0,1]
sel: [1.0,0]
M: 40
algo: navix
efs, recall, qps: 
[100, 0.937, 271.841]
[150, 0.945, 243.524]
[200, 0.948, 335.617]
[300, 0.955, 228.289]
[400, 0.959, 203.592]
[600, 0.964, 128.393]
[800, 0.967, 125.694]
[1000, 0.970, 108.927]
[1200, 0.972, 92.456]

dataset: wiki_15_4M
attr: [0,1]
sel: [1.0,0]
M: 40
algo: acorn
efs, recall, qps: 
[150, 0.986, 77.314]

dataset: wiki_15_4M
attr: [0,1]
sel: [0.1,9]
M: 40
algo: bfann
Final results (ef_search, recall, QPS):
[10, 0.978, 161.05208770428402]

dataset: wiki_15_4M
attr: [0,1]
sel: [0.1,8]
M: 40
algo: bfann
Final results (ef_search, recall, QPS):
[10, 0.977, 254.2005813583509]

dataset: wiki_15_4M
attr: [0,1]
sel: [0.15,8]
M: 40
algo: bfann
Final results (ef_search, recall, QPS):
[10, 0.9776, 386.1151493459532]

dataset: wiki_15_4M
attr: [0,1]
sel: [0.177,7]
M: 40
algo: bfann
Final results (ef_search, recall, QPS):
[10, 0.9731, 465.91973098140534]

dataset: wiki_15_4M
attr: [0,1]
sel: [0.233,7]
M: 40
algo: bfann
Final results (ef_search, recall, QPS):
[10, 0.9713, 422.9660152178072]

dataset: wiki_15_4M
attr: [0,1]
sel: [0.333,7]
M: 40
algo: bfann
Final results (ef_search, recall, QPS):
[10, 0.9638, 383.5323124956451]
[12, 0.9737, 507.9467191127441]

dataset: wiki_15_4M
attr: [0,1]
sel: [0.4,5]
M: 40
algo: bfann
Final results (ef_search, recall, QPS):
[10, 0.9555, 471.3465340504084]
[12, 0.9674, 575.5322395445694]
[15, 0.977, 494.6052548412142]

dataset: wiki_15_4M
attr: [0,1]
sel: [0.667,4]
M: 40
algo: bfann
Final results (ef_search, recall, QPS):
[10, 0.9398, 1041.675679877571]
[12, 0.952, 1168.8334778245667]
[15, 0.9647, 1046.0234412973741]
[18, 0.9723, 979.960626848975]

dataset: wiki_15_4M
attr: [0,1]
sel: [0.75,2]
M: 40
algo: bfann
Final results (ef_search, recall, QPS):
[10, 0.9288, 952.787940768781]
[12, 0.9452, 1197.262538018323]
[15, 0.9566, 1067.5438522813724]
[18, 0.9654, 988.8770010104959]
[20, 0.9696, 961.9074200251674]
[30, 0.9821, 682.1248747739426]

dataset: wiki_15_4M
attr: [0,1]
sel: [0.9,1]
M: 40
algo: bfann
Final results (ef_search, recall, QPS):
[10, 0.9255, 1249.3860758060846]
[12, 0.9401, 1390.9296998011584]
[15, 0.9557, 1235.027845003167]
[18, 0.9652, 1161.6353554681668]
[20, 0.9696, 1135.2485361795673]
[30, 0.9813, 900.6332534617864]

dataset: wiki_15_4M
attr: [0,1]
sel: [1.0,0]
M: 40
algo: bfann
Final results (ef_search, recall, QPS):
[10, 0.9195, 964.7471873930436]
[12, 0.9371, 1383.672397571458]
[15, 0.9517, 1232.408163745027]
[18, 0.9616, 1144.6514619720256]
[20, 0.9671, 1128.0068589894609]
[30, 0.9802, 765.6162809991426]

dataset: wiki_15_4M
attr: [0,1]
sel: [0.1,9]
M: 40
algo: msvbase
recall: 0.9759, qps: 92.04

dataset: wiki_15_4M
attr: [0,1]
sel: [0.1,8]
M: 40
algo: msvbase
recall: 0.9721, qps: 180.26

dataset: wiki_15_4M
attr: [0,1]
sel: [0.15,8]
M: 40
algo: msvbase
recall: 0.9690, qps: 248.85

dataset: wiki_15_4M
attr: [0,1]
sel: [0.177,7]
M: 40
algo: msvbase
recall: 0.9650, qps: 379.07

dataset: wiki_15_4M
attr: [0,1]
sel: [0.233,7]
M: 40
algo: msvbase
recall: 0.9605, qps: 380.52

dataset: wiki_15_4M
attr: [0,1]
sel: [0.333,7]
M: 40
algo: msvbase
recall: 0.9622, qps: 410.43

dataset: wiki_15_4M
attr: [0,1]
sel: [0.4,5]
M: 40
algo: msvbase
recall: 0.9794, qps: 7.38

dataset: wiki_15_4M
attr: [0,1]
sel: [0.667,4]
M: 40
algo: msvbase
recall: 0.9907, qps: 5.21

dataset: wiki_15_4M
attr: [0,1]
sel: [0.75,2]
M: 40
algo: msvbase
recall: 0.9923, qps: 7.53

dataset: wiki_15_4M
attr: [0,1]
sel: [0.9,1]
M: 40
algo: msvbase
recall: 0.9938, qps: 11.01

dataset: wiki_15_4M
attr: [0,1]
sel: [1.0,0]
M: 40
algo: msvbase
recall: 0.9940, qps: 15.70

dataset: youtube_rgb
attr: [0,1]
sel: [0.1,9]
algo: milvus
dataset: youtube_rgb
attr: [0,1]
sel: [0.1,9]
M: 40
algo: milvus
Final results (ef_search, recall, QPS):
[10, 1.0, 74.42990232626273]

dataset: youtube_rgb
attr: [0,1]
sel: [0.1,8]
algo: milvus
dataset: youtube_rgb
attr: [0,1]
sel: [0.1,8]
M: 40
algo: milvus
Final results (ef_search, recall, QPS):
[10, 1.0, 72.1039895904101]

dataset: youtube_rgb
attr: [0,1]
sel: [0.15,8]
algo: milvus
dataset: youtube_rgb
attr: [0,1]
sel: [0.15,8]
M: 40
algo: milvus
Final results (ef_search, recall, QPS):
[10, 1.0, 62.480254750806765]

dataset: youtube_rgb
attr: [0,1]
sel: [0.177,7]
algo: milvus
dataset: youtube_rgb
attr: [0,1]
sel: [0.177,7]
M: 40
algo: milvus
Final results (ef_search, recall, QPS):
[10, 1.0, 56.96540679384252]

dataset: youtube_rgb
attr: [0,1]
sel: [0.233,7]
algo: milvus
dataset: youtube_rgb
attr: [0,1]
sel: [0.233,7]
M: 40
algo: milvus
Final results (ef_search, recall, QPS):
[10, 0.9854, 55.941099705235516]
[12, 0.9885, 57.41180996338079]
[15, 0.9922, 55.96727200700744]

dataset: youtube_rgb
attr: [0,1]
sel: [0.333,7]
algo: milvus
dataset: youtube_rgb
attr: [0,1]
sel: [0.333,7]
M: 40
algo: milvus
Final results (ef_search, recall, QPS):
[10, 0.9644, 56.59569481819094]
[12, 0.9734, 57.22113906179195]
[15, 0.9808, 57.589575334302545]
[18, 0.9861, 56.458095730268205]
[20, 0.9879, 55.5390462971131]
[30, 0.9939, 53.21914690688477]

dataset: youtube_rgb
attr: [0,1]
sel: [0.4,5]
algo: milvus
dataset: youtube_rgb
attr: [0,1]
sel: [0.4,5]
M: 40
algo: milvus
Final results (ef_search, recall, QPS):
[10, 0.9473, 54.71096961786388]
[12, 0.959, 58.715107272243294]
[15, 0.9712, 57.42904422637381]
[18, 0.9779, 57.73268677961274]
[20, 0.9827, 55.673685799031844]
[30, 0.9917, 54.36987452163584]

dataset: youtube_rgb
attr: [0,1]
sel: [0.667,4]
algo: milvus
dataset: youtube_rgb
attr: [0,1]
sel: [0.667,4]
M: 40
algo: milvus
Final results (ef_search, recall, QPS):
[10, 0.9124, 50.05287391387229]
[12, 0.9297, 53.780729904451235]
[15, 0.9485, 53.09440069867876]
[18, 0.9609, 52.29973993177037]
[20, 0.9668, 52.38004072958584]
[30, 0.983, 52.673417325311895]
[40, 0.9897, 49.96020863700562]
[50, 0.9931, 48.94102917904947]

dataset: youtube_rgb
attr: [0,1]
sel: [0.75,2]
algo: milvus
dataset: youtube_rgb
attr: [0,1]
sel: [0.75,2]
M: 40
algo: milvus
Final results (ef_search, recall, QPS):
[10, 0.8984, 58.37711740546689]
[12, 0.9178, 61.00238385098579]
[15, 0.9374, 60.44144970169609]
[18, 0.9518, 61.43979180070552]
[20, 0.9574, 59.97246499650644]
[30, 0.9792, 57.67234272730837]
[40, 0.9867, 58.59517943312421]
[50, 0.9914, 56.572439872602814]

dataset: youtube_rgb
attr: [0,1]
sel: [0.9,1]
algo: milvus
dataset: youtube_rgb
attr: [0,1]
sel: [0.9,1]
M: 40
algo: milvus
Final results (ef_search, recall, QPS):
[10, 0.9049, 62.24915327845376]
[12, 0.9223, 65.58853231510112]
[15, 0.9402, 67.37547684694057]
[18, 0.952, 66.06199593381187]
[20, 0.9586, 65.92159808776468]
[30, 0.9764, 63.50565475807447]
[40, 0.9849, 60.88164397903571]
[50, 0.9895, 63.19122825894931]
[80, 0.996, 56.505559581056595]

dataset: youtube_rgb
attr: [0,1]
sel: [1.0,0]
algo: milvus
dataset: youtube_rgb
attr: [0,1]
sel: [1.0,0]
M: 40
algo: milvus
Final results (ef_search, recall, QPS):
[10, 0.9223, 78.46599142414283]
[12, 0.9371, 79.94002150295522]
[15, 0.9521, 77.950117733502]
[18, 0.9632, 76.87514658188458]
[20, 0.9678, 76.64860170207868]
[30, 0.9817, 72.34989377807894]
[40, 0.9894, 70.87126166405895]
[50, 0.9928, 69.57623200017584]

dataset: sift10m
attr: [0,1]
sel: [0.1,9]
algo: milvus
dataset: sift10m
attr: [0,1]
sel: [0.1,9]
M: 40
algo: milvus
Final results (ef_search, recall, QPS):
[10, 1.0, 16.388237127496073]

dataset: sift10m
attr: [0,1]
sel: [0.1,8]
algo: milvus
dataset: sift10m
attr: [0,1]
sel: [0.1,8]
M: 40
algo: milvus
Final results (ef_search, recall, QPS):
[10, 1.0, 16.054655855901526]

dataset: sift10m
attr: [0,1]
sel: [0.15,8]
algo: milvus
dataset: sift10m
attr: [0,1]
sel: [0.15,8]
M: 40
algo: milvus
Final results (ef_search, recall, QPS):
[10, 1.0, 14.694511459986066]

dataset: sift10m
attr: [0,1]
sel: [0.177,7]
algo: milvus
dataset: sift10m
attr: [0,1]
sel: [0.177,7]
M: 40
algo: milvus
Final results (ef_search, recall, QPS):
[10, 1.0, 13.75297538598802]

dataset: sift10m
attr: [0,1]
sel: [0.233,7]
algo: milvus
dataset: sift10m
attr: [0,1]
sel: [0.233,7]
M: 40
algo: milvus
Final results (ef_search, recall, QPS):
[10, 0.9916, 13.355506197258789]

dataset: sift10m
attr: [0,1]
sel: [0.333,7]
algo: milvus
dataset: sift10m
attr: [0,1]
sel: [0.333,7]
M: 40
algo: milvus
Final results (ef_search, recall, QPS):
[10, 0.9784, 13.722887960711464]
[12, 0.9869, 13.98764935393983]
[15, 0.9902, 13.96130179017484]

dataset: sift10m
attr: [0,1]
sel: [0.4,5]
algo: milvus
dataset: sift10m
attr: [0,1]
sel: [0.4,5]
M: 40
algo: milvus
Final results (ef_search, recall, QPS):
[10, 0.966, 13.423639265759157]
[12, 0.977, 13.460835757696767]
[15, 0.9854, 13.526446284776394]
[18, 0.9907, 13.536478493012845]

dataset: sift10m
attr: [0,1]
sel: [0.667,4]
algo: milvus
dataset: sift10m
attr: [0,1]
sel: [0.667,4]
M: 40
algo: milvus
Final results (ef_search, recall, QPS):
[10, 0.9258, 12.453858776345392]
[12, 0.9431, 12.41658948675585]
[15, 0.9603, 12.659888859061528]
[18, 0.9704, 12.497064378525675]
[20, 0.9743, 12.330490750712006]
[30, 0.9892, 12.352551878754113]
[40, 0.9935, 12.277020758647621]

dataset: sift10m
attr: [0,1]
sel: [0.75,2]
algo: milvus
dataset: Redcaps_4M
attr: [0,1]
sel: [0.1,9]
algo: milvus
dataset: Redcaps_4M
attr: [0,1]
sel: [0.1,9]
M: 40
algo: milvus
ef search: 30, recall: 0.9862

dataset: Redcaps_4M
attr: [0,1]
sel: [0.1,8]
algo: milvus
dataset: Redcaps_4M
attr: [0,1]
sel: [0.1,8]
M: 40
algo: milvus
Final results (ef_search, recall, QPS):
[10, 1.0, 28.53041627683082]

dataset: Redcaps_4M
attr: [0,1]
sel: [0.15,8]
algo: milvus
dataset: sift10m
attr: [0,1]
sel: [0.75,2]
M: 40
algo: milvus
Final results (ef_search, recall, QPS):
[10, 0.912, 13.49685053193366]
[12, 0.9308, 13.506746704194969]
[15, 0.951, 13.669674289807274]
[18, 0.964, 13.628185338750914]
[20, 0.9698, 13.482353176171198]
[30, 0.9862, 13.622849015805231]
[40, 0.992, 12.530141709156423]

dataset: Redcaps_4M
attr: [0,1]
sel: [0.9,1]
algo: milvus
dataset: Redcaps_4M
attr: [0,1]
sel: [0.15,8]
M: 40
algo: milvus
Final results (ef_search, recall, QPS):
[10, 1.0, 24.643390479822507]

dataset: Redcaps_4M
attr: [0,1]
sel: [0.177,7]
algo: milvus
dataset: Redcaps_4M
attr: [0,1]
sel: [0.177,7]
M: 40
algo: milvus
Final results (ef_search, recall, QPS):
[10, 1.0, 21.436099000246603]

dataset: Redcaps_4M
attr: [0,1]
sel: [0.233,7]
algo: milvus
dataset: Redcaps_4M
attr: [0,1]
sel: [0.233,7]
M: 40
algo: milvus
2, recall: 0.9550

dataset: Redcaps_4M
attr: [0,1]
sel: [0.333,7]
algo: milvus
dataset: Redcaps_4M
attr: [0,1]
sel: [0.333,7]
M: 40
algo: milvus
ef search: 30, recall: 0.9859

dataset: Redcaps_4M
attr: [0,1]
sel: [0.4,5]
algo: milvus
dataset: Redcaps_4M
attr: [0,1]
sel: [0.9,1]
M: 40
algo: milvus
Final results (ef_search, recall, QPS):
[10, 0.9444, 22.86671493443611]
[12, 0.955, 23.08661653443372]
[15, 0.9655, 23.306214696825073]
[18, 0.9721, 24.444239675800794]
[20, 0.9763, 24.12592497939106]
[30, 0.9859, 24.090418699440388]
[40, 0.9902, 24.415398939193462]

dataset: Redcaps_4M
attr: [0,1]
sel: [1.0,0]
algo: milvus
dataset: Redcaps_4M
attr: [0,1]
sel: [1.0,0]
M: 40
algo: milvus
Final results (ef_search, recall, QPS):
[10, 0.9606, 30.89388361423431]
[12, 0.9696, 31.072308622471855]
[15, 0.9773, 31.093295662317775]
[18, 0.983, 30.681982132720297]
[20, 0.9849, 30.719414636154212]
[30, 0.9902, 30.60440709462935]

dataset: Redcaps_4M
attr: [0,1]
sel: [0.1,9]
algo: milvus
dataset: Redcaps_4M
attr: [0,1]
sel: [0.1,9]
M: 40
algo: milvus

dataset: Redcaps_4M
attr: [0,1]
sel: [0.1,8]
algo: milvus
dataset: Redcaps_4M
attr: [0,1]
sel: [0.4,5]
M: 40
algo: milvus
Final results (ef_search, recall, QPS):
[10, 0.9697, 21.715675931596977]
[12, 0.9759, 20.78509422891653]
[15, 0.9821, 21.211928896112358]
[18, 0.9857, 21.129575351203858]
[20, 0.9881, 21.186695469054996]
[30, 0.9941, 20.544007221875585]

dataset: Redcaps_4M
attr: [0,1]
sel: [0.667,4]
algo: milvus
dataset: Redcaps_4M
attr: [0,1]
sel: [0.1,8]
M: 40
algo: milvus
Final results (ef_search, recall, QPS):
[10, 1.0, 27.80070786978676]

dataset: Redcaps_4M
attr: [0,1]
sel: [0.15,8]
algo: milvus
dataset: Redcaps_4M
attr: [0,1]
sel: [0.15,8]
M: 40
algo: milvus
Final results (ef_search, recall, QPS):
[10, 1.0, 25.17149100879976]

dataset: Redcaps_4M
attr: [0,1]
sel: [0.177,7]
algo: milvus
dataset: Redcaps_4M
attr: [0,1]
sel: [0.177,7]
M: 40
algo: milvus
Final results (ef_search, recall, QPS):
[10, 1.0, 22.696898996044002]

dataset: Redcaps_4M
attr: [0,1]
sel: [0.233,7]
algo: milvus
dataset: Redcaps_4M
attr: [0,1]
sel: [0.233,7]
M: 40
algo: milvus
12, recall: 0.9561

dataset: Redcaps_4M
attr: [0,1]
sel: [0.333,7]
algo: milvus
dataset: Redcaps_4M
attr: [0,1]
sel: [0.333,7]
M: 40
algo: milvus
ef search: 20, recall: 0.9759

dataset: Redcaps_4M
attr: [0,1]
sel: [0.4,5]
algo: milvus
dataset: Redcaps_4M
attr: [0,1]
sel: [0.667,4]
M: 40
algo: milvus
Final results (ef_search, recall, QPS):
[10, 0.9448, 18.41384615950614]
[12, 0.9561, 18.272137240797164]
[15, 0.9663, 18.79159837546265]
[18, 0.9735, 19.413615413734053]
[20, 0.9759, 19.44337584708264]
[30, 0.9851, 19.388328787283125]
[40, 0.9908, 19.594477530944392]

dataset: Redcaps_4M
attr: [0,1]
sel: [0.75,2]
algo: milvus
dataset: Redcaps_4M
attr: [0,1]
sel: [0.4,5]
M: 40
algo: milvus
Final results (ef_search, recall, QPS):
[10, 0.9697, 21.716287911798787]
[12, 0.9759, 22.102318253950667]
[15, 0.9821, 22.531853805147456]
[18, 0.9857, 22.72713061295462]
[20, 0.9881, 22.524278797774222]
[30, 0.9941, 22.264996629836624]

dataset: Redcaps_4M
attr: [0,1]
sel: [0.667,4]
algo: milvus
dataset: Redcaps_4M
attr: [0,1]
sel: [0.75,2]
M: 40
algo: milvus
Final results (ef_search, recall, QPS):
[10, 0.938, 22.536117447882532]
[12, 0.9505, 22.803005527099018]
[15, 0.9619, 22.52490151722142]
[18, 0.9696, 22.390890888406048]
[20, 0.9738, 22.235460745842474]
[30, 0.985, 21.8166170974506]
[40, 0.9889, 21.906485401427698]
[50, 0.9909, 21.9622671926889]

dataset: Redcaps_4M
attr: [0,1]
sel: [0.9,1]
algo: milvus
dataset: Redcaps_4M
attr: [0,1]
sel: [0.667,4]
M: 40
algo: milvus
Final results (ef_search, recall, QPS):
[10, 0.9448, 19.732318555333897]
[12, 0.9561, 19.685401923329003]
[15, 0.9663, 19.71991160590846]
[18, 0.9735, 19.237983922118985]
[20, 0.9759, 18.87748971384151]
[30, 0.9851, 19.10114678543531]
[40, 0.9908, 19.037904744025465]

dataset: Redcaps_4M
attr: [0,1]
sel: [0.75,2]
algo: milvus
dataset: Redcaps_4M
attr: [0,1]
sel: [0.9,1]
M: 40
algo: milvus
Final results (ef_search, recall, QPS):
[10, 0.9444, 24.765777102585634]
[12, 0.955, 24.81582404955582]
[15, 0.9655, 24.971217905082625]
[18, 0.9721, 24.910505961274442]
[20, 0.9763, 24.851252865033942]
[30, 0.9859, 24.21405036150504]
[40, 0.9902, 24.12905987455133]

dataset: Redcaps_4M
attr: [0,1]
sel: [1.0,0]
algo: milvus
dataset: Redcaps_4M
attr: [0,1]
sel: [1.0,0]
M: 40
algo: milvus
Final results (ef_search, recall, QPS):
[10, 0.9606, 31.34996796241577]
[12, 0.9696, 31.172645843926915]
[15, 0.9773, 30.923226371669163]
[18, 0.983, 30.898304262044363]
[20, 0.9849, 31.009270005529068]
[30, 0.9902, 31.165662274781624]

dataset: Redcaps_4M
attr: [0,1]
sel: [0.75,2]
M: 40
algo: milvus
Final results (ef_search, recall, QPS):
[10, 0.938, 21.843869111481954]
[12, 0.9505, 21.87883050655232]
[15, 0.9619, 21.066925680996903]
[18, 0.9696, 21.1988812876365]
[20, 0.9738, 21.15586138663382]
[30, 0.985, 20.96813815383786]
[40, 0.9889, 22.201900362922885]
[50, 0.9909, 22.386520230935712]

dataset: Redcaps_4M
attr: [0,1]
sel: [0.9,1]
algo: milvus
dataset: Redcaps_4M
attr: [0,1]
sel: [0.9,1]
M: 40
algo: milvus
Final results (ef_search, recall, QPS):
[10, 0.9444, 25.47090043643235]
[12, 0.955, 26.17988689148666]
[15, 0.9655, 25.788695209166175]
[18, 0.9721, 25.89031890400606]
[20, 0.9763, 26.104996894825934]
[30, 0.9859, 25.97385515340475]
[40, 0.9902, 25.679372363260473]

dataset: Redcaps_4M
attr: [0,1]
sel: [1.0,0]
algo: milvus
dataset: Redcaps_4M
attr: [0,1]
sel: [1.0,0]
M: 40
algo: milvus
Final results (ef_search, recall, QPS):
[10, 0.9606, 34.51528819752644]
[12, 0.9696, 34.33723385261456]
[15, 0.9773, 34.25127920766413]
[18, 0.983, 34.541716892576645]
[20, 0.9849, 34.03598647880889]
[30, 0.9902, 34.224641099579394]

dataset: Redcaps_4M
attr: [0,1]
sel: [0.4,5]
algo: milvus
dataset: sift10m
attr: [0,1]
sel: [0.4,5]
algo: milvus
dataset: sift10m
attr: [0,1]
sel: [0.4,5]
M: 40
algo: milvus
Final results (ef_search, recall, QPS):
[10, 0.966, 13.421947263839314]
[12, 0.977, 13.373033634188522]
[15, 0.9854, 13.532039784526823]
[18, 0.9907, 13.524283100743219]

dataset: sift10m
attr: [0,1]
sel: [0.667,4]
algo: milvus
dataset: sift10m
attr: [0,1]
sel: [0.667,4]
M: 40
algo: milvus
Final results (ef_search, recall, QPS):
[10, 0.9258, 12.286579328269331]
[12, 0.9431, 12.32605168916897]
[15, 0.9603, 12.404106482547311]
[18, 0.9704, 12.343348611823837]
[20, 0.9743, 12.2868820617171]
[30, 0.9892, 12.28678441226365]
[40, 0.9935, 12.284249093312251]

dataset: sift10m
attr: [0,1]
sel: [0.75,2]
algo: milvus
dataset: sift10m
attr: [0,1]
sel: [0.75,2]
M: 40
algo: milvus
Final results (ef_search, recall, QPS):
[10, 0.912, 13.51504869253798]
[12, 0.9308, 13.575425767837945]
[15, 0.951, 13.604277998548366]
[18, 0.964, 13.643876110808415]
[20, 0.9698, 13.690732787621457]
[30, 0.9862, 13.521536731645202]
[40, 0.992, 13.58742256872397]

dataset: sift10m
attr: [0,1]
sel: [0.9,1]
algo: milvus
dataset: sift10m
attr: [0,1]
sel: [0.9,1]
M: 40
algo: milvus
Final results (ef_search, recall, QPS):
[10, 0.9205, 14.754716639706492]
[12, 0.9382, 15.001342118651873]
[15, 0.9566, 14.864096384771909]
[18, 0.9678, 15.033361787601391]
[20, 0.9722, 14.919314377359942]
[30, 0.9882, 14.872190798377998]
[40, 0.994, 14.841901871615368]

dataset: sift10m
attr: [0,1]
sel: [1.0,0]
algo: milvus
dataset: sift10m
attr: [0,1]
sel: [1.0,0]
M: 40
algo: milvus
Final results (ef_search, recall, QPS):
[10, 0.9371, 18.58123972701149]
[12, 0.953, 18.563713782319905]
[15, 0.9687, 18.60162613971828]
[18, 0.9767, 18.473742946632523]
[20, 0.9809, 18.61228558688974]
[30, 0.9927, 18.400182131929764]

dataset: youtube_rgb
attr: [0,0]
sel: [0.1,0.1]
M: 40
algo: bfann
Final results (ef_search, recall, QPS):
[10, 0.9063, 216.1659040164105]
[12, 0.9169, 183.5837672414091]
[15, 0.9287, 152.4476967654899]
[18, 0.9387, 132.69194472746562]
[20, 0.9427, 123.29357046234207]
[30, 0.9557, 88.4230713266956]
[40, 0.9622, 70.58610731158149]
[50, 0.9658, 59.13867728126635]
[80, 0.9714, 39.82712974050926]

dataset: youtube_rgb
attr: [0,0]
sel: [0.141,0.141]
M: 40
algo: bfann
Final results (ef_search, recall, QPS):
[10, 0.9078, 310.86402893123517]
[12, 0.9215, 271.9243189758752]
[15, 0.9358, 207.22549959637433]
[18, 0.9448, 193.2850880671422]
[20, 0.9492, 185.71089663170355]
[30, 0.961, 132.81838326523533]
[40, 0.9672, 107.21497862092983]
[50, 0.9705, 90.9875490156095]

dataset: youtube_rgb
attr: [0,0]
sel: [0.173,0.173]
M: 40
algo: bfann
Final results (ef_search, recall, QPS):
[10, 0.9041, 417.6771583600678]
[12, 0.9181, 379.7459598555947]
[15, 0.931, 307.93024424498867]
[18, 0.9401, 267.7479649054715]
[20, 0.9463, 248.53176016349525]
[30, 0.9606, 176.85762631005466]
[40, 0.9675, 143.49628012686014]
[50, 0.9724, 119.81449581192419]

dataset: youtube_rgb
attr: [0,0]
sel: [0.2236,0.2236]
M: 40
algo: bfann
Final results (ef_search, recall, QPS):
[10, 0.9028, 281.31079450924346]
[12, 0.9175, 340.6648949152586]
[15, 0.9333, 339.30358658506714]
[18, 0.9426, 228.551600093986]
[20, 0.9476, 271.49496534385577]
[30, 0.9634, 226.60108209571683]
[40, 0.9704, 182.24763790462214]

dataset: youtube_rgb
attr: [0,0]
sel: [0.2646,0.2646]
M: 40
algo: bfann
Final results (ef_search, recall, QPS):
[10, 0.8943, 666.9545886775411]
[12, 0.9113, 611.0600555362923]
[15, 0.9274, 533.6575591809294]
[18, 0.9376, 450.44720344540286]
[20, 0.944, 415.60805273895977]
[30, 0.9608, 296.48188315261666]
[40, 0.9705, 234.1148485092559]

dataset: youtube_rgb
attr: [0,0]
sel: [0.316,0.316]
M: 40
algo: bfann
Final results (ef_search, recall, QPS):
[10, 0.8887, 362.95343066945344]
[12, 0.9082, 397.5312011889056]
[15, 0.9254, 418.52705121266257]
[18, 0.9399, 448.6018092936627]
[20, 0.9458, 432.19488701251635]
[30, 0.965, 294.97242095238244]
[40, 0.9742, 254.59457083953788]

dataset: Redcaps_4M
attr: [0,0]
sel: [0.1,0.1]
M: 40
algo: bfann
Final results (ef_search, recall, QPS):
[10, 0.9718, 347.8285964541138]

dataset: Redcaps_4M
attr: [0,0]
sel: [0.141,0.141]
M: 40
algo: bfann
Final results (ef_search, recall, QPS):
[10, 0.9659, 571.7342220152702]
[12, 0.974, 385.0413907854725]

dataset: Redcaps_4M
attr: [0,0]
sel: [0.173,0.173]
M: 40
algo: bfann
Final results (ef_search, recall, QPS):
[10, 0.9598, 794.8962038213277]
[12, 0.9691, 744.4872178999101]
[15, 0.9766, 608.8330717844034]

dataset: Redcaps_4M
attr: [0,0]
sel: [0.2236,0.2236]
M: 40
algo: bfann
Final results (ef_search, recall, QPS):
[10, 0.9557, 708.6351938755649]
[12, 0.9687, 993.1688480147416]
[15, 0.9776, 844.7704763443143]

dataset: Redcaps_4M
attr: [0,0]
sel: [0.2646,0.2646]
M: 40
algo: bfann
Final results (ef_search, recall, QPS):
[10, 0.9535, 1375.098682571281]
[12, 0.9651, 1318.8967476803848]
[15, 0.9741, 1091.039531318811]

dataset: Redcaps_4M
attr: [0,0]
sel: [0.316,0.316]
M: 40
algo: bfann
Final results (ef_search, recall, QPS):
[10, 0.9452, 842.3690988227771]
[12, 0.9578, 828.6017164285548]
[15, 0.9678, 669.416277478951]
[18, 0.9767, 737.2563991555036]

dataset: Redcaps_4M
attr: [0,0]
sel: [0.1,0.1]
M: 40
algo: navix
efs, recall, qps: 
[100, 0.890, 182.971]
[150, 0.922, 131.156]
[200, 0.936, 103.625]
[300, 0.955, 74.178]
[400, 0.965, 50.256]
[600, 0.975, 29.646]

dataset: Redcaps_4M
attr: [0,0]
sel: [0.141,0.141]
M: 40
algo: navix
efs, recall, qps: 
[100, 0.950, 110.199]
[150, 0.968, 82.148]
[200, 0.976, 76.089]

dataset: Redcaps_4M
attr: [0,0]
sel: [0.173,0.173]
M: 40
algo: navix
efs, recall, qps: 
[100, 0.964, 198.386]
[150, 0.974, 145.274]

dataset: Redcaps_4M
attr: [0,0]
sel: [0.2236,0.2236]
M: 40
algo: navix
efs, recall, qps: 
[100, 0.973, 203.975]

dataset: Redcaps_4M
attr: [0,0]
sel: [0.2646,0.2646]
M: 40
algo: navix
efs, recall, qps: 
[100, 0.979, 213.264]

dataset: Redcaps_4M
attr: [0,0]
sel: [0.316,0.316]
M: 40
algo: navix
efs, recall, qps: 
[100, 0.984, 84.019]

dataset: Redcaps_4M
attr: [0,0]
sel: [0.1,0.1]
M: 40
algo: acorn
efs, recall, qps: 
[150, 0.000, 1545.450]
[200, 0.000, 1540.868]
[300, 0.000, 1542.988]
[400, 0.000, 1524.171]
[600, 0.000, 1509.318]
[800, 0.000, 1496.672]
[1000, 0.000, 1529.858]
[1200, 0.000, 1545.410]
[1500, 0.000, 1541.825]
[2000, 0.000, 1542.710]
[2500, 0.000, 1538.844]
[3000, 0.000, 1524.298]
[4000, 0.000, 1505.607]

dataset: Redcaps_4M
attr: [0,0]
sel: [0.141,0.141]
M: 40
algo: acorn
efs, recall, qps: 
[150, 0.002, 1529.110]
[200, 0.004, 1426.712]
[300, 0.010, 1263.424]
[400, 0.012, 1146.774]
[600, 0.013, 971.491]
[800, 0.016, 842.343]
[1000, 0.020, 747.817]
[1200, 0.021, 678.168]
[1500, 0.021, 591.992]
[2000, 0.023, 472.955]
[2500, 0.025, 394.815]
[3000, 0.026, 336.307]
[4000, 0.029, 257.519]

dataset: Redcaps_4M
attr: [0,0]
sel: [0.173,0.173]
M: 40
algo: acorn
efs, recall, qps: 
[150, 0.015, 721.190]
[200, 0.018, 452.704]
[300, 0.041, 467.889]
[400, 0.056, 395.787]
[600, 0.076, 308.842]
[800, 0.089, 254.168]
[1000, 0.100, 215.270]
[1200, 0.107, 186.920]
[1500, 0.115, 155.226]
[2000, 0.120, 121.734]
[2500, 0.136, 98.749]
[3000, 0.150, 83.191]
[4000, 0.162, 61.518]

dataset: Redcaps_4M
attr: [0,0]
sel: [0.2236,0.2236]
M: 40
algo: acorn
efs, recall, qps: 
[150, 0.230, 397.598]
[200, 0.279, 331.851]
[300, 0.343, 255.349]
[400, 0.397, 208.601]
[600, 0.471, 152.338]
[800, 0.494, 114.067]
[1000, 0.518, 97.604]
[1200, 0.538, 83.298]
[1500, 0.549, 68.661]
[2000, 0.563, 53.019]
[2500, 0.566, 42.673]
[3000, 0.568, 35.312]
[4000, 0.570, 25.907]

dataset: Redcaps_4M
attr: [0,0]
sel: [0.2646,0.2646]
M: 40
algo: acorn
efs, recall, qps: 
[150, 0.424, 383.046]
[200, 0.530, 314.813]
[300, 0.644, 226.609]
[400, 0.685, 175.311]
[600, 0.734, 97.459]
[800, 0.759, 77.602]
[1000, 0.776, 51.445]
[1200, 0.783, 54.494]
[1500, 0.805, 39.846]
[2000, 0.822, 32.200]
[2500, 0.826, 26.251]
[3000, 0.828, 22.133]
[4000, 0.830, 16.439]

dataset: Redcaps_4M
attr: [0,0]
sel: [0.316,0.316]
M: 40
algo: acorn
efs, recall, qps: 
[150, 0.623, 382.746]
[200, 0.679, 243.003]
[300, 0.760, 169.071]
[400, 0.804, 135.826]
[600, 0.831, 81.362]
[800, 0.844, 57.337]
[1000, 0.853, 48.630]
[1200, 0.860, 42.033]
[1500, 0.864, 33.876]
[2000, 0.871, 27.111]
[2500, 0.876, 25.650]
[3000, 0.877, 21.981]
[4000, 0.879, 15.840]

dataset: Redcaps_4M
attr: [0,0]
sel: [0.1,0.1]
M: 40
algo: msvbase
recall: 0.9803, qps: 0.23

dataset: Redcaps_4M
attr: [0,0]
sel: [0.141,0.141]
M: 40
algo: msvbase
recall: 0.9684, qps: 75.58

dataset: Redcaps_4M
attr: [0,0]
sel: [0.173,0.173]
M: 40
algo: msvbase
recall: 0.9658, qps: 227.77

dataset: Redcaps_4M
attr: [0,0]
sel: [0.2236,0.2236]
M: 40
algo: msvbase
recall: 0.9553, qps: 340.36

dataset: Redcaps_4M
attr: [0,0]
sel: [0.2646,0.2646]
M: 40
algo: msvbase
recall: 0.9490, qps: 396.72

dataset: Redcaps_4M
attr: [0,0]
sel: [0.316,0.316]
M: 40
algo: msvbase
recall: 0.9426, qps: 416.42

dataset: Redcaps_4M
attr: [0,0]
sel: [0.1,0.1]
M: 40
algo: milvus
Final results (ef_search, recall, QPS):
[10, 1.0, 81.23382800903617]

dataset: Redcaps_4M
attr: [0,0]
sel: [0.141,0.141]
M: 40
algo: milvus
Final results (ef_search, recall, QPS):
[10, 1.0, 63.569694009737795]

dataset: Redcaps_4M
attr: [0,0]
sel: [0.173,0.173]
M: 40
algo: milvus
Final results (ef_search, recall, QPS):
[10, 1.0, 59.99866765119909]

dataset: Redcaps_4M
attr: [0,0]
sel: [0.2236,0.2236]
M: 40
algo: milvus
Final results (ef_search, recall, QPS):
[10, 1.0, 48.49127400107961]

dataset: Redcaps_4M
attr: [0,0]
sel: [0.2646,0.2646]
M: 40
algo: milvus
Final results (ef_search, recall, QPS):
[10, 0.9918, 46.877269160879685]

dataset: Redcaps_4M
attr: [0,0]
sel: [0.316,0.316]
M: 40
algo: milvus
Final results (ef_search, recall, QPS):
[10, 0.9808, 99.44867129939644]
[12, 0.9852, 108.5795776255093]
[15, 0.9894, 110.21129842491511]
[18, 0.9906, 109.47167796591413]

dataset: youtube_rgb
attr: [0,1]
sel: [0.1,9]
M: 40
algo: navix
efs, recall, qps: 
[10, 0.409, 857.779]
[12, 0.434, 767.626]
[15, 0.471, 649.424]
[18, 0.503, 572.618]
[20, 0.522, 537.456]
[30, 0.594, 395.171]
[40, 0.638, 322.396]
[50, 0.667, 272.810]
[80, 0.731, 187.569]
[100, 0.756, 154.193]
[120, 0.777, 134.074]
[150, 0.801, 103.644]
[180, 0.815, 79.016]
[200, 0.826, 74.324]

dataset: youtube_rgb
attr: [0,1]
sel: [0.1,9]
M: 40
algo: acorn
efs, recall, qps: 
[12, 0.005, 2609.534]
[15, 0.005, 2518.043]
[18, 0.005, 2465.207]
[20, 0.005, 2401.397]
[30, 0.005, 2256.761]
[40, 0.008, 2057.110]
[50, 0.008, 1916.485]
[80, 0.008, 1645.948]
[100, 0.009, 1201.022]
[120, 0.010, 1467.669]
[150, 0.010, 1359.721]
[180, 0.010, 1272.683]
[200, 0.010, 1204.609]

dataset: youtube_rgb
attr: [0,1]
sel: [0.1,8]
M: 40
algo: navix
efs, recall, qps: 
[10, 0.545, 864.412]
[12, 0.574, 804.434]
[15, 0.607, 694.006]
[18, 0.632, 612.183]
[20, 0.649, 571.320]
[30, 0.701, 437.975]
[40, 0.749, 352.358]
[50, 0.775, 299.588]
[80, 0.818, 209.777]
[100, 0.838, 173.758]
[120, 0.850, 151.598]
[150, 0.864, 126.243]
[180, 0.875, 107.548]
[200, 0.883, 98.073]

dataset: youtube_rgb
attr: [0,1]
sel: [0.1,8]
M: 40
algo: acorn
efs, recall, qps: 
[12, 0.002, 2111.425]
[15, 0.002, 1979.211]
[18, 0.002, 1840.955]
[20, 0.003, 1774.773]
[30, 0.009, 1478.836]
[40, 0.019, 1267.364]
[50, 0.024, 1135.717]
[80, 0.033, 852.307]
[100, 0.037, 732.622]
[120, 0.043, 643.891]
[150, 0.054, 544.590]
[180, 0.058, 479.940]
[200, 0.063, 442.168]

dataset: youtube_rgb
attr: [0,1]
sel: [0.15,8]
M: 40
algo: navix
efs, recall, qps: 
[10, 0.591, 766.376]
[12, 0.624, 689.013]
[15, 0.652, 599.559]
[18, 0.681, 528.013]
[20, 0.697, 491.733]
[30, 0.754, 371.385]
[40, 0.781, 307.125]
[50, 0.802, 261.242]
[80, 0.841, 185.092]
[100, 0.858, 155.538]
[120, 0.870, 134.751]
[150, 0.887, 111.306]
[180, 0.897, 95.774]
[200, 0.904, 87.834]

dataset: youtube_rgb
attr: [0,1]
sel: [0.15,8]
M: 40
algo: acorn
efs, recall, qps: 
[12, 0.011, 1733.305]
[15, 0.018, 1590.161]
[18, 0.021, 1463.225]
[20, 0.023, 1406.772]
[30, 0.032, 1144.996]
[40, 0.044, 948.455]
[50, 0.054, 813.767]
[80, 0.085, 581.562]
[100, 0.113, 481.549]
[120, 0.147, 419.748]
[150, 0.173, 282.429]
[180, 0.189, 279.326]
[200, 0.196, 269.919]

dataset: youtube_rgb
attr: [0,1]
sel: [0.177,7]
M: 40
algo: navix
efs, recall, qps: 
[10, 0.659, 649.401]
[12, 0.685, 271.467]
[15, 0.717, 379.337]
[18, 0.739, 403.552]
[20, 0.751, 407.495]
[30, 0.799, 295.647]
[40, 0.826, 255.005]
[50, 0.846, 222.470]
[80, 0.878, 155.878]
[100, 0.889, 134.844]
[120, 0.897, 118.291]
[150, 0.908, 98.765]
[180, 0.915, 85.201]
[200, 0.918, 78.883]

dataset: youtube_rgb
attr: [0,1]
sel: [0.177,7]
M: 40
algo: acorn
efs, recall, qps: 
[12, 0.031, 1327.055]
[15, 0.045, 1177.593]
[18, 0.062, 930.170]
[20, 0.077, 976.833]
[30, 0.137, 768.731]
[40, 0.188, 649.249]
[50, 0.227, 560.750]
[80, 0.317, 407.209]
[100, 0.371, 325.922]
[120, 0.422, 304.025]
[150, 0.468, 262.961]
[180, 0.494, 230.896]
[200, 0.513, 211.076]

dataset: youtube_rgb
attr: [0,1]
sel: [0.233,7]
M: 40
algo: navix
efs, recall, qps: 
[10, 0.682, 787.029]
[12, 0.707, 704.688]
[15, 0.733, 612.344]
[18, 0.757, 544.464]
[20, 0.768, 507.696]
[30, 0.815, 385.062]
[40, 0.839, 310.947]
[50, 0.857, 269.311]
[80, 0.882, 189.808]
[100, 0.893, 160.046]
[120, 0.899, 139.001]
[150, 0.909, 116.162]
[180, 0.916, 108.346]
[200, 0.920, 96.742]

dataset: youtube_rgb
attr: [0,1]
sel: [0.233,7]
M: 40
algo: acorn
efs, recall, qps: 
[12, 0.047, 1399.407]
[15, 0.063, 1169.265]
[18, 0.080, 1111.854]
[20, 0.088, 1042.428]
[30, 0.183, 798.392]
[40, 0.243, 655.928]
[50, 0.291, 563.052]
[80, 0.439, 421.011]
[100, 0.502, 363.535]
[120, 0.550, 321.513]
[150, 0.588, 274.721]
[180, 0.616, 240.584]
[200, 0.630, 225.207]

dataset: youtube_rgb
attr: [0,1]
sel: [0.333,7]
M: 40
algo: navix
efs, recall, qps: 
[10, 0.709, 939.427]
[12, 0.732, 830.963]
[15, 0.756, 717.154]
[18, 0.778, 635.906]
[20, 0.792, 594.381]
[30, 0.827, 452.623]
[40, 0.850, 368.866]
[50, 0.865, 312.590]
[80, 0.893, 222.193]
[100, 0.902, 187.448]
[120, 0.908, 162.440]
[150, 0.918, 136.256]
[180, 0.923, 117.230]
[200, 0.926, 107.660]

dataset: youtube_rgb
attr: [0,1]
sel: [0.333,7]
M: 40
algo: acorn
efs, recall, qps: 
[12, 0.073, 1118.073]
[15, 0.111, 995.142]
[18, 0.143, 892.983]
[20, 0.163, 844.456]
[30, 0.291, 667.823]
[40, 0.390, 567.856]
[50, 0.456, 497.778]
[80, 0.583, 377.702]
[100, 0.621, 313.239]
[120, 0.657, 292.009]
[150, 0.691, 251.536]
[180, 0.718, 221.834]
[200, 0.725, 205.761]

dataset: wiki_15_4M
attr: [0,1]
sel: [0.1,9]
M: 40
algo: navix
efs, recall, qps: 
[10, 0.466, 340.565]
[12, 0.490, 515.017]
[15, 0.522, 454.502]
[18, 0.553, 345.048]
[20, 0.571, 374.884]
[30, 0.629, 230.504]
[40, 0.673, 208.010]
[50, 0.705, 184.082]
[80, 0.765, 126.659]
[100, 0.790, 114.038]
[120, 0.813, 99.456]
[150, 0.835, 83.535]
[180, 0.849, 73.333]
[200, 0.856, 68.090]

dataset: wiki_15_4M
attr: [0,1]
sel: [0.1,9]
M: 40
algo: acorn
efs, recall, qps: 
[12, 0.000, 584.124]
[15, 0.000, 634.800]
[18, 0.000, 491.797]
[20, 0.000, 493.466]
[30, 0.000, 431.033]
[40, 0.000, 403.131]
[50, 0.000, 633.140]
[80, 0.000, 672.051]
[100, 0.000, 670.379]
[120, 0.000, 669.177]
[150, 0.000, 690.136]
[180, 0.000, 675.834]
[200, 0.000, 686.827]

dataset: wiki_15_4M
attr: [0,1]
sel: [0.1,8]
M: 40
algo: navix
efs, recall, qps: 
[10, 0.624, 328.469]
[12, 0.653, 501.151]
[15, 0.691, 474.895]
[18, 0.716, 429.299]
[20, 0.733, 435.925]
[30, 0.795, 282.435]
[40, 0.823, 235.848]
[50, 0.845, 202.611]
[80, 0.884, 137.542]
[100, 0.899, 113.077]
[120, 0.908, 107.032]
[150, 0.921, 91.430]
[180, 0.927, 78.872]
[200, 0.930, 74.157]

dataset: wiki_15_4M
attr: [0,1]
sel: [0.1,8]
M: 40
algo: acorn
efs, recall, qps: 
[12, 0.000, 653.967]
[15, 0.000, 646.956]
[18, 0.000, 545.459]
[20, 0.000, 627.867]
[30, 0.001, 609.172]
[40, 0.001, 591.475]
[50, 0.002, 558.097]
[80, 0.008, 497.838]
[100, 0.017, 471.534]
[120, 0.025, 438.367]
[150, 0.031, 416.531]
[180, 0.035, 384.631]
[200, 0.041, 373.221]

dataset: wiki_15_4M
attr: [0,1]
sel: [0.15,8]
M: 40
algo: navix
efs, recall, qps: 
[10, 0.688, 1029.430]
[12, 0.715, 951.710]
[15, 0.744, 807.450]
[18, 0.767, 717.561]
[20, 0.781, 660.375]
[30, 0.828, 485.298]
[40, 0.859, 396.981]
[50, 0.879, 336.213]
[80, 0.909, 231.681]
[100, 0.919, 193.223]
[120, 0.927, 165.426]
[150, 0.935, 136.637]
[180, 0.942, 116.357]
[200, 0.945, 107.049]

dataset: wiki_15_4M
attr: [0,1]
sel: [0.15,8]
M: 40
algo: acorn
efs, recall, qps: 
[12, 0.000, 516.382]
[15, 0.000, 511.579]
[18, 0.000, 580.395]
[20, 0.000, 574.832]
[30, 0.001, 533.391]
[40, 0.005, 448.494]
[50, 0.013, 451.631]
[80, 0.036, 369.229]
[100, 0.065, 333.410]
[120, 0.088, 296.977]
[150, 0.128, 260.115]
[180, 0.154, 238.025]
[200, 0.175, 229.603]

dataset: wiki_15_4M
attr: [0,1]
sel: [0.177,7]
M: 40
algo: navix
efs, recall, qps: 
[10, 0.780, 305.262]
[12, 0.801, 363.136]
[15, 0.825, 460.973]
[18, 0.843, 434.589]
[20, 0.851, 445.241]
[30, 0.883, 257.098]
[40, 0.897, 221.151]
[50, 0.909, 199.225]
[80, 0.934, 119.144]
[100, 0.941, 121.636]
[120, 0.946, 108.914]
[150, 0.953, 89.463]
[180, 0.958, 78.772]
[200, 0.961, 77.432]

dataset: wiki_15_4M
attr: [0,1]
sel: [0.177,7]
M: 40
algo: acorn
efs, recall, qps: 
[12, 0.000, 202.397]
[15, 0.001, 272.883]
[18, 0.001, 339.919]
[20, 0.004, 367.189]
[30, 0.021, 190.266]
[40, 0.058, 195.042]
[50, 0.115, 205.966]
[80, 0.269, 123.065]
[100, 0.350, 163.860]
[120, 0.414, 168.673]
[150, 0.481, 144.315]
[180, 0.529, 134.091]
[200, 0.565, 141.022]

dataset: wiki_15_4M
attr: [0,1]
sel: [0.233,7]
M: 40
algo: navix
efs, recall, qps: 
[10, 0.806, 279.107]
[12, 0.823, 495.251]
[15, 0.851, 495.596]
[18, 0.864, 451.284]
[20, 0.872, 462.157]
[30, 0.897, 271.761]
[40, 0.912, 238.949]
[50, 0.923, 215.040]
[80, 0.939, 127.024]
[100, 0.947, 126.838]
[120, 0.952, 112.413]
[150, 0.957, 91.849]
[180, 0.960, 84.472]
[200, 0.962, 58.697]

dataset: wiki_15_4M
attr: [0,1]
sel: [0.233,7]
M: 40
algo: acorn
efs, recall, qps: 
[12, 0.002, 428.227]
[15, 0.003, 353.537]
[18, 0.014, 365.293]
[20, 0.021, 369.230]
[30, 0.071, 288.064]
[40, 0.124, 274.569]
[50, 0.182, 257.750]
[80, 0.380, 169.184]
[100, 0.470, 170.864]
[120, 0.535, 158.718]
[150, 0.621, 135.093]
[180, 0.673, 123.748]
[200, 0.696, 119.273]

dataset: wiki_15_4M
attr: [0,1]
sel: [0.333,7]
M: 40
algo: navix
efs, recall, qps: 
[10, 0.829, 258.651]
[12, 0.846, 487.803]
[15, 0.867, 556.518]
[18, 0.879, 523.446]
[20, 0.887, 555.398]
[30, 0.908, 287.205]
[40, 0.919, 253.499]
[50, 0.928, 231.533]
[80, 0.942, 132.938]
[100, 0.948, 144.741]
[120, 0.952, 136.225]
[150, 0.956, 110.770]
[180, 0.960, 99.565]
[200, 0.962, 98.950]

dataset: wiki_15_4M
attr: [0,1]
sel: [0.333,7]
M: 40
algo: acorn
efs, recall, qps: 
[12, 0.004, 222.199]
[15, 0.018, 361.221]
[18, 0.037, 337.714]
[20, 0.049, 319.420]
[30, 0.140, 242.635]
[40, 0.235, 283.563]
[50, 0.349, 107.993]
[80, 0.559, 111.894]
[100, 0.632, 97.407]
[120, 0.700, 116.605]
[150, 0.746, 89.310]
[180, 0.786, 104.160]
[200, 0.810, 94.074]

dataset: sift10m
attr: [0,1]
sel: [0.1,9]
M: 40
algo: navix
efs, recall, qps: 
[10, 0.419, 507.648]
[12, 0.454, 433.498]
[15, 0.494, 249.878]
[18, 0.529, 385.881]
[20, 0.548, 365.530]
[30, 0.626, 263.059]
[40, 0.677, 218.592]
[50, 0.716, 185.696]
[80, 0.789, 133.494]
[100, 0.819, 111.256]
[120, 0.845, 95.293]
[150, 0.870, 81.118]
[180, 0.889, 69.816]
[200, 0.898, 63.238]

dataset: sift10m
attr: [0,1]
sel: [0.1,9]
M: 40
algo: acorn
efs, recall, qps: 
[12, 0.001, 608.292]
[15, 0.003, 630.537]
[18, 0.004, 622.161]
[20, 0.004, 576.151]
[30, 0.009, 469.883]
[40, 0.012, 402.938]
[50, 0.012, 368.719]
[80, 0.018, 275.769]
[100, 0.027, 243.204]
[120, 0.033, 218.981]
[150, 0.043, 182.756]
[180, 0.060, 159.089]
[200, 0.070, 151.209]

dataset: sift10m
attr: [0,1]
sel: [0.1,8]
M: 40
algo: navix
efs, recall, qps: 
[10, 0.552, 266.802]
[12, 0.586, 273.011]
[15, 0.628, 373.460]
[18, 0.662, 348.427]
[20, 0.679, 344.215]
[30, 0.743, 230.449]
[40, 0.787, 199.165]
[50, 0.820, 172.630]
[80, 0.880, 116.734]
[100, 0.903, 104.462]
[120, 0.918, 91.670]
[150, 0.934, 77.010]
[180, 0.946, 67.964]
[200, 0.951, 63.402]

dataset: sift10m
attr: [0,1]
sel: [0.1,8]
M: 40
algo: acorn
efs, recall, qps: 
[12, 0.005, 682.447]
[15, 0.011, 651.732]
[18, 0.012, 619.576]
[20, 0.012, 93.536]
[30, 0.021, 143.799]
[40, 0.035, 234.585]
[50, 0.051, 242.109]
[80, 0.103, 191.048]
[100, 0.138, 195.564]
[120, 0.178, 178.399]
[150, 0.218, 158.040]
[180, 0.245, 140.770]
[200, 0.273, 129.856]

dataset: sift10m
attr: [0,1]
sel: [0.15,8]
M: 40
algo: navix
efs, recall, qps: 
[10, 0.604, 180.313]
[12, 0.636, 349.035]
[15, 0.676, 382.468]
[18, 0.708, 343.373]
[20, 0.727, 335.368]
[30, 0.792, 221.959]
[40, 0.831, 192.621]
[50, 0.860, 171.033]
[80, 0.904, 117.040]
[100, 0.921, 104.432]
[120, 0.933, 92.477]
[150, 0.949, 77.075]
[180, 0.958, 66.759]
[200, 0.962, 62.760]

dataset: sift10m
attr: [0,1]
sel: [0.15,8]
M: 40
algo: acorn
efs, recall, qps: 
[12, 0.016, 138.050]
[15, 0.019, 158.987]
[18, 0.029, 348.014]
[20, 0.034, 411.678]
[30, 0.067, 237.272]
[40, 0.098, 271.472]
[50, 0.141, 286.697]
[80, 0.210, 212.569]
[100, 0.256, 230.184]
[120, 0.305, 206.846]
[150, 0.349, 189.598]
[180, 0.381, 163.812]
[200, 0.401, 157.901]

dataset: sift10m
attr: [0,1]
sel: [0.177,7]
M: 40
algo: navix
efs, recall, qps: 
[10, 0.674, 309.423]
[12, 0.704, 543.077]
[15, 0.742, 468.270]
[18, 0.766, 422.080]
[20, 0.783, 388.680]
[30, 0.840, 286.543]
[40, 0.873, 232.180]
[50, 0.894, 196.874]
[80, 0.934, 138.000]
[100, 0.948, 115.280]
[120, 0.960, 100.965]
[150, 0.968, 84.054]
[180, 0.975, 73.127]

dataset: sift10m
attr: [0,1]
sel: [0.177,7]
M: 40
algo: acorn
efs, recall, qps: 
[12, 0.015, 778.521]
[15, 0.022, 737.205]
[18, 0.034, 689.702]
[20, 0.047, 354.817]
[30, 0.110, 72.263]
[40, 0.179, 222.671]
[50, 0.238, 262.016]
[80, 0.369, 185.368]
[100, 0.429, 209.458]
[120, 0.481, 201.238]
[150, 0.544, 173.940]
[180, 0.593, 150.746]
[200, 0.617, 155.358]

dataset: sift10m
attr: [0,1]
sel: [0.233,7]
M: 40
algo: navix
efs, recall, qps: 
[10, 0.709, 298.918]
[12, 0.738, 554.811]
[15, 0.769, 475.802]
[18, 0.795, 425.784]
[20, 0.807, 401.335]
[30, 0.858, 295.628]
[40, 0.886, 238.762]
[50, 0.906, 200.832]
[80, 0.939, 139.658]
[100, 0.951, 117.508]
[120, 0.961, 101.279]
[150, 0.969, 83.759]
[180, 0.976, 73.284]

dataset: sift10m
attr: [0,1]
sel: [0.233,7]
M: 40
algo: acorn
efs, recall, qps: 
[12, 0.041, 702.960]
[15, 0.063, 696.225]
[18, 0.101, 660.452]
[20, 0.123, 632.804]
[30, 0.191, 559.359]
[40, 0.276, 506.492]
[50, 0.333, 452.971]
[80, 0.467, 352.386]
[100, 0.519, 294.416]
[120, 0.571, 276.517]
[150, 0.642, 225.791]
[180, 0.672, 212.213]
[200, 0.700, 199.062]

dataset: sift10m
attr: [0,1]
sel: [0.333,7]
M: 40
algo: navix
efs, recall, qps: 
[10, 0.723, 203.450]
[12, 0.750, 352.060]
[15, 0.783, 378.312]
[18, 0.808, 333.245]
[20, 0.821, 334.918]
[30, 0.870, 221.982]
[40, 0.899, 191.251]
[50, 0.915, 167.966]
[80, 0.944, 116.541]
[100, 0.955, 103.653]
[120, 0.965, 91.632]
[150, 0.972, 75.175]

dataset: sift10m
attr: [0,1]
sel: [0.333,7]
M: 40
algo: acorn
efs, recall, qps: 
[12, 0.053, 766.712]
[15, 0.075, 730.445]
[18, 0.117, 216.075]
[20, 0.138, 122.254]
[30, 0.228, 217.307]
[40, 0.332, 191.450]
[50, 0.409, 249.462]
[80, 0.590, 158.366]
[100, 0.670, 199.020]
[120, 0.704, 190.252]
[150, 0.748, 165.538]
[180, 0.775, 148.479]
[200, 0.792, 153.365]

dataset: Redcaps_4M
attr: [0,1]
sel: [0.1,9]
M: 40
algo: navix
efs, recall, qps: 
[10, 0.580, 585.793]
[12, 0.613, 357.012]
[15, 0.653, 461.357]
[18, 0.681, 512.647]
[20, 0.700, 482.765]
[30, 0.757, 346.362]
[40, 0.795, 292.730]
[50, 0.821, 255.505]
[80, 0.871, 174.958]
[100, 0.892, 153.026]
[120, 0.903, 135.768]
[150, 0.919, 114.075]
[180, 0.931, 98.751]
[200, 0.935, 91.832]

dataset: Redcaps_4M
attr: [0,1]
sel: [0.1,9]
M: 40
algo: acorn
efs, recall, qps: 
[12, 0.000, 1744.958]
[15, 0.000, 1684.520]
[18, 0.000, 1920.777]
[20, 0.000, 1961.669]
[30, 0.000, 1879.598]
[40, 0.000, 1792.759]
[50, 0.000, 1796.799]
[80, 0.000, 1701.571]
[100, 0.000, 1694.353]
[120, 0.000, 1711.241]
[150, 0.000, 1663.218]
[180, 0.000, 1614.802]
[200, 0.000, 1604.726]

dataset: Redcaps_4M
attr: [0,1]
sel: [0.1,8]
M: 40
algo: navix
efs, recall, qps: 
[10, 0.707, 374.433]
[12, 0.739, 444.259]
[15, 0.775, 501.413]
[18, 0.801, 447.911]
[20, 0.813, 426.159]
[30, 0.860, 299.869]
[40, 0.891, 251.937]
[50, 0.910, 222.223]
[80, 0.941, 148.425]
[100, 0.953, 132.526]
[120, 0.961, 116.939]
[150, 0.967, 96.736]
[180, 0.973, 81.222]

dataset: Redcaps_4M
attr: [0,1]
sel: [0.1,8]
M: 40
algo: acorn
efs, recall, qps: 
[12, 0.000, 1972.351]
[15, 0.000, 1962.238]
[18, 0.000, 1952.483]
[20, 0.000, 1410.784]
[30, 0.000, 1293.528]
[40, 0.000, 461.070]
[50, 0.000, 841.544]
[80, 0.001, 761.886]
[100, 0.001, 910.948]
[120, 0.007, 878.032]
[150, 0.007, 859.636]
[180, 0.007, 664.051]
[200, 0.007, 695.195]

dataset: Redcaps_4M
attr: [0,1]
sel: [0.15,8]
M: 40
algo: navix
efs, recall, qps: 
[10, 0.766, 988.924]
[12, 0.793, 914.272]
[15, 0.824, 800.709]
[18, 0.846, 688.838]
[20, 0.861, 649.466]
[30, 0.900, 481.051]
[40, 0.922, 386.791]
[50, 0.935, 326.991]
[80, 0.960, 230.907]
[100, 0.969, 192.080]
[120, 0.973, 166.957]

dataset: Redcaps_4M
attr: [0,1]
sel: [0.15,8]
M: 40
algo: acorn
efs, recall, qps: 
[12, 0.000, 1892.429]
[15, 0.000, 1824.681]
[18, 0.000, 1254.248]
[20, 0.000, 1470.566]
[30, 0.002, 1127.959]
[40, 0.004, 1118.451]
[50, 0.007, 1067.408]
[80, 0.018, 870.168]
[100, 0.022, 827.656]
[120, 0.025, 784.990]
[150, 0.032, 709.298]
[180, 0.034, 654.867]
[200, 0.037, 637.802]

dataset: Redcaps_4M
attr: [0,1]
sel: [0.177,7]
M: 40
algo: navix
efs, recall, qps: 
[10, 0.824, 264.889]
[12, 0.842, 492.299]
[15, 0.870, 481.485]
[18, 0.883, 449.939]
[20, 0.893, 440.578]
[30, 0.925, 290.017]
[40, 0.943, 251.509]
[50, 0.954, 223.683]
[80, 0.971, 151.025]

dataset: Redcaps_4M
attr: [0,1]
sel: [0.177,7]
M: 40
algo: acorn
efs, recall, qps: 
[12, 0.005, 965.035]
[15, 0.008, 853.583]
[18, 0.009, 861.503]
[20, 0.010, 861.756]
[30, 0.024, 665.626]
[40, 0.045, 593.081]
[50, 0.075, 504.940]
[80, 0.145, 371.987]
[100, 0.211, 346.957]
[120, 0.262, 312.961]
[150, 0.306, 235.878]
[180, 0.335, 238.833]
[200, 0.361, 223.851]

dataset: Redcaps_4M
attr: [0,1]
sel: [0.233,7]
M: 40
algo: navix
efs, recall, qps: 
[10, 0.838, 959.832]
[12, 0.861, 861.486]
[15, 0.884, 806.782]
[18, 0.899, 719.293]
[20, 0.908, 670.503]
[30, 0.936, 493.237]
[40, 0.950, 404.616]
[50, 0.964, 343.755]
[80, 0.974, 231.179]

dataset: Redcaps_4M
attr: [0,1]
sel: [0.233,7]
M: 40
algo: acorn
efs, recall, qps: 
[12, 0.002, 919.959]
[15, 0.011, 824.312]
[18, 0.020, 692.134]
[20, 0.030, 640.993]
[30, 0.079, 490.036]
[40, 0.102, 409.024]
[50, 0.148, 366.368]
[80, 0.267, 263.532]
[100, 0.321, 265.428]
[120, 0.369, 242.016]
[150, 0.455, 204.834]
[180, 0.507, 185.415]
[200, 0.531, 182.718]

dataset: Redcaps_4M
attr: [0,1]
sel: [0.333,7]
M: 40
algo: navix
efs, recall, qps: 
[10, 0.859, 734.972]
[12, 0.880, 546.011]
[15, 0.898, 730.336]
[18, 0.911, 644.797]
[20, 0.919, 605.789]
[30, 0.946, 444.441]
[40, 0.961, 371.383]
[50, 0.969, 317.449]
[80, 0.979, 224.218]

dataset: Redcaps_4M
attr: [0,1]
sel: [0.333,7]
M: 40
algo: acorn
efs, recall, qps: 
[12, 0.010, 1254.735]
[15, 0.027, 1188.548]
[18, 0.036, 1093.283]
[20, 0.048, 1046.368]
[30, 0.103, 852.811]
[40, 0.174, 751.058]
[50, 0.236, 669.391]
[80, 0.401, 510.466]
[100, 0.476, 438.891]
[120, 0.544, 392.069]
[150, 0.588, 337.486]
[180, 0.647, 298.566]
[200, 0.669, 276.237]

dataset: sift10m
attr: [0,0]
sel: [0.1,0.1]
M: 40
algo: bfann
Final results (ef_search, recall, QPS):
[10, 0.9665, 167.6414935142952]
[12, 0.975, 237.23090045055898]

dataset: sift10m
attr: [0,0]
sel: [0.1,0.1]
M: 40
algo: bfann
Final results (ef_search, recall, QPS):
[10, 0.9665, 355.4910659043176]
[12, 0.975, 278.3770533050764]

dataset: sift10m
attr: [0,0]
sel: [0.141,0.141]
M: 40
algo: bfann
Final results (ef_search, recall, QPS):
[10, 0.9543, 499.14031276240456]
[12, 0.9658, 540.067976161474]
[15, 0.9749, 434.2795917984882]

dataset: sift10m
attr: [0,0]
sel: [0.173,0.173]
M: 40
algo: bfann
Final results (ef_search, recall, QPS):
[10, 0.9416, 332.5272866273387]
[12, 0.9574, 499.9794968429906]
[15, 0.9705, 474.7155874253175]

dataset: sift10m
attr: [0,0]
sel: [0.2236,0.2236]
M: 40
algo: bfann
Final results (ef_search, recall, QPS):
[10, 0.9225, 907.8096707404757]
[12, 0.9406, 1051.5091848711982]
[15, 0.9592, 849.7305532370078]
[18, 0.9715, 710.3571851977306]

dataset: sift10m
attr: [0,0]
sel: [0.2646,0.2646]
M: 40
algo: bfann
Final results (ef_search, recall, QPS):
[10, 0.9069, 1253.6851607195165]
[12, 0.9287, 1364.3979745656136]
[15, 0.9477, 1098.9709619150578]
[18, 0.9616, 925.5939514590509]
[20, 0.9688, 853.4448062267247]
[30, 0.9862, 536.8173161591546]

dataset: sift10m
attr: [0,0]
sel: [0.316,0.316]
M: 40
algo: bfann
Final results (ef_search, recall, QPS):
[10, 0.8879, 1023.4368099195414]
[12, 0.9132, 1553.3090046136674]
[15, 0.9384, 1248.1153158300376]
[18, 0.9574, 1087.409852505126]
[20, 0.9635, 1038.2359486286205]
[30, 0.9822, 599.9669283976923]

dataset: youtube_rgb
attr: [0,0]
sel: [0.1,0.1]
M: 40
algo: bfann
Final results (ef_search, recall, QPS):
[10, 0.9063, 116.02034042669487]
[12, 0.9169, 150.17806124865834]
[15, 0.9287, 134.77609349505377]
[18, 0.9387, 117.58809258182812]
[20, 0.9427, 108.15657564689525]
[30, 0.9557, 78.57390125669977]
[40, 0.9622, 65.1075536394425]
[50, 0.9658, 55.01506508660441]
[80, 0.9714, 37.54619843917246]

dataset: youtube_rgb
attr: [0,0]
sel: [0.141,0.141]
M: 40
algo: bfann
Final results (ef_search, recall, QPS):
[10, 0.9078, 317.21461885841114]
[12, 0.9215, 282.3890156614901]
[15, 0.9358, 235.47837045956612]
[18, 0.9448, 200.04536703899564]
[20, 0.9492, 175.80853700258362]
[30, 0.961, 138.75791816410313]
[40, 0.9672, 112.75874933318143]
[50, 0.9705, 95.0615220367982]

dataset: youtube_rgb
attr: [0,0]
sel: [0.173,0.173]
M: 40
algo: bfann
Final results (ef_search, recall, QPS):
[10, 0.9041, 231.38204618699655]
[12, 0.9181, 295.9304121460117]
[15, 0.931, 187.8060554510697]
[18, 0.9401, 213.6681026323184]
[20, 0.9463, 230.6443022063812]
[30, 0.9606, 164.54488844849536]
[40, 0.9675, 132.12314282235718]
[50, 0.9724, 113.67902097854714]

dataset: youtube_rgb
attr: [0,0]
sel: [0.2236,0.2236]
M: 40
algo: bfann
Final results (ef_search, recall, QPS):
[10, 0.9028, 273.48167867501536]
[12, 0.9175, 390.78736642660544]
[15, 0.9333, 332.46447548771397]
[18, 0.9426, 214.5560456861784]
[20, 0.9476, 278.53472400232164]
[30, 0.9634, 219.78507060122948]
[40, 0.9704, 177.920971484992]

dataset: youtube_rgb
attr: [0,0]
sel: [0.2646,0.2646]
M: 40
algo: bfann
Final results (ef_search, recall, QPS):
[10, 0.8943, 647.6791326855364]
[12, 0.9113, 591.1288615435266]
[15, 0.9274, 515.7287084895531]
[18, 0.9376, 439.6108688162716]
[20, 0.944, 408.23587821826226]
[30, 0.9608, 291.18130998627436]
[40, 0.9705, 232.66134357900955]

dataset: youtube_rgb
attr: [0,0]
sel: [0.316,0.316]
M: 40
algo: bfann
Final results (ef_search, recall, QPS):
[10, 0.8887, 366.1815912536262]
[12, 0.9082, 485.5896041805378]
[15, 0.9254, 495.69501058977875]
[18, 0.9399, 444.3623729688766]
[20, 0.9458, 338.103193158848]
[30, 0.965, 245.27131128363325]
[40, 0.9742, 269.7110641876739]

dataset: youtube_rgb
attr: [0,0]
sel: [0.1,0.1]
M: 40
algo: milvus
Final results (ef_search, recall, QPS):
[10, 1.0, 161.01459637019403]

dataset: youtube_rgb
attr: [0,0]
sel: [0.141,0.141]
M: 40
algo: milvus
Final results (ef_search, recall, QPS):
[10, 1.0, 126.61722231065599]

dataset: youtube_rgb
attr: [0,0]
sel: [0.173,0.173]
M: 40
algo: milvus
Final results (ef_search, recall, QPS):
[10, 1.0, 115.29936089913568]

dataset: youtube_rgb
attr: [0,0]
sel: [0.2236,0.2236]
M: 40
algo: milvus
Final results (ef_search, recall, QPS):
[10, 1.0, 47.811434608410096]

dataset: youtube_rgb
attr: [0,0]
sel: [0.2646,0.2646]
M: 40
algo: milvus
Final results (ef_search, recall, QPS):
[10, 0.9904, 22.18727799948313]

dataset: youtube_rgb
attr: [0,0]
sel: [0.316,0.316]
M: 40
algo: milvus
Final results (ef_search, recall, QPS):
[10, 0.9802, 29.32415948448704]
[12, 0.9867, 114.73683127828684]
[15, 0.9904, 114.39783302459885]

dataset: youtube_rgb
attr: [0,0]
sel: [0.2646,0.2646]
M: 40
algo: milvus
Final results (ef_search, recall, QPS):
[10, 0.9874, 101.60359008214445]
[12, 0.9906, 115.14747169688661]

dataset: youtube_rgb
attr: [0,0]
sel: [0.2236,0.2236]
M: 40
algo: milvus
Final results (ef_search, recall, QPS):
[10, 1.0, 102.35998064623855]

dataset: sift10m
attr: [0,0]
sel: [0.141,0.141]
M: 40
algo: milvus
Final results (ef_search, recall, QPS):
[10, 1.0, 57.547054444417356]

dataset: sift10m
attr: [0,0]
sel: [0.1,0.1]
M: 40
algo: milvus
Final results (ef_search, recall, QPS):
[10, 1.0, 64.62511705327374]

dataset: sift10m
attr: [0,0]
sel: [0.141,0.141]
M: 40
algo: milvus
Final results (ef_search, recall, QPS):
[10, 1.0, 58.93378938466652]

dataset: sift10m
attr: [0,0]
sel: [0.173,0.173]
M: 40
algo: milvus
Final results (ef_search, recall, QPS):
[10, 1.0, 57.71304618656075]

dataset: sift10m
attr: [0,0]
sel: [0.2236,0.2236]
M: 40
algo: milvus
Final results (ef_search, recall, QPS):
[10, 1.0, 50.42311775422334]

dataset: sift10m
attr: [0,0]
sel: [0.2646,0.2646]
M: 40
algo: milvus
Final results (ef_search, recall, QPS):
[10, 0.9876, 46.39979763454958]
[12, 0.9922, 50.49491664765118]

dataset: sift10m
attr: [0,0]
sel: [0.316,0.316]
M: 40
algo: milvus
Final results (ef_search, recall, QPS):
[10, 0.9756, 94.01396994752163]
[12, 0.9838, 96.15613560865575]
[15, 0.989, 90.82239718064751]
[18, 0.9931, 98.54827808411785]

dataset: Redcaps_4M
attr: [0,0]
sel: [0.316,0.316]
M: 40
algo: navix
efs, recall, qps: 
[10, 0.861, 1029.590]
[12, 0.877, 924.007]
[15, 0.899, 800.072]
[18, 0.916, 705.348]
[20, 0.923, 642.355]
[30, 0.947, 487.498]
[40, 0.960, 386.957]
[50, 0.967, 332.340]
[80, 0.981, 232.937]

dataset: Redcaps_4M
attr: [0,0]
sel: [0.316,0.316]
M: 40
algo: bfann
Final results (ef_search, recall, QPS):
[10, 0.9452, 1533.5540262564616]
[12, 0.9578, 1542.2758502769755]
[15, 0.9678, 1315.6631933040921]
[18, 0.9767, 1000.3968859716074]

dataset: wiki_15_4M
attr: [0,0]
sel: [0.316,0.316]
M: 40
algo: navix
efs, recall, qps: 
[10, 0.834, 755.009]
[12, 0.847, 949.015]
[15, 0.866, 855.384]
[18, 0.880, 756.467]
[20, 0.886, 591.447]
[30, 0.909, 196.934]
[40, 0.925, 359.257]
[50, 0.932, 252.723]
[80, 0.946, 184.649]
[100, 0.951, 148.893]
[120, 0.955, 152.289]
[150, 0.958, 129.766]
[180, 0.962, 110.315]
[200, 0.964, 83.903]

dataset: wiki_15_4M
attr: [0,0]
sel: [0.2646,0.2646]
M: 40
algo: navix
efs, recall, qps: 
[10, 0.806, 635.566]
[12, 0.822, 754.454]
[15, 0.845, 672.851]
[18, 0.863, 583.236]
[20, 0.872, 485.886]
[30, 0.902, 406.871]
[40, 0.917, 327.354]
[50, 0.927, 239.812]
[80, 0.942, 179.363]
[100, 0.949, 132.963]
[120, 0.952, 122.495]
[150, 0.957, 114.935]
[180, 0.962, 88.507]
[200, 0.965, 93.279]

dataset: youtube_rgb
attr: [0]
sel: [0.1]
M: 40
algo: bfann
Final results (ef_search, recall, QPS):
[10, 0.8666, 521.5003848801712]
[12, 0.8854, 448.1754788633367]
[15, 0.9072, 491.60626153620393]
[18, 0.9235, 540.8036709062653]
[20, 0.9312, 524.8992451710017]
[30, 0.9533, 352.6265664430108]
[40, 0.965, 285.3757436904656]
[50, 0.9716, 270.0306154153]

dataset: youtube_rgb
attr: [0]
sel: [0.01]
M: 40
algo: bfann
Final results (ef_search, recall, QPS):
[10, 0.8376, 203.6402350539071]
[12, 0.8519, 183.36547169775028]
[15, 0.8667, 175.94380676545094]
[18, 0.8762, 186.5185417744125]
[20, 0.8813, 172.97359358102506]
[30, 0.9, 122.50670985226336]
[40, 0.909, 97.06466845503572]
[50, 0.9168, 81.7487953500196]
[80, 0.9262, 54.32828597445712]
[100, 0.93, 44.275288179408705]
[120, 0.9318, 38.074565874745865]
[150, 0.9342, 31.15425880272611]
[180, 0.9362, 26.874668788428384]
[200, 0.937, 24.549426157198695]

dataset: youtube_rgb
attr: [0]
sel: [0.02]
M: 40
algo: bfann
Final results (ef_search, recall, QPS):
[10, 0.8695, 445.3339151771518]
[12, 0.8847, 385.84917463331345]
[15, 0.9015, 316.93934648276854]
[18, 0.9128, 293.54613442318725]
[20, 0.9187, 257.96953695302614]
[30, 0.9361, 193.34113894292378]
[40, 0.9441, 149.0463678284452]
[50, 0.949, 130.96082653584855]
[80, 0.9591, 87.80925343636098]
[100, 0.9621, 72.65293759625622]
[120, 0.9643, 61.519796402713894]
[150, 0.9659, 50.750146906428604]
[180, 0.9672, 44.87365973997674]
[200, 0.9676, 40.07777238010314]

dataset: youtube_rgb
attr: [0]
sel: [0.03]
M: 40
algo: bfann
Final results (ef_search, recall, QPS):
[10, 0.8746, 301.19660601736285]
[12, 0.8899, 413.9529742447929]
[15, 0.9063, 281.68106411043624]
[18, 0.9175, 287.4090716695153]
[20, 0.922, 314.7829727213117]
[30, 0.9402, 226.47613236608288]
[40, 0.9493, 190.0681930111816]
[50, 0.9552, 156.77002110635357]
[80, 0.9638, 107.73704490434034]
[100, 0.9674, 89.16422400477276]
[120, 0.9698, 77.96564782145771]
[150, 0.972, 65.57084065636501]

dataset: youtube_rgb
attr: [0]
sel: [0.05]
M: 40
algo: bfann
Final results (ef_search, recall, QPS):
[10, 0.8793, 737.5527648750568]
[12, 0.8955, 673.2751143995147]
[15, 0.9134, 551.1835526343456]
[18, 0.9251, 467.37717557276574]
[20, 0.9317, 426.8288376575369]
[30, 0.9521, 290.93471784360446]
[40, 0.9603, 252.58048206254534]
[50, 0.967, 215.92826594215302]
[80, 0.9759, 140.49150777996564]

dataset: youtube_rgb
attr: [0]
sel: [0.07]
M: 40
algo: bfann
Final results (ef_search, recall, QPS):
[10, 0.8743, 782.4143025563731]
[12, 0.8939, 745.0579980460076]
[15, 0.9138, 636.3662570083972]
[18, 0.9291, 544.1391483762762]
[20, 0.936, 507.1007088981382]
[30, 0.9549, 365.9451711825716]
[40, 0.965, 284.4984670483219]
[50, 0.9705, 249.0082986657649]

dataset: youtube_rgb
attr: [0]
sel: [0.1]
M: 40
algo: bfann
Final results (ef_search, recall, QPS):
[10, 0.8666, 940.2363287799961]
[12, 0.8854, 867.9991854560866]
[15, 0.9072, 693.7325132203197]
[18, 0.9235, 631.132214872755]
[20, 0.9312, 552.1729405632993]
[30, 0.9533, 436.77053984841393]
[40, 0.965, 357.6818201393357]
[50, 0.9716, 309.81461295665446]

dataset: Redcaps_4M
attr: [0]
sel: [0.01]
M: 40
algo: bfann
Final results (ef_search, recall, QPS):
[10, 0.9065, 195.80773988607748]
[12, 0.9162, 316.69422376200333]
[15, 0.9263, 270.43297346131953]
[18, 0.9313, 223.3747205222393]
[20, 0.9348, 220.19831321627515]
[30, 0.9469, 140.064438997592]
[40, 0.954, 109.08056688239856]
[50, 0.9579, 98.15732688060044]
[80, 0.9654, 62.60490674052535]
[100, 0.9685, 51.43538406454273]
[120, 0.9703, 44.213935833889764]

dataset: Redcaps_4M
attr: [0]
sel: [0.02]
M: 40
algo: bfann
Final results (ef_search, recall, QPS):
[10, 0.9291, 853.3746547786127]
[12, 0.939, 582.7795430027895]
[15, 0.9488, 529.6210857253471]
[18, 0.957, 423.77729560971665]
[20, 0.9596, 391.49529254964904]
[30, 0.9717, 265.0011931771119]

dataset: Redcaps_4M
attr: [0]
sel: [0.03]
M: 40
algo: bfann
Final results (ef_search, recall, QPS):
[10, 0.9374, 634.8568996405463]
[12, 0.9494, 699.2085712690116]
[15, 0.9599, 263.15930148002263]
[18, 0.9669, 347.70267590623286]
[20, 0.9697, 478.16062182368006]
[30, 0.9821, 285.1473732515254]

dataset: Redcaps_4M
attr: [0]
sel: [0.05]
M: 40
algo: bfann
Final results (ef_search, recall, QPS):
[10, 0.9377, 1137.8577216661001]
[12, 0.9479, 654.1154431638428]
[15, 0.9606, 618.8027757061534]
[18, 0.9676, 657.2476357488594]
[20, 0.9699, 679.2511741901966]
[30, 0.9816, 457.98009601598204]

dataset: Redcaps_4M
attr: [0]
sel: [0.07]
M: 40
algo: bfann
Final results (ef_search, recall, QPS):
[10, 0.9334, 529.809074135431]
[12, 0.9493, 606.5622560513722]
[15, 0.9638, 576.4535120640337]
[18, 0.9716, 528.779052689253]

dataset: Redcaps_4M
attr: [0]
sel: [0.1]
M: 40
algo: bfann
Final results (ef_search, recall, QPS):
[10, 0.9302, 1443.623597439251]
[12, 0.9461, 1597.631684598408]
[15, 0.9613, 1330.2286343151277]
[18, 0.9698, 1167.2068155039692]
[20, 0.9729, 1084.8509757131524]

dataset: youtube_rgb
attr: [0]
sel: [0.01]
M: 40
algo: bfann
Final results (ef_search, recall, QPS):
[300, 0.9396, 16.490638193458775]
[400, 0.9417, 13.185614022490876]
[600, 0.9433, 9.154048159889665]
[800, 0.9445, 7.3376557332102506]
[1000, 0.9454, 6.259208504581125]
[1200, 0.946, 5.430210787264821]
[1500, 0.9465, 4.592787307014859]
[2000, 0.947, 3.6325981583979066]
[2500, 0.9478, 3.106412870599764]
[3000, 0.948, 2.794655076114477]
[4000, 0.9487, 2.2472046223373923]

dataset: youtube_rgb
attr: [0,0]
sel: [0.55,0.01818]
M: 40
algo: irange_multi
efs, recall, qps: 
[10, 0.883, 142.419]
[12, 0.915, 114.114]
[15, 0.926, 94.1715]
[18, 0.934, 83.6166]
[20, 0.937, 77.0834]
[30, 0.952, 55.3693]
[40, 0.966, 38.3113]
[50, 0.976, 25.8146]
[80, 0.973, 19.6251]
[100, 0.974, 17.5809]
[120, 0.976, 10.3188]
[150, 0.977, 7.92973]
[180, 0.98, 10.2341]
[200, 0.99, 9.39462]

dataset: youtube_rgb
attr: [0,0]
sel: [0.60,0.03333]
M: 40
algo: irange_multi
efs, recall, qps: 
[10, 0.901, 238.761]
[12, 0.911, 200.531]
[15, 0.925, 172.215]
[18, 0.94, 143.717]
[20, 0.938, 133.111]
[30, 0.963, 90.2635]
[40, 0.975, 71.7447]
[50, 0.978, 59.5127]
[80, 0.987, 38.4206]
[100, 0.989, 31.8901]
[120, 0.99, 27.5562]
[150, 0.994, 22.4089]
[180, 0.984, 19.2538]
[200, 0.994, 17.5917]

dataset: youtube_rgb
attr: [0,0]
sel: [0.65,0.04615]
M: 40
algo: irange_multi
efs, recall, qps: 
[10, 0.873, 140.815]
[12, 0.899, 205.609]
[15, 0.921, 168.78]
[18, 0.938, 144.098]
[20, 0.944, 119.331]
[30, 0.969, 60.1807]
[40, 0.976, 48.6221]
[50, 0.972, 60.3903]
[80, 0.988, 43.7666]
[100, 0.99, 39.7092]
[120, 0.99, 33.9473]
[150, 0.991, 28.6992]
[180, 0.991, 24.43]
[200, 0.993, 22.7836]

dataset: youtube_rgb
attr: [0,0]
sel: [0.70,0.07143]
M: 40
algo: irange_multi
efs, recall, qps: 
[10, 0.857, 450.936]
[12, 0.872, 363.139]
[15, 0.896, 317.27]
[18, 0.909, 259.006]
[20, 0.916, 248.916]
[30, 0.94, 174.408]
[40, 0.955, 137.362]
[50, 0.964, 114.553]
[80, 0.97, 75.5747]

dataset: youtube_rgb
attr: [0,0]
sel: [0.75,0.09333]
M: 40
algo: irange_multi
efs, recall, qps: 
[10, 0.848, 529.594]
[12, 0.881, 426.308]
[15, 0.898, 386.381]
[18, 0.913, 329.335]
[20, 0.918, 283.256]
[30, 0.948, 205.173]
[40, 0.964, 166.88]
[50, 0.969, 134.083]
[80, 0.981, 88.6793]

dataset: youtube_rgb
attr: [0,0]
sel: [0.80,0.125]
M: 40
algo: irange_multi
efs, recall, qps: 
[10, 0.834, 740.176]
[12, 0.86, 640.767]
[15, 0.883, 481.137]
[18, 0.903, 452.636]
[20, 0.917, 418.573]
[30, 0.939, 274.394]
[40, 0.957, 216.278]
[50, 0.965, 183.707]
[80, 0.982, 117.016]

dataset: sift10m
attr: [0,0]
sel: [0.55,0.01818]
M: 40
algo: irange_multi
efs, recall, qps: 
[10, 0.9648, 150.656]
[12, 0.9739, 166.865]

dataset: sift10m
attr: [0,0]
sel: [0.60,0.03333]
M: 40
algo: irange_multi
efs, recall, qps: 
[10, 0.9466, 346.108]
[12, 0.9604, 353.606]
[15, 0.9731, 278.167]

dataset: sift10m
attr: [0,0]
sel: [0.65,0.04615]
M: 40
algo: irange_multi
efs, recall, qps: 
[10, 0.9384, 314.873]
[12, 0.9533, 381.71]
[15, 0.9663, 284.029]
[18, 0.9753, 264.966]

dataset: sift10m
attr: [0,0]
sel: [0.70,0.07143]
M: 40
algo: irange_multi
efs, recall, qps: 
[10, 0.9067, 371.759]
[12, 0.9253, 594.519]
[15, 0.9476, 485.254]
[18, 0.9602, 433.703]
[20, 0.9674, 414.017]
[30, 0.9853, 215.449]

dataset: sift10m
attr: [0,0]
sel: [0.75,0.09333]
M: 40
algo: irange_multi
efs, recall, qps: 
[10, 0.8952, 448.937]
[12, 0.9177, 735.986]
[15, 0.9387, 606.332]
[18, 0.9523, 535.517]
[20, 0.9607, 516.874]
[30, 0.9816, 276.554]

dataset: sift10m
attr: [0,0]
sel: [0.80,0.125]
M: 40
algo: irange_multi
efs, recall, qps: 
[10, 0.8756, 627.981]
[12, 0.9003, 934.245]
[15, 0.9283, 788.219]
[18, 0.9448, 697.637]
[20, 0.9516, 668.414]
[30, 0.975, 382.455]

dataset: youtube_rgb
attr: [1]
sel: [9]
M: 40
algo: msvbase
recall: 0.2730, qps: 38.27

dataset: youtube_rgb
attr: [1]
sel: [18]
M: 40
algo: bfann
Final results (ef_search, recall, QPS):
[10, 0.877, 202.76306286359588]
[12, 0.894, 185.78423925007786]
[15, 0.908, 158.90350134436864]
[18, 0.919, 140.81796752692352]
[20, 0.925, 131.31304150180677]
[30, 0.943, 93.19391550497487]
[40, 0.958, 72.59458723172108]
[50, 0.961, 58.22352548573002]
[80, 0.966, 39.56437068769947]
[100, 0.968, 33.66765227448081]
[120, 0.971, 28.025923904774626]

dataset: youtube_rgb
attr: [1]
sel: [18]
M: 40
algo: navix
efs, recall, qps: 
[100, 0.771, 88.659]
[150, 0.814, 80.116]
[200, 0.831, 77.986]
[300, 0.865, 53.807]
[400, 0.884, 40.977]
[600, 0.912, 28.467]
[800, 0.924, 21.985]
[1000, 0.932, 18.167]
[1200, 0.934, 15.682]
[1500, 0.941, 13.122]
[2000, 0.948, 10.562]
[2500, 0.952, 9.059]

dataset: youtube_rgb
attr: [1]
sel: [18]
M: 40
algo: acorn
efs, recall, qps: 
[150, 0.000, 9760.097]
[200, 0.000, 10453.615]
[300, 0.000, 10658.156]
[400, 0.000, 10671.443]
[600, 0.000, 10701.393]
[800, 0.000, 10699.209]
[1000, 0.000, 10634.106]
[1200, 0.000, 10689.665]
[1500, 0.000, 10593.014]
[2000, 0.000, 10640.041]
[2500, 0.000, 10631.141]
[3000, 0.000, 10573.787]
[4000, 0.000, 10557.020]

dataset: youtube_rgb
attr: [1]
sel: [18]
M: 40
algo: msvbase
recall: 0.3970, qps: 270.25

dataset: youtube_rgb
attr: [1]
sel: [17]
M: 40
algo: bfann
Final results (ef_search, recall, QPS):
[10, 0.885, 346.83332864748115]
[12, 0.894, 321.7021211319351]
[15, 0.91, 268.0426127467583]
[18, 0.922, 233.99329089327745]
[20, 0.928, 219.7856694828704]
[30, 0.946, 154.7482958260097]
[40, 0.956, 125.91004238424036]
[50, 0.964, 111.16230932632944]
[80, 0.969, 67.1028730554936]
[100, 0.972, 57.50236285501434]

dataset: youtube_rgb
attr: [1]
sel: [17]
M: 40
algo: navix
efs, recall, qps: 
[100, 0.834, 163.666]
[150, 0.863, 114.001]
[200, 0.890, 88.743]
[300, 0.912, 61.125]
[400, 0.923, 46.771]
[600, 0.935, 32.149]
[800, 0.947, 24.613]
[1000, 0.951, 20.041]
[1200, 0.956, 17.114]
[1500, 0.962, 14.157]
[2000, 0.966, 11.158]
[2500, 0.971, 9.097]

dataset: youtube_rgb
attr: [1]
sel: [17]
M: 40
algo: acorn
efs, recall, qps: 
[150, 0.000, 6665.243]
[200, 0.000, 7189.537]
[300, 0.000, 7304.732]
[400, 0.000, 7284.307]
[600, 0.000, 7270.040]
[800, 0.000, 7309.442]
[1000, 0.000, 7307.786]
[1200, 0.000, 7336.804]
[1500, 0.000, 7303.969]
[2000, 0.000, 7293.554]
[2500, 0.000, 7306.386]
[3000, 0.000, 7252.064]
[4000, 0.000, 7309.187]

dataset: youtube_rgb
attr: [1]
sel: [17]
M: 40
algo: msvbase
recall: 0.3540, qps: 394.52

dataset: youtube_rgb
attr: [1]
sel: [16]
M: 40
algo: bfann
Final results (ef_search, recall, QPS):
[10, 0.869, 346.0624022283681]
[12, 0.878, 248.11540020053653]
[15, 0.895, 206.6008980626043]
[18, 0.907, 186.9896053084436]
[20, 0.915, 178.62567006388576]
[30, 0.944, 127.92800926236578]
[40, 0.959, 107.91524353140804]
[50, 0.967, 120.14823510337185]
[80, 0.974, 81.34068591564181]

dataset: youtube_rgb
attr: [1]
sel: [16]
M: 40
algo: navix
efs, recall, qps: 
[100, 0.842, 169.177]
[150, 0.873, 116.495]
[200, 0.888, 91.709]
[300, 0.909, 64.628]
[400, 0.928, 49.086]
[600, 0.943, 34.122]
[800, 0.959, 26.042]
[1000, 0.963, 21.158]
[1200, 0.967, 17.833]
[1500, 0.972, 14.749]

dataset: youtube_rgb
attr: [1]
sel: [16]
M: 40
algo: acorn
efs, recall, qps: 
[150, 0.000, 5387.120]
[200, 0.000, 5711.043]
[300, 0.000, 5776.085]
[400, 0.000, 5792.278]
[600, 0.000, 5766.635]
[800, 0.000, 5800.769]
[1000, 0.000, 5798.764]
[1200, 0.000, 5769.252]
[1500, 0.000, 5787.322]
[2000, 0.000, 5744.756]
[2500, 0.000, 5774.574]
[3000, 0.000, 5784.369]
[4000, 0.000, 5762.515]

dataset: youtube_rgb
attr: [1]
sel: [16]
M: 40
algo: msvbase
recall: 0.3230, qps: 493.44

dataset: youtube_rgb
attr: [1]
sel: [14]
M: 40
algo: bfann
Final results (ef_search, recall, QPS):
[10, 0.87, 552.3399660244677]
[12, 0.89, 532.0944913055667]
[15, 0.9, 470.97535587278526]
[18, 0.911, 413.2653081332679]
[20, 0.923, 388.3409857072358]
[30, 0.942, 282.06236260207544]
[40, 0.96, 235.21365374057376]
[50, 0.967, 201.08975652835116]
[80, 0.979, 146.96029031137977]

dataset: youtube_rgb
attr: [1]
sel: [14]
M: 40
algo: navix
efs, recall, qps: 
[100, 0.899, 164.966]
[150, 0.921, 116.554]
[200, 0.927, 92.359]
[300, 0.936, 65.415]
[400, 0.940, 50.509]
[600, 0.958, 35.135]
[800, 0.962, 26.985]
[1000, 0.965, 21.992]
[1200, 0.967, 15.479]
[1500, 0.970, 12.860]
[2000, 0.975, 9.721]

dataset: youtube_rgb
attr: [1]
sel: [14]
M: 40
algo: acorn
efs, recall, qps: 
[150, 0.402, 290.394]
[200, 0.449, 223.852]
[300, 0.513, 162.466]
[400, 0.557, 126.424]
[600, 0.596, 88.457]
[800, 0.618, 68.035]
[1000, 0.639, 56.377]
[1200, 0.646, 47.963]
[1500, 0.658, 39.327]
[2000, 0.676, 30.479]
[2500, 0.685, 24.812]
[3000, 0.692, 17.961]
[4000, 0.701, 14.600]

dataset: youtube_rgb
attr: [1]
sel: [14]
M: 40
algo: msvbase
recall: 0.2770, qps: 571.11

dataset: youtube_rgb
attr: [1]
sel: [12]
M: 40
algo: bfann
Final results (ef_search, recall, QPS):
[10, 0.856, 614.9122266888336]
[12, 0.88, 624.3595717031099]
[15, 0.893, 519.2744056137988]
[18, 0.908, 485.81846486005645]
[20, 0.919, 458.92753978396735]
[30, 0.941, 349.3614245982926]
[40, 0.953, 285.63244887216047]
[50, 0.967, 246.93540287175537]
[80, 0.982, 171.1272116609397]

dataset: youtube_rgb
attr: [1]
sel: [12]
M: 40
algo: navix
efs, recall, qps: 
[100, 0.887, 170.966]
[150, 0.915, 121.092]
[200, 0.924, 95.426]
[300, 0.937, 68.049]
[400, 0.945, 51.940]
[600, 0.959, 36.579]
[800, 0.965, 28.130]
[1000, 0.971, 22.839]

dataset: youtube_rgb
attr: [1]
sel: [12]
M: 40
algo: acorn
efs, recall, qps: 
[150, 0.570, 282.654]
[200, 0.622, 220.483]
[300, 0.661, 164.004]
[400, 0.687, 125.102]
[600, 0.726, 87.288]
[800, 0.746, 65.331]
[1000, 0.766, 54.365]
[1200, 0.775, 45.909]
[1500, 0.786, 37.279]
[2000, 0.798, 28.402]
[2500, 0.800, 22.778]
[3000, 0.806, 19.339]
[4000, 0.817, 14.535]

dataset: youtube_rgb
attr: [1]
sel: [12]
M: 40
algo: msvbase
recall: 0.2620, qps: 665.63

dataset: youtube_rgb
attr: [1]
sel: [9]
M: 40
algo: bfann
Final results (ef_search, recall, QPS):
[10, 0.846, 748.0838206940588]
[12, 0.863, 753.1669686418658]
[15, 0.887, 633.112046974294]
[18, 0.904, 590.4293746181631]
[20, 0.912, 561.6932605711607]
[30, 0.941, 424.8820617341104]
[40, 0.951, 358.52950302727754]
[50, 0.959, 307.6997115432582]
[80, 0.975, 211.09852865829782]

dataset: youtube_rgb
attr: [1]
sel: [9]
M: 40
algo: navix
efs, recall, qps: 
[100, 0.915, 182.297]
[150, 0.929, 126.940]
[200, 0.941, 99.980]
[300, 0.950, 71.548]
[400, 0.955, 55.050]
[600, 0.963, 38.375]
[800, 0.969, 29.646]
[1000, 0.975, 24.114]

dataset: youtube_rgb
attr: [1]
sel: [9]
M: 40
algo: acorn
efs, recall, qps: 
[150, 0.689, 283.947]
[200, 0.732, 217.667]
[300, 0.768, 163.561]
[400, 0.794, 124.578]
[600, 0.811, 87.858]
[800, 0.826, 67.964]
[1000, 0.833, 54.758]
[1200, 0.842, 46.226]
[1500, 0.845, 37.383]
[2000, 0.851, 28.175]
[2500, 0.859, 22.573]
[3000, 0.861, 18.793]
[4000, 0.869, 13.714]

dataset: youtube_rgb
attr: [1]
sel: [9]
M: 40
algo: msvbase
recall: 0.2730, qps: 653.79

dataset: Redcaps_4M
attr: [1]
sel: [18]
M: 40
algo: bfann
Final results (ef_search, recall, QPS):
[10, 0.9822, 302.5193695012759]

dataset: Redcaps_4M
attr: [1]
sel: [18]
M: 40
algo: navix
efs, recall, qps: 
[100, 0.895, 153.785]
[150, 0.928, 108.635]
[200, 0.944, 67.490]
[300, 0.957, 42.453]
[400, 0.967, 32.153]
[600, 0.976, 24.674]

dataset: Redcaps_4M
attr: [1]
sel: [18]
M: 40
algo: acorn
efs, recall, qps: 
[150, 0.000, 4309.984]
[200, 0.000, 4454.822]
[300, 0.000, 4476.073]
[400, 0.000, 4526.016]
[600, 0.000, 4535.069]
[800, 0.000, 4515.880]
[1000, 0.000, 4496.852]
[1200, 0.000, 4518.848]
[1500, 0.000, 4507.532]
[2000, 0.000, 4530.269]
[2500, 0.000, 4515.880]
[3000, 0.000, 4496.081]
[4000, 0.000, 4482.052]

dataset: Redcaps_4M
attr: [1]
sel: [18]
M: 40
algo: milvus
Final results (ef_search, recall, QPS):
[10, 1.0, 11.109355950674633]

dataset: Redcaps_4M
attr: [1]
sel: [18]
M: 40
algo: msvbase
recall: 0.9815, qps: 0.76

dataset: Redcaps_4M
attr: [1]
sel: [17]
M: 40
algo: bfann
Final results (ef_search, recall, QPS):
[10, 0.9689, 456.2710972013267]
[12, 0.9781, 398.0543632241889]

dataset: Redcaps_4M
attr: [1]
sel: [17]
M: 40
algo: navix
efs, recall, qps: 
[100, 0.955, 166.221]
[150, 0.968, 115.127]
[200, 0.974, 69.880]

dataset: Redcaps_4M
attr: [1]
sel: [17]
M: 40
algo: acorn
efs, recall, qps: 
[150, 0.000, 3946.280]
[200, 0.000, 4173.478]
[300, 0.000, 2609.112]
[400, 0.000, 4165.148]
[600, 0.000, 4175.680]
[800, 0.000, 4196.108]
[1000, 0.000, 4235.045]
[1200, 0.000, 4221.915]
[1500, 0.000, 3959.505]
[2000, 0.000, 4209.754]
[2500, 0.000, 4239.411]
[3000, 0.000, 4238.041]
[4000, 0.000, 4187.520]

dataset: Redcaps_4M
attr: [1]
sel: [17]
M: 40
algo: milvus
Final results (ef_search, recall, QPS):
[10, 1.0, 10.654575976235993]

dataset: Redcaps_4M
attr: [1]
sel: [17]
M: 40
algo: msvbase
recall: 0.9707, qps: 70.31

dataset: Redcaps_4M
attr: [1]
sel: [16]
M: 40
algo: bfann
Final results (ef_search, recall, QPS):
[10, 0.9556, 534.8511088302313]
[12, 0.9654, 487.58843729583566]
[15, 0.9751, 416.12309525125255]

dataset: Redcaps_4M
attr: [1]
sel: [16]
M: 40
algo: navix
efs, recall, qps: 
[100, 0.968, 179.054]
[150, 0.979, 128.671]

dataset: Redcaps_4M
attr: [1]
sel: [16]
M: 40
algo: acorn
efs, recall, qps: 
[150, 0.000, 3731.886]
[200, 0.000, 3942.682]
[300, 0.000, 4036.944]
[400, 0.000, 4077.088]
[600, 0.000, 4046.447]
[800, 0.000, 4052.154]
[1000, 0.000, 4024.240]
[1200, 0.000, 3995.641]
[1500, 0.000, 4042.235]
[2000, 0.000, 4022.156]
[2500, 0.000, 4020.806]
[3000, 0.000, 4036.594]
[4000, 0.000, 4032.287]

dataset: Redcaps_4M
attr: [1]
sel: [16]
M: 40
algo: milvus
Final results (ef_search, recall, QPS):
[10, 0.9999, 10.421238491121093]

dataset: Redcaps_4M
attr: [1]
sel: [16]
M: 40
algo: msvbase
recall: 0.9669, qps: 255.33

dataset: Redcaps_4M
attr: [1]
sel: [14]
M: 40
algo: bfann
Final results (ef_search, recall, QPS):
[10, 0.9422, 780.2791574712081]
[12, 0.9557, 717.1951051647471]
[15, 0.9699, 605.6285294184323]
[18, 0.9775, 537.6548385620557]

dataset: Redcaps_4M
attr: [1]
sel: [14]
M: 40
algo: navix
efs, recall, qps: 
[100, 0.977, 159.055]

dataset: Redcaps_4M
attr: [1]
sel: [14]
M: 40
algo: acorn
efs, recall, qps: 
[150, 0.386, 420.094]
[200, 0.480, 334.376]
[300, 0.573, 240.461]
[400, 0.623, 188.974]
[600, 0.674, 128.812]
[800, 0.700, 102.495]
[1000, 0.713, 83.589]
[1200, 0.730, 70.479]
[1500, 0.750, 55.293]
[2000, 0.764, 42.210]
[2500, 0.774, 33.401]
[3000, 0.775, 23.814]
[4000, 0.778, 15.955]

dataset: Redcaps_4M
attr: [1]
sel: [14]
M: 40
algo: milvus
Final results (ef_search, recall, QPS):
[10, 0.9999, 10.007409742229742]

dataset: Redcaps_4M
attr: [1]
sel: [14]
M: 40
algo: msvbase
recall: 0.9571, qps: 373.96

dataset: Redcaps_4M
attr: [1]
sel: [12]
M: 40
algo: bfann
Final results (ef_search, recall, QPS):
[10, 0.9305, 903.9779474679029]
[12, 0.9452, 861.7419444576278]
[15, 0.9594, 747.7576028992494]
[18, 0.9665, 677.1402150159893]
[20, 0.9703, 634.9458942384578]

dataset: Redcaps_4M
attr: [1]
sel: [12]
M: 40
algo: navix
efs, recall, qps: 
[100, 0.983, 200.253]

dataset: Redcaps_4M
attr: [1]
sel: [12]
M: 40
algo: acorn
efs, recall, qps: 
[150, 0.469, 369.851]
[200, 0.555, 299.903]
[300, 0.685, 217.133]
[400, 0.739, 173.304]
[600, 0.794, 122.878]
[800, 0.838, 94.158]
[1000, 0.854, 78.692]
[1200, 0.870, 66.569]
[1500, 0.878, 49.994]
[2000, 0.883, 35.287]
[2500, 0.883, 28.287]
[3000, 0.885, 23.263]
[4000, 0.891, 16.604]

dataset: Redcaps_4M
attr: [1]
sel: [12]
M: 40
algo: milvus
Final results (ef_search, recall, QPS):
[10, 0.9892, 10.270995135084602]
[12, 0.9913, 10.16495939595416]

dataset: Redcaps_4M
attr: [1]
sel: [12]
M: 40
algo: msvbase
recall: 0.9435, qps: 473.09

dataset: Redcaps_4M
attr: [1]
sel: [9]
M: 40
algo: bfann
Final results (ef_search, recall, QPS):
[10, 0.9065, 1004.1001374851963]
[12, 0.9277, 937.2840620743673]
[15, 0.9457, 845.9780130235673]
[18, 0.9584, 758.1320214539065]
[20, 0.9625, 733.1980202640965]
[30, 0.9764, 556.6723440298962]

dataset: Redcaps_4M
attr: [1]
sel: [9]
M: 40
algo: navix
efs, recall, qps: 
[100, 0.980, 216.717]

dataset: Redcaps_4M
attr: [1]
sel: [9]
M: 40
algo: acorn
efs, recall, qps: 
[150, 0.644, 352.551]
[200, 0.717, 287.197]
[300, 0.792, 212.585]
[400, 0.840, 171.651]
[600, 0.884, 120.638]
[800, 0.899, 96.305]
[1000, 0.913, 78.794]
[1200, 0.919, 66.733]
[1500, 0.927, 54.010]
[2000, 0.934, 40.519]
[2500, 0.935, 31.853]
[3000, 0.936, 25.334]
[4000, 0.938, 17.429]

dataset: Redcaps_4M
attr: [1]
sel: [9]
M: 40
algo: milvus
Final results (ef_search, recall, QPS):
[10, 0.9717, 11.509331838468944]
[12, 0.9772, 11.157208773500512]
[15, 0.9834, 11.275256656336701]
[18, 0.9862, 11.190653172400138]
[20, 0.9891, 11.235486907199917]
[30, 0.994, 11.127452004654875]

dataset: Redcaps_4M
attr: [1]
sel: [9]
M: 40
algo: msvbase
recall: 0.9427, qps: 611.61

dataset: youtube_rgb
attr: [1]
sel: [18]
M: 40
algo: diskann
[300, 0.20, 63089.25]
[350, 0.20, 79113.86]

dataset: youtube_rgb
attr: [1]
sel: [17]
M: 40
algo: diskann
[300, 0.10, 69371.12]
[350, 0.10, 80025.93]

dataset: youtube_rgb
attr: [1]
sel: [18]
M: 40
algo: diskann
[100, 0.20, 8634.22]
[150, 0.20, 8990.73]
[200, 0.20, 8996.30]
[250, 0.20, 8972.70]
[300, 0.20, 8996.32]
[400, 0.20, 8993.80]
[500, 0.20, 9001.72]
[600, 0.20, 8984.31]
[800, 0.20, 8980.82]
[1000, 0.20, 8997.14]
[1200, 0.20, 8993.06]
[1500, 0.20, 9010.87]
[2000, 0.20, 8993.84]
[2500, 0.20, 8989.64]
[3000, 0.20, 9007.07]
[4000, 0.20, 9000.26]

dataset: youtube_rgb
attr: [1]
sel: [17]
M: 40
algo: diskann
[100, 0.10, 8057.88]
[150, 0.10, 8803.06]
[200, 0.10, 8960.36]
[250, 0.10, 8989.41]
[300, 0.10, 8991.84]
[400, 0.10, 9002.79]
[500, 0.10, 9012.41]
[600, 0.10, 8996.21]
[800, 0.10, 9018.79]
[1000, 0.10, 9022.71]
[1200, 0.10, 9012.27]
[1500, 0.10, 9004.56]
[2000, 0.10, 9009.88]
[2500, 0.10, 9016.28]
[3000, 0.10, 8976.10]
[4000, 0.10, 9019.06]

dataset: youtube_rgb
attr: [1]
sel: [16]
M: 40
algo: diskann
[100, 0.70, 8038.82]
[150, 0.70, 8538.03]
[200, 0.70, 8560.94]
[250, 0.70, 8559.04]
[300, 0.70, 8577.30]
[400, 0.70, 8580.79]
[500, 0.70, 8574.79]
[600, 0.70, 8593.02]
[800, 0.70, 8587.90]
[1000, 0.70, 8595.48]
[1200, 0.70, 8592.21]
[1500, 0.70, 8598.19]
[2000, 0.70, 8562.83]
[2500, 0.70, 8584.27]
[3000, 0.70, 8578.37]
[4000, 0.70, 8576.36]

dataset: youtube_rgb
attr: [1]
sel: [14]
M: 40
algo: diskann
[100, 6.60, 2225.21]
[150, 9.30, 1603.36]
[200, 12.70, 1229.59]
[250, 16.20, 974.01]
[300, 20.10, 783.66]
[400, 27.90, 516.33]
[500, 31.00, 462.00]
[600, 33.70, 386.69]
[800, 39.20, 279.17]
[1000, 42.40, 240.83]
[1200, 44.00, 199.73]
[1500, 46.90, 155.96]
[2000, 51.70, 117.95]
[2500, 55.10, 94.83]
[3000, 55.90, 79.44]
[4000, 60.50, 58.42]

dataset: youtube_rgb
attr: [1]
sel: [12]
M: 40
algo: diskann
[100, 15.80, 1773.88]
[150, 22.30, 1242.45]
[200, 33.00, 884.70]
[250, 39.20, 721.67]
[300, 43.20, 609.30]
[400, 50.70, 430.11]
[500, 54.20, 388.84]
[600, 59.60, 336.60]
[800, 62.80, 249.63]
[1000, 67.00, 215.63]
[1200, 69.90, 175.90]
[1500, 73.70, 143.84]
[2000, 75.20, 113.35]
[2500, 77.10, 89.16]
[3000, 77.50, 74.75]
[4000, 79.40, 54.83]

dataset: youtube_rgb
attr: [1]
sel: [9]
M: 40
algo: diskann
[100, 43.40, 1321.05]
[150, 55.60, 950.48]
[200, 64.80, 726.27]
[250, 70.70, 554.91]
[300, 75.40, 532.11]
[400, 79.80, 427.22]
[500, 81.20, 337.74]
[600, 82.40, 308.28]
[800, 84.50, 240.22]
[1000, 85.30, 190.47]
[1200, 86.20, 162.36]
[1500, 86.80, 135.12]
[2000, 87.70, 101.80]
[2500, 88.40, 80.90]
[3000, 88.70, 67.11]
[4000, 89.70, 49.89]

dataset: Redcaps_4M
attr: [1]
sel: [18]
M: 40
algo: diskann
[100, 0.00, 7367.46]
[150, 0.00, 7441.18]
[200, 0.00, 7445.42]
[250, 0.00, 7448.51]
[300, 0.00, 7446.36]
[400, 0.00, 6993.63]
[500, 0.00, 7453.77]
[600, 0.00, 7452.90]
[800, 0.00, 7454.23]
[1000, 0.00, 7454.57]
[1200, 0.00, 7449.64]
[1500, 0.00, 7453.41]
[2000, 0.00, 7448.86]
[2500, 0.00, 7450.78]
[3000, 0.00, 6666.03]
[4000, 0.00, 7454.94]

dataset: Redcaps_4M
attr: [1]
sel: [17]
M: 40
algo: diskann
[100, 0.02, 2595.71]
[150, 0.02, 2427.05]
[200, 0.02, 2378.08]
[250, 0.02, 2415.86]
[300, 0.02, 2383.05]
[400, 0.02, 2385.18]
[500, 0.02, 2421.31]
[600, 0.02, 2322.79]
[800, 0.02, 2332.91]
[1000, 0.02, 2311.25]
[1200, 0.02, 2347.76]
[1500, 0.02, 2310.20]
[2000, 0.02, 2364.43]
[2500, 0.02, 2317.88]
[3000, 0.02, 2303.56]
[4000, 0.02, 2364.98]

dataset: Redcaps_4M
attr: [1]
sel: [16]
M: 40
algo: diskann
[100, 0.04, 2549.34]
[150, 0.04, 2137.83]
[200, 0.04, 1702.79]
[250, 0.04, 1447.87]
[300, 0.04, 1277.02]
[400, 0.04, 1116.27]
[500, 0.04, 1116.34]
[600, 0.04, 1115.86]
[800, 0.04, 1116.63]
[1000, 0.04, 1116.11]
[1200, 0.04, 1071.10]
[1500, 0.04, 1095.08]
[2000, 0.04, 1093.58]
[2500, 0.04, 1108.24]
[3000, 0.04, 1116.27]
[4000, 0.04, 1115.58]

dataset: Redcaps_4M
attr: [1]
sel: [14]
M: 40
algo: diskann
[100, 0.84, 1278.26]
[150, 1.24, 883.33]
[200, 1.45, 717.47]
[250, 1.62, 593.30]
[300, 1.82, 504.81]
[400, 2.13, 382.59]
[500, 2.40, 314.98]
[600, 2.49, 270.76]
[800, 2.68, 207.93]
[1000, 2.86, 170.98]
[1200, 2.94, 145.81]
[1500, 3.06, 119.35]
[2000, 3.21, 93.13]
[2500, 3.36, 74.97]
[3000, 3.42, 63.76]
[4000, 3.54, 48.45]

dataset: Redcaps_4M
attr: [1]
sel: [12]
M: 40
algo: diskann
[100, 2.14, 1015.08]
[150, 2.60, 745.34]
[200, 3.06, 595.80]
[250, 3.28, 499.78]
[300, 3.55, 427.98]
[400, 3.84, 341.84]
[500, 4.13, 290.56]
[600, 4.21, 248.29]
[800, 4.51, 202.58]
[1000, 4.66, 167.87]
[1200, 4.76, 143.76]
[1500, 4.88, 116.89]
[2000, 5.02, 90.76]
[2500, 5.14, 75.19]
[3000, 5.21, 63.14]
[4000, 5.38, 47.65]

dataset: Redcaps_4M
attr: [1]
sel: [9]
M: 40
algo: diskann
[100, 4.22, 983.60]
[150, 5.22, 725.64]
[200, 5.93, 587.67]
[250, 6.38, 485.45]
[300, 6.98, 403.63]
[400, 7.63, 315.34]
[500, 8.33, 260.34]
[600, 8.74, 218.71]
[800, 9.26, 172.25]
[1000, 9.37, 146.48]
[1200, 9.51, 125.86]
[1500, 9.68, 104.02]
[2000, 9.84, 80.60]
[2500, 9.90, 66.06]
[3000, 9.93, 56.54]
[4000, 9.99, 43.39]

dataset: youtube_rgb
attr: [1]
sel: [18]
M: 40
algo: diskann
[5000, 0.20, 4649.10]
[6000, 0.20, 4801.61]
[7000, 0.20, 4797.11]
[8000, 0.20, 4808.52]
[9000, 0.20, 4680.08]
[10000, 0.20, 4675.13]

dataset: youtube_rgb
attr: [1]
sel: [17]
M: 40
algo: diskann
[5000, 0.10, 4662.82]
[6000, 0.10, 4816.08]
[7000, 0.10, 4819.79]
[8000, 0.10, 4828.20]
[9000, 0.10, 4820.87]
[10000, 0.10, 4818.83]

dataset: youtube_rgb
attr: [1]
sel: [16]
M: 40
algo: diskann
[5000, 0.70, 4520.48]
[6000, 0.70, 4673.70]
[7000, 0.70, 4668.49]
[8000, 0.70, 4673.34]
[9000, 0.70, 4673.61]
[10000, 0.70, 4660.12]

dataset: youtube_rgb
attr: [1]
sel: [14]
M: 40
algo: diskann
[5000, 61.50, 44.69]
[6000, 64.30, 37.79]
[7000, 66.00, 32.34]
[8000, 67.40, 27.84]
[9000, 68.60, 24.84]
[10000, 69.20, 22.21]

dataset: youtube_rgb
attr: [1]
sel: [12]
M: 40
algo: diskann
[5000, 80.10, 41.80]
[6000, 81.40, 35.11]
[7000, 81.80, 29.94]
[8000, 82.00, 25.66]
[9000, 82.00, 22.53]
[10000, 82.00, 20.25]

dataset: youtube_rgb
attr: [1]
sel: [9]
M: 40
algo: diskann
[5000, 90.10, 31.62]
[6000, 90.50, 28.62]
[7000, 90.50, 26.11]
[8000, 90.80, 22.66]
[9000, 90.80, 19.85]
[10000, 91.50, 17.59]

dataset: Redcaps_4M
attr: [1]
sel: [18]
M: 40
algo: diskann
[5000, 0.00, 4239.46]
[6000, 0.00, 4073.37]
[7000, 0.00, 4300.63]
[8000, 0.00, 4176.01]
[9000, 0.00, 4274.78]
[10000, 0.00, 4174.51]

dataset: Redcaps_4M
attr: [1]
sel: [17]
M: 40
algo: diskann
[5000, 0.02, 1882.07]
[6000, 0.02, 1920.62]
[7000, 0.02, 1906.12]
[8000, 0.02, 1908.86]
[9000, 0.02, 1943.23]
[10000, 0.02, 2004.85]

dataset: Redcaps_4M
attr: [1]
sel: [16]
M: 40
algo: diskann
[5000, 0.04, 945.23]
[6000, 0.04, 942.69]
[7000, 0.04, 924.91]
[8000, 0.04, 939.42]
[9000, 0.04, 934.36]
[10000, 0.04, 934.93]

dataset: Redcaps_4M
attr: [1]
sel: [14]
M: 40
algo: diskann
[5000, 3.65, 36.85]
[6000, 3.68, 26.42]
[7000, 3.71, 25.90]
[8000, 3.74, 22.67]
[9000, 3.76, 19.74]
[10000, 3.79, 17.75]

dataset: Redcaps_4M
attr: [1]
sel: [12]
M: 40
algo: diskann
[5000, 5.47, 39.00]
[6000, 5.50, 32.63]
[7000, 5.50, 27.51]
[8000, 5.56, 24.17]
[9000, 5.57, 20.84]
[10000, 5.57, 18.66]

dataset: Redcaps_4M
attr: [1]
sel: [9]
M: 40
algo: diskann
[5000, 10.01, 34.46]
[6000, 10.01, 28.81]
[7000, 10.05, 24.69]
[8000, 10.05, 21.52]
[9000, 10.04, 19.01]
[10000, 10.05, 17.02]

dataset: youtube_rgb
attr: [1]
sel: [9]
M: 40
algo: milvus
Final results (ef_search, recall, QPS):
[10, 0.932, 15.222493425568038]
[12, 0.94, 14.490735584041419]
[15, 0.951, 14.403065398501255]
[18, 0.96, 14.449610841342198]
[20, 0.963, 14.612673418853666]
[30, 0.977, 14.719155943909412]
[40, 0.986, 13.61102837852739]
[50, 0.988, 13.726711363499058]
[80, 0.992, 13.183735705688932]

dataset: youtube_rgb
attr: [1]
sel: [18]
M: 40
algo: milvus
Final results (ef_search, recall, QPS):
[10, 1.0, 14.773148575050996]

dataset: youtube_rgb
attr: [1]
sel: [17]
M: 40
algo: milvus
Final results (ef_search, recall, QPS):
[10, 1.0, 13.801506795499034]

dataset: youtube_rgb
attr: [1]
sel: [16]
M: 40
algo: milvus
Final results (ef_search, recall, QPS):
[10, 1.0, 13.447510689980108]

dataset: youtube_rgb
attr: [1]
sel: [14]
M: 40
algo: milvus
Final results (ef_search, recall, QPS):
[10, 1.0, 12.60563744318257]

dataset: youtube_rgb
attr: [1]
sel: [12]
M: 40
algo: milvus
Final results (ef_search, recall, QPS):
[10, 0.955, 13.798763405897263]
[12, 0.963, 14.179480209277203]
[15, 0.973, 14.699853825210727]
[18, 0.974, 14.54661632390088]
[20, 0.978, 14.356614921335972]
[30, 0.988, 14.21613156391364]
[40, 0.989, 14.096545329661327]
[50, 0.99, 13.964259480284204]

dataset: youtube_rgb
attr: [1]
sel: [9]
M: 40
algo: milvus
Final results (ef_search, recall, QPS):
[10, 0.891, 17.538368568236077]
[12, 0.913, 17.62806042598983]
[15, 0.931, 17.677170657382934]
[18, 0.942, 16.92302751273412]
[20, 0.944, 16.676654439596877]
[30, 0.965, 16.040719210046102]
[40, 0.979, 15.863493975940068]
[50, 0.979, 14.871206743224075]
[80, 0.988, 14.35906157838127]
[100, 0.992, 14.237301851421135]

dataset: youtube_rgb
attr: [1]
sel: [18]
M: 40
algo: milvus
Final results (ef_search, recall, QPS):
[10, 1.0, 17.249619602307053]

dataset: youtube_rgb
attr: [1]
sel: [17]
M: 40
algo: milvus
Final results (ef_search, recall, QPS):
[10, 1.0, 15.964649200738705]

dataset: youtube_rgb
attr: [0,1]
sel: [0.333,7]
M: 40
K: 100
algo: bfann
Final results (ef_search, recall, QPS):
[10, 0.0, 512.3489877137991]
[12, 0.0, 531.9595212457655]
[15, 0.0, 480.4961788773426]
[18, 0.0, 322.6132083381086]
[20, 0.0, 314.4264344947427]
[30, 0.0, 205.77461610165335]
[40, 0.0, 174.95599303897473]
[50, 0.0, 150.72525431695576]
[80, 0.0, 100.1137834562626]
[100, 0.0, 117.19006745065256]
[120, 0.0, 88.23242700053159]
[150, 0.0, 71.45244072296316]
[180, 0.0, 65.4391908969668]
[200, 0.0, 54.05478830269055]

dataset: youtube_rgb
attr: [0,1]
sel: [0.333,7]
M: 40
K: 100
algo: bfann
Final results (ef_search, recall, QPS):
[10, 0.9174, 142.87917807845864]
[12, 0.9174, 150.81278025898078]
[15, 0.9174, 152.8597720754112]
[18, 0.9174, 153.06192902440858]
[20, 0.9174, 152.21969145991113]
[30, 0.9174, 152.49036824445554]
[40, 0.9174, 152.00344429191244]
[50, 0.9174, 157.63420015837443]
[80, 0.9174, 164.1605619723828]
[100, 0.9174, 152.53734057293732]
[120, 0.9299, 124.60359381340761]
[150, 0.9427, 104.96222109387531]
[180, 0.9488, 92.05066062521]
[200, 0.9517, 86.36914098174044]

dataset: youtube_rgb
attr: [0,1]
sel: [0.333,7]
M: 40
K: 100
algo: bfann
Final results (ef_search, recall, QPS):
[100, 0.9174, 71.42683928661441]
[150, 0.9427, 63.59075869162324]
[200, 0.9517, 51.52374041631457]
[250, 0.9582, 47.0325445206908]
[300, 0.9622, 49.95283169986074]
[400, 0.9672, 38.19582693936547]
[500, 0.9704, 32.98714286770409]

dataset: youtube_rgb
attr: [0,1]
sel: [0.333,7]
M: 40
K: 100
algo: navix
efs, recall, qps: 
[100, 0.817, 194.905]
[150, 0.848, 145.199]
[200, 0.872, 111.853]
[250, 0.883, 94.030]
[300, 0.895, 78.845]
[400, 0.912, 61.767]
[500, 0.922, 51.132]

dataset: youtube_rgb
attr: [0,1]
sel: [0.333,7]
M: 40
K: 100
algo: acorn
efs, recall, qps: 
[150, 0.500, 261.114]
[200, 0.551, 223.156]
[250, 0.584, 180.869]
[300, 0.608, 162.400]
[400, 0.640, 126.875]
[500, 0.663, 102.993]

dataset: youtube_rgb
attr: [0,1]
sel: [0.333,7]
M: 40
K: 100
algo: milvus
Final results (ef_search, recall, QPS):
[100, 0.9938, 32.512368959030795]

dataset: youtube_rgb
attr: [0,1]
sel: [0.333,7]
M: 40
K: 100
algo: msvbase
recall: 0.4107, qps: 1.07

dataset: youtube_rgb
attr: [0,1]
sel: [0.1,9]
M: 40
K: 100
algo: bfann
Final results (ef_search, recall, QPS):
[100, 0.902, 16.583121179788137]
[150, 0.9268, 12.348222304295671]
[200, 0.9386, 12.867107810203976]
[250, 0.9458, 11.642162301907797]
[300, 0.9506, 10.213502742786634]
[400, 0.9559, 8.171210015891598]
[500, 0.9593, 6.949821715362762]

dataset: youtube_rgb
attr: [0,1]
sel: [0.1,9]
M: 40
K: 100
algo: navix
efs, recall, qps: 
[100, 0.551, 198.467]
[150, 0.611, 138.871]
[200, 0.655, 105.331]
[250, 0.685, 85.808]
[300, 0.709, 72.452]
[400, 0.743, 55.333]
[500, 0.770, 43.799]

dataset: youtube_rgb
attr: [0,1]
sel: [0.1,9]
M: 40
K: 100
algo: acorn
efs, recall, qps: 
[150, 0.008, 2344.012]
[200, 0.009, 1494.150]
[250, 0.011, 1794.055]
[300, 0.012, 1590.318]
[400, 0.013, 1288.304]
[500, 0.016, 1163.640]

dataset: youtube_rgb
attr: [0,1]
sel: [0.1,9]
M: 40
K: 100
algo: milvus
Final results (ef_search, recall, QPS):
[100, 1.0, 66.33078793809702]

dataset: youtube_rgb
attr: [0,1]
sel: [0.1,9]
M: 40
K: 100
algo: msvbase
recall: 0.4973, qps: 1.10

dataset: youtube_rgb
attr: [0,1]
sel: [0.1,8]
M: 40
K: 100
algo: bfann
Final results (ef_search, recall, QPS):
[100, 0.9036, 49.69450285225061]
[150, 0.9278, 35.61483874627192]
[200, 0.9385, 27.929007132500814]
[250, 0.9447, 22.516314824195437]
[300, 0.9494, 19.307906378264097]
[400, 0.9547, 15.089706914301246]
[500, 0.9582, 12.549781455442334]

dataset: youtube_rgb
attr: [0,1]
sel: [0.1,8]
M: 40
K: 100
algo: navix
efs, recall, qps: 
[100, 0.675, 213.881]
[150, 0.727, 148.330]
[200, 0.764, 118.258]
[250, 0.789, 95.774]
[300, 0.807, 79.937]
[400, 0.837, 61.142]
[500, 0.854, 50.060]

dataset: youtube_rgb
attr: [0,1]
sel: [0.1,8]
M: 40
K: 100
algo: acorn
efs, recall, qps: 
[150, 0.040, 765.758]
[200, 0.051, 542.437]
[250, 0.054, 497.649]
[300, 0.061, 431.155]
[400, 0.067, 289.584]
[500, 0.077, 196.664]

dataset: youtube_rgb
attr: [0,1]
sel: [0.1,8]
M: 40
K: 100
algo: milvus
Final results (ef_search, recall, QPS):
[100, 1.0, 57.80239216204554]

dataset: youtube_rgb
attr: [0,1]
sel: [0.1,8]
M: 40
K: 100
algo: msvbase
recall: 0.4904, qps: 1.16

dataset: youtube_rgb
attr: [0,1]
sel: [0.15,8]
M: 40
K: 100
algo: bfann
Final results (ef_search, recall, QPS):
[100, 0.9051, 67.65320711671768]
[150, 0.9301, 49.16590473243214]
[200, 0.9399, 39.48427521388119]
[250, 0.9476, 30.90807290710992]
[300, 0.9515, 26.757601041697303]
[400, 0.9555, 20.723506257981047]
[500, 0.9591, 17.16580449606709]

dataset: youtube_rgb
attr: [0,1]
sel: [0.15,8]
M: 40
K: 100
algo: navix
efs, recall, qps: 
[100, 0.730, 202.132]
[150, 0.780, 149.512]
[200, 0.811, 114.366]
[250, 0.830, 95.033]
[300, 0.846, 79.349]
[400, 0.870, 60.971]
[500, 0.886, 50.054]

dataset: youtube_rgb
attr: [0,1]
sel: [0.15,8]
M: 40
K: 100
algo: acorn
efs, recall, qps: 
[150, 0.114, 426.631]
[200, 0.134, 369.312]
[250, 0.153, 301.697]
[300, 0.170, 258.680]
[400, 0.196, 195.644]
[500, 0.214, 164.206]

dataset: youtube_rgb
attr: [0,1]
sel: [0.15,8]
M: 40
K: 100
algo: milvus
Final results (ef_search, recall, QPS):
[100, 1.0, 56.40406698445558]

dataset: youtube_rgb
attr: [0,1]
sel: [0.15,8]
M: 40
K: 100
algo: msvbase
recall: 0.4953, qps: 1.55

dataset: youtube_rgb
attr: [0,1]
sel: [0.177,7]
M: 40
K: 100
algo: bfann
Final results (ef_search, recall, QPS):
[100, 0.9113, 100.08222659894466]
[150, 0.9331, 74.6670312517802]
[200, 0.9444, 58.67083403624123]
[250, 0.9512, 49.96486392828072]
[300, 0.9558, 40.49099251733582]
[400, 0.9608, 31.399990716936948]
[500, 0.9642, 25.933748218497943]

dataset: youtube_rgb
attr: [0,1]
sel: [0.177,7]
M: 40
K: 100
algo: navix
efs, recall, qps: 
[100, 0.789, 201.641]
[150, 0.827, 141.089]
[200, 0.849, 112.814]
[250, 0.863, 92.844]
[300, 0.877, 78.077]
[400, 0.895, 60.373]
[500, 0.909, 49.932]

dataset: youtube_rgb
attr: [0,1]
sel: [0.177,7]
M: 40
K: 100
algo: acorn
efs, recall, qps: 
[150, 0.306, 312.256]
[200, 0.349, 265.176]
[250, 0.385, 220.217]
[300, 0.414, 176.996]
[400, 0.453, 135.685]
[500, 0.475, 118.141]

dataset: youtube_rgb
attr: [0,1]
sel: [0.177,7]
M: 40
K: 100
algo: milvus
Final results (ef_search, recall, QPS):
[100, 1.0, 54.2022852218889]

dataset: youtube_rgb
attr: [0,1]
sel: [0.177,7]
M: 40
K: 100
algo: msvbase
recall: 0.4633, qps: 1.72

dataset: youtube_rgb
attr: [0,1]
sel: [0.233,7]
M: 40
K: 100
algo: bfann
Final results (ef_search, recall, QPS):
[100, 0.9193, 113.93784833890712]
[150, 0.9391, 86.36208085820473]
[200, 0.95, 68.1275728720529]
[250, 0.9553, 56.988770737775816]
[300, 0.9598, 49.48330036062146]
[400, 0.9655, 37.09736379271382]
[500, 0.9689, 30.86324130612247]

dataset: youtube_rgb
attr: [0,1]
sel: [0.233,7]
M: 40
K: 100
algo: navix
efs, recall, qps: 
[100, 0.806, 201.496]
[150, 0.841, 142.014]
[200, 0.865, 113.559]
[250, 0.878, 94.161]
[300, 0.889, 79.336]
[400, 0.903, 61.693]
[500, 0.913, 51.030]

dataset: youtube_rgb
attr: [0,1]
sel: [0.233,7]
M: 40
K: 100
algo: acorn
efs, recall, qps: 
[150, 0.400, 279.640]
[200, 0.443, 239.688]
[250, 0.473, 192.832]
[300, 0.499, 172.232]
[400, 0.534, 133.541]
[500, 0.561, 107.336]

dataset: youtube_rgb
attr: [0,1]
sel: [0.233,7]
M: 40
K: 100
algo: milvus
Final results (ef_search, recall, QPS):
[100, 0.996, 38.1780678437172]

dataset: youtube_rgb
attr: [0,1]
sel: [0.233,7]
M: 40
K: 100
algo: msvbase
recall: 0.4420, qps: 2.43

dataset: youtube_rgb
attr: [0,1]
sel: [0.333,7]
M: 40
K: 100
algo: bfann
Final results (ef_search, recall, QPS):
[100, 0.9174, 141.77571180175283]
[150, 0.9427, 108.92878615016592]
[200, 0.9517, 86.2006360381327]
[250, 0.9582, 71.39455946162123]
[300, 0.9622, 64.78477998557972]
[400, 0.9672, 47.647265842703625]
[500, 0.9704, 39.744410980109144]

dataset: youtube_rgb
attr: [0,1]
sel: [0.333,7]
M: 40
K: 100
algo: navix
efs, recall, qps: 
[100, 0.817, 196.027]
[150, 0.848, 137.581]
[200, 0.872, 110.056]
[250, 0.883, 90.722]
[300, 0.895, 75.472]
[400, 0.912, 60.653]
[500, 0.922, 49.556]

dataset: youtube_rgb
attr: [0,1]
sel: [0.333,7]
M: 40
K: 100
algo: acorn
efs, recall, qps: 
[150, 0.500, 258.007]
[200, 0.551, 220.821]
[250, 0.584, 178.987]
[300, 0.608, 160.264]
[400, 0.640, 125.149]
[500, 0.663, 101.610]

dataset: youtube_rgb
attr: [0,1]
sel: [0.333,7]
M: 40
K: 100
algo: milvus
Final results (ef_search, recall, QPS):
[100, 0.9938, 38.226913788698866]

dataset: youtube_rgb
attr: [0,1]
sel: [0.333,7]
M: 40
K: 100
algo: msvbase
recall: 0.4107, qps: 229.68

dataset: Redcaps_4M
attr: [0,1]
sel: [0.1,9]
M: 40
K: 100
algo: bfann
Final results (ef_search, recall, QPS):
[100, 0.99198, 35.757132278509594]

dataset: Redcaps_4M
attr: [0,1]
sel: [0.1,9]
M: 40
K: 100
algo: navix
efs, recall, qps: 
[100, 0.761, 141.114]
[150, 0.827, 109.242]
[200, 0.865, 90.060]
[250, 0.891, 73.171]
[300, 0.907, 64.001]
[400, 0.929, 54.263]
[500, 0.941, 44.575]

dataset: Redcaps_4M
attr: [0,1]
sel: [0.1,9]
M: 40
K: 100
algo: acorn
efs, recall, qps: 
[150, 0.000, 2824.466]
[200, 0.000, 2770.053]
[250, 0.000, 2709.779]
[300, 0.000, 2685.420]
[400, 0.000, 2665.623]
[500, 0.000, 2678.184]

dataset: Redcaps_4M
attr: [0,1]
sel: [0.1,9]
M: 40
K: 100
algo: milvus
Final results (ef_search, recall, QPS):
[100, 1.0, 26.60943299852287]

dataset: Redcaps_4M
attr: [0,1]
sel: [0.1,9]
M: 40
K: 100
algo: msvbase
recall: 0.9911, qps: 22.41

dataset: Redcaps_4M
attr: [0,1]
sel: [0.1,9]
M: 40
K: 100
algo: bfann
Final results (ef_search, recall, QPS):
[100, 0.99198, 32.50786193012826]

dataset: Redcaps_4M
attr: [0,1]
sel: [0.1,9]
M: 40
K: 100
algo: navix
efs, recall, qps: 
[100, 0.761, 190.628]
[150, 0.827, 134.834]
[200, 0.865, 106.097]
[250, 0.891, 86.944]
[300, 0.907, 73.906]
[400, 0.929, 57.618]
[500, 0.941, 47.634]

dataset: Redcaps_4M
attr: [0,1]
sel: [0.1,9]
M: 40
K: 100
algo: acorn
efs, recall, qps: 
[150, 0.000, 2691.054]
[200, 0.000, 2714.619]
[250, 0.000, 2649.475]
[300, 0.000, 2259.777]
[400, 0.000, 2574.725]
[500, 0.000, 2614.120]

dataset: Redcaps_4M
attr: [0,1]
sel: [0.1,9]
M: 40
K: 100
algo: milvus
Final results (ef_search, recall, QPS):
[100, 1.0, 27.595392806090665]

dataset: Redcaps_4M
attr: [0,1]
sel: [0.1,9]
M: 40
K: 100
algo: msvbase
recall: 0.9911, qps: 22.86

dataset: Redcaps_4M
attr: [0,1]
sel: [0.1,8]
M: 40
K: 100
algo: bfann
Final results (ef_search, recall, QPS):
[100, 0.98935, 60.170362457264424]

dataset: Redcaps_4M
attr: [0,1]
sel: [0.1,8]
M: 40
K: 100
algo: navix
efs, recall, qps: 
[100, 0.867, 213.129]
[150, 0.912, 151.381]
[200, 0.935, 113.876]
[250, 0.949, 91.981]
[300, 0.960, 80.064]
[400, 0.971, 62.446]

dataset: Redcaps_4M
attr: [0,1]
sel: [0.1,8]
M: 40
K: 100
algo: acorn
efs, recall, qps: 
[150, 0.004, 2299.685]
[200, 0.005, 2034.835]
[250, 0.005, 1727.743]
[300, 0.006, 1511.178]
[400, 0.007, 1223.154]
[500, 0.011, 1010.625]

dataset: Redcaps_4M
attr: [0,1]
sel: [0.1,8]
M: 40
K: 100
algo: milvus
Final results (ef_search, recall, QPS):
[100, 1.0, 24.871907397440083]

dataset: Redcaps_4M
attr: [0,1]
sel: [0.1,8]
M: 40
K: 100
algo: msvbase
recall: 0.9899, qps: 44.48

dataset: Redcaps_4M
attr: [0,1]
sel: [0.15,8]
M: 40
K: 100
algo: bfann
Final results (ef_search, recall, QPS):
[100, 0.99007, 75.0522043832965]

dataset: Redcaps_4M
attr: [0,1]
sel: [0.15,8]
M: 40
K: 100
algo: navix
efs, recall, qps: 
[100, 0.905, 167.297]
[150, 0.939, 116.333]
[200, 0.956, 113.397]
[250, 0.966, 95.458]
[300, 0.973, 82.872]

dataset: Redcaps_4M
attr: [0,1]
sel: [0.15,8]
M: 40
K: 100
algo: acorn
efs, recall, qps: 
[150, 0.024, 1501.871]
[200, 0.031, 1315.637]
[250, 0.037, 1156.258]
[300, 0.044, 1027.029]
[400, 0.056, 844.696]
[500, 0.065, 702.917]

dataset: Redcaps_4M
attr: [0,1]
sel: [0.15,8]
M: 40
K: 100
algo: milvus
Final results (ef_search, recall, QPS):
[100, 0.99999, 23.66915662179704]

dataset: Redcaps_4M
attr: [0,1]
sel: [0.15,8]
M: 40
K: 100
algo: msvbase
recall: 0.9881, qps: 61.12

dataset: Redcaps_4M
attr: [0,1]
sel: [0.177,7]
M: 40
K: 100
algo: bfann
Final results (ef_search, recall, QPS):
[100, 0.98796, 125.8949441715601]

dataset: Redcaps_4M
attr: [0,1]
sel: [0.177,7]
M: 40
K: 100
algo: navix
efs, recall, qps: 
[100, 0.941, 173.630]
[150, 0.962, 131.583]
[200, 0.973, 120.885]

dataset: Redcaps_4M
attr: [0,1]
sel: [0.177,7]
M: 40
K: 100
algo: acorn
efs, recall, qps: 
[150, 0.232, 471.052]
[200, 0.287, 387.535]
[250, 0.348, 323.856]
[300, 0.410, 280.649]
[400, 0.504, 220.899]
[500, 0.548, 182.895]

dataset: Redcaps_4M
attr: [0,1]
sel: [0.177,7]
M: 40
K: 100
algo: milvus
Final results (ef_search, recall, QPS):
[100, 1.0, 20.539101666198817]

dataset: Redcaps_4M
attr: [0,1]
sel: [0.177,7]
M: 40
K: 100
algo: msvbase
recall: 0.9856, qps: 93.07

dataset: Redcaps_4M
attr: [0,1]
sel: [0.233,7]
M: 40
K: 100
algo: bfann
Final results (ef_search, recall, QPS):
[100, 0.9874, 149.952554217648]

dataset: Redcaps_4M
attr: [0,1]
sel: [0.233,7]
M: 40
K: 100
algo: navix
efs, recall, qps: 
[100, 0.947, 163.085]
[150, 0.967, 112.319]
[200, 0.976, 79.143]

dataset: Redcaps_4M
attr: [0,1]
sel: [0.233,7]
M: 40
K: 100
algo: acorn
efs, recall, qps: 
[150, 0.381, 415.297]
[200, 0.469, 335.459]
[250, 0.532, 282.688]
[300, 0.582, 245.457]
[400, 0.652, 192.945]
[500, 0.707, 160.356]

dataset: Redcaps_4M
attr: [0,1]
sel: [0.233,7]
M: 40
K: 100
algo: milvus
Final results (ef_search, recall, QPS):
[100, 0.9992, 20.158803716987066]

dataset: Redcaps_4M
attr: [0,1]
sel: [0.233,7]
M: 40
K: 100
algo: msvbase
recall: 0.9841, qps: 99.23

dataset: Redcaps_4M
attr: [0,1]
sel: [0.333,7]
M: 40
K: 100
algo: bfann
Final results (ef_search, recall, QPS):
[100, 0.98635, 197.23907875993484]

dataset: Redcaps_4M
attr: [0,1]
sel: [0.333,7]
M: 40
K: 100
algo: navix
efs, recall, qps: 
[100, 0.954, 222.964]
[150, 0.971, 161.708]

dataset: Redcaps_4M
attr: [0,1]
sel: [0.333,7]
M: 40
K: 100
algo: acorn
efs, recall, qps: 
[150, 0.496, 381.262]
[200, 0.584, 304.266]
[250, 0.642, 252.083]
[300, 0.692, 222.463]
[400, 0.759, 177.980]
[500, 0.798, 146.834]

dataset: Redcaps_4M
attr: [0,1]
sel: [0.333,7]
M: 40
K: 100
algo: milvus
Final results (ef_search, recall, QPS):
[100, 0.99831, 19.809247093000604]

dataset: Redcaps_4M
attr: [0,1]
sel: [0.333,7]
M: 40
K: 100
algo: msvbase
recall: 0.9806, qps: 155.13

dataset: Redcaps_4M
attr: [0,1]
sel: [0.1,9]
M: 40
K: 100
algo: bfann
Final results (ef_search, recall, QPS):
[100, 0.99198, 30.41606450511385]

dataset: Redcaps_4M
attr: [0,1]
sel: [0.1,9]
M: 40
K: 100
algo: navix
efs, recall, qps: 
[100, 0.761, 167.367]
[150, 0.827, 126.240]
[200, 0.865, 104.396]
[250, 0.891, 85.375]
[300, 0.907, 73.061]
[400, 0.929, 56.462]
[500, 0.941, 47.113]

dataset: Redcaps_4M
attr: [0,1]
sel: [0.1,9]
M: 40
K: 100
algo: acorn
efs, recall, qps: 
[150, 0.000, 2919.219]
[200, 0.000, 2889.594]
[250, 0.000, 2855.366]
[300, 0.000, 2799.917]
[400, 0.000, 2786.376]
[500, 0.000, 2792.349]

dataset: Redcaps_4M
attr: [0,1]
sel: [0.1,8]
M: 40
K: 100
algo: bfann
Final results (ef_search, recall, QPS):
[100, 0.98935, 59.13632427524692]

dataset: Redcaps_4M
attr: [0,1]
sel: [0.1,8]
M: 40
K: 100
algo: navix
efs, recall, qps: 
[100, 0.867, 216.585]
[150, 0.912, 154.114]
[200, 0.935, 118.329]
[250, 0.949, 97.875]
[300, 0.960, 82.699]
[400, 0.971, 64.656]

dataset: Redcaps_4M
attr: [0,1]
sel: [0.1,8]
M: 40
K: 100
algo: acorn
efs, recall, qps: 
[150, 0.004, 2276.890]
[200, 0.005, 2019.113]
[250, 0.005, 1701.937]
[300, 0.006, 1479.885]
[400, 0.007, 1202.154]
[500, 0.011, 1008.253]

dataset: Redcaps_4M
attr: [0,1]
sel: [0.15,8]
M: 40
K: 100
algo: bfann
Final results (ef_search, recall, QPS):
[100, 0.99007, 83.06779246725189]

dataset: Redcaps_4M
attr: [0,1]
sel: [0.15,8]
M: 40
K: 100
algo: navix
efs, recall, qps: 
[100, 0.905, 216.096]
[150, 0.939, 154.450]
[200, 0.956, 119.875]
[250, 0.966, 100.093]
[300, 0.973, 85.582]

dataset: Redcaps_4M
attr: [0,1]
sel: [0.15,8]
M: 40
K: 100
algo: acorn
efs, recall, qps: 
[150, 0.024, 1490.444]
[200, 0.031, 1294.263]
[250, 0.037, 1151.838]
[300, 0.044, 1024.946]
[400, 0.056, 834.251]
[500, 0.065, 692.589]

dataset: Redcaps_4M
attr: [0,1]
sel: [0.177,7]
M: 40
K: 100
algo: bfann
Final results (ef_search, recall, QPS):
[100, 0.98796, 117.83860332548802]

dataset: Redcaps_4M
attr: [0,1]
sel: [0.177,7]
M: 40
K: 100
algo: navix
efs, recall, qps: 
[100, 0.941, 224.097]
[150, 0.962, 118.308]
[200, 0.973, 93.009]

dataset: Redcaps_4M
attr: [0,1]
sel: [0.177,7]
M: 40
K: 100
algo: acorn
efs, recall, qps: 
[150, 0.232, 464.185]
[200, 0.287, 376.163]
[250, 0.348, 316.535]
[300, 0.410, 274.370]
[400, 0.504, 217.190]
[500, 0.548, 179.013]

dataset: Redcaps_4M
attr: [0,1]
sel: [0.233,7]
M: 40
K: 100
algo: bfann
Final results (ef_search, recall, QPS):
[100, 0.9874, 165.17984729808552]

dataset: Redcaps_4M
attr: [0,1]
sel: [0.233,7]
M: 40
K: 100
algo: navix
efs, recall, qps: 
[100, 0.947, 222.164]
[150, 0.967, 159.921]
[200, 0.976, 124.096]

dataset: Redcaps_4M
attr: [0,1]
sel: [0.233,7]
M: 40
K: 100
algo: acorn
efs, recall, qps: 
[150, 0.381, 408.174]
[200, 0.469, 331.181]
[250, 0.532, 279.780]
[300, 0.582, 241.096]
[400, 0.652, 190.952]
[500, 0.707, 157.041]

dataset: Redcaps_4M
attr: [0,1]
sel: [0.333,7]
M: 40
K: 100
algo: bfann
Final results (ef_search, recall, QPS):
[100, 0.98635, 191.02168426285775]

dataset: Redcaps_4M
attr: [0,1]
sel: [0.333,7]
M: 40
K: 100
algo: navix
efs, recall, qps: 
[100, 0.954, 242.972]
[150, 0.971, 173.628]

dataset: Redcaps_4M
attr: [0,1]
sel: [0.333,7]
M: 40
K: 100
algo: acorn
efs, recall, qps: 
[150, 0.496, 409.591]
[200, 0.584, 331.129]
[250, 0.642, 278.711]
[300, 0.692, 240.847]
[400, 0.759, 191.944]
[500, 0.798, 160.074]

dataset: Redcaps_4M
attr: [0,1]
sel: [0.1,9]
M: 40
K: 100
algo: navix
efs, recall, qps: 
[600, 0.950, 34.692]
[800, 0.961, 30.632]
[1000, 0.968, 24.331]
[1200, 0.972, 19.989]

dataset: Redcaps_4M
attr: [0,1]
sel: [0.1,9]
M: 40
K: 100
algo: acorn
efs, recall, qps: 
[800, 0.000, 2583.622]
[1000, 0.000, 2647.969]
[1200, 0.000, 2666.826]
[1500, 0.000, 2692.713]
[2000, 0.000, 2706.177]
[2500, 0.000, 2683.153]
[3000, 0.000, 2663.135]
[4000, 0.000, 2685.730]

dataset: Redcaps_4M
attr: [0,1]
sel: [0.1,8]
M: 40
K: 100
algo: navix
efs, recall, qps: 
[600, 0.983, 43.323]

dataset: Redcaps_4M
attr: [0,1]
sel: [0.1,8]
M: 40
K: 100
algo: acorn
efs, recall, qps: 
[800, 0.017, 661.195]
[1000, 0.020, 550.508]
[1200, 0.024, 457.180]
[1500, 0.024, 371.939]
[2000, 0.036, 283.661]
[2500, 0.045, 225.825]
[3000, 0.046, 149.092]
[4000, 0.053, 110.485]

dataset: Redcaps_4M
attr: [0,1]
sel: [0.15,8]
M: 40
K: 100
algo: navix
efs, recall, qps: 
[600, 0.988, 46.464]

dataset: Redcaps_4M
attr: [0,1]
sel: [0.15,8]
M: 40
K: 100
algo: acorn
efs, recall, qps: 
[800, 0.084, 458.970]
[1000, 0.099, 373.464]
[1200, 0.107, 318.310]
[1500, 0.114, 258.047]
[2000, 0.120, 193.177]
[2500, 0.123, 155.861]
[3000, 0.124, 128.200]
[4000, 0.129, 93.316]

dataset: Redcaps_4M
attr: [0,1]
sel: [0.177,7]
M: 40
K: 100
algo: navix
efs, recall, qps: 
[600, 0.991, 47.560]

dataset: Redcaps_4M
attr: [0,1]
sel: [0.177,7]
M: 40
K: 100
algo: acorn
efs, recall, qps: 
[800, 0.619, 113.645]
[1000, 0.646, 93.419]
[1200, 0.673, 78.862]
[1500, 0.689, 63.467]
[2000, 0.704, 47.543]
[2500, 0.722, 37.539]
[3000, 0.731, 29.840]
[4000, 0.740, 20.974]

dataset: Redcaps_4M
attr: [0,1]
sel: [0.233,7]
M: 40
K: 100
algo: navix
efs, recall, qps: 
[600, 0.993, 48.637]

dataset: Redcaps_4M
attr: [0,1]
sel: [0.233,7]
M: 40
K: 100
algo: acorn
efs, recall, qps: 
[800, 0.778, 101.124]
[1000, 0.806, 82.590]
[1200, 0.830, 69.231]
[1500, 0.842, 55.611]
[2000, 0.859, 42.472]
[2500, 0.867, 33.850]
[3000, 0.873, 27.106]
[4000, 0.878, 19.351]

dataset: Redcaps_4M
attr: [0,1]
sel: [0.333,7]
M: 40
K: 100
algo: navix
efs, recall, qps: 
[600, 0.992, 51.149]

dataset: Redcaps_4M
attr: [0,1]
sel: [0.333,7]
M: 40
K: 100
algo: acorn
efs, recall, qps: 
[800, 0.854, 102.047]
[1000, 0.869, 83.389]
[1200, 0.885, 70.763]
[1500, 0.897, 57.098]
[2000, 0.921, 42.705]
[2500, 0.928, 33.463]
[3000, 0.931, 26.478]
[4000, 0.937, 18.756]

dataset: Redcaps_4M
attr: [0,1]
sel: [0.1,9]
M: 40
K: 100
algo: bfann
Final results (ef_search, recall, QPS):
[600, 0.99921, 6.166691784729219]

dataset: Redcaps_4M
attr: [0,1]
sel: [0.1,9]
M: 40
K: 100
algo: navix
efs, recall, qps: 
[600, 0.950, 41.018]
[800, 0.961, 31.555]
[1000, 0.968, 25.866]
[1200, 0.972, 21.576]

dataset: Redcaps_4M
attr: [0,1]
sel: [0.1,9]
M: 40
K: 100
algo: acorn
efs, recall, qps: 
[800, 0.000, 2637.031]
[1000, 0.000, 2724.742]
[1200, 0.000, 2755.223]
[1500, 0.000, 2762.700]
[2000, 0.000, 2757.288]
[2500, 0.000, 2750.562]
[3000, 0.000, 2745.754]
[4000, 0.000, 2760.973]

dataset: Redcaps_4M
attr: [0,1]
sel: [0.1,8]
M: 40
K: 100
algo: bfann
Final results (ef_search, recall, QPS):
[600, 0.99909, 12.04208693166887]

dataset: Redcaps_4M
attr: [0,1]
sel: [0.1,8]
M: 40
K: 100
algo: navix
efs, recall, qps: 
[600, 0.983, 41.190]

dataset: Redcaps_4M
attr: [0,1]
sel: [0.1,8]
M: 40
K: 100
algo: acorn
efs, recall, qps: 
[800, 0.017, 677.015]
[1000, 0.020, 561.444]
[1200, 0.024, 469.872]
[1500, 0.024, 381.698]
[2000, 0.036, 290.578]
[2500, 0.045, 233.703]
[3000, 0.046, 192.338]
[4000, 0.053, 142.225]

dataset: Redcaps_4M
attr: [0,1]
sel: [0.15,8]
M: 40
K: 100
algo: bfann
Final results (ef_search, recall, QPS):
[600, 0.99918, 16.810587571538814]

dataset: Redcaps_4M
attr: [0,1]
sel: [0.15,8]
M: 40
K: 100
algo: navix
efs, recall, qps: 
[600, 0.988, 46.205]

dataset: Redcaps_4M
attr: [0,1]
sel: [0.15,8]
M: 40
K: 100
algo: acorn
efs, recall, qps: 
[800, 0.084, 469.427]
[1000, 0.099, 384.803]
[1200, 0.107, 326.096]
[1500, 0.114, 266.570]
[2000, 0.120, 200.471]
[2500, 0.123, 159.496]
[3000, 0.124, 132.413]
[4000, 0.129, 95.836]

dataset: Redcaps_4M
attr: [0,1]
sel: [0.177,7]
M: 40
K: 100
algo: bfann
Final results (ef_search, recall, QPS):
[600, 0.99916, 28.41260242918679]

dataset: Redcaps_4M
attr: [0,1]
sel: [0.177,7]
M: 40
K: 100
algo: navix
efs, recall, qps: 
[600, 0.991, 36.933]

dataset: Redcaps_4M
attr: [0,1]
sel: [0.177,7]
M: 40
K: 100
algo: acorn
efs, recall, qps: 
[800, 0.619, 97.024]
[1000, 0.646, 83.381]
[1200, 0.673, 69.708]
[1500, 0.689, 55.846]
[2000, 0.704, 41.305]
[2500, 0.722, 33.167]
[3000, 0.731, 24.073]
[4000, 0.740, 20.030]

dataset: Redcaps_4M
attr: [0,1]
sel: [0.233,7]
M: 40
K: 100
algo: bfann
Final results (ef_search, recall, QPS):
[600, 0.99911, 32.57362705977923]

dataset: Redcaps_4M
attr: [0,1]
sel: [0.233,7]
M: 40
K: 100
algo: navix
efs, recall, qps: 
[600, 0.993, 41.211]

dataset: Redcaps_4M
attr: [0,1]
sel: [0.233,7]
M: 40
K: 100
algo: acorn
efs, recall, qps: 
[800, 0.778, 100.489]
[1000, 0.806, 82.132]
[1200, 0.830, 69.547]
[1500, 0.842, 56.052]
[2000, 0.859, 41.921]
[2500, 0.867, 32.945]
[3000, 0.873, 26.149]
[4000, 0.878, 18.542]

dataset: Redcaps_4M
attr: [0,1]
sel: [0.333,7]
M: 40
K: 100
algo: bfann
Final results (ef_search, recall, QPS):
[600, 0.99923, 42.71798395669961]

dataset: Redcaps_4M
attr: [0,1]
sel: [0.333,7]
M: 40
K: 100
algo: navix
efs, recall, qps: 
[600, 0.992, 49.753]

dataset: Redcaps_4M
attr: [0,1]
sel: [0.333,7]
M: 40
K: 100
algo: acorn
efs, recall, qps: 
[800, 0.854, 101.884]
[1000, 0.869, 83.127]
[1200, 0.885, 70.231]
[1500, 0.897, 56.511]
[2000, 0.921, 42.237]
[2500, 0.928, 33.069]
[3000, 0.931, 26.558]
[4000, 0.937, 19.263]

dataset: Redcaps_4M
attr: [0,1]
sel: [0.1,9]
M: 40
K: 100
algo: bfann
Final results (ef_search, recall, QPS):
[50, 0.99198, 31.17591263415012]

dataset: Redcaps_4M
attr: [0,1]
sel: [0.1,8]
M: 40
K: 100
algo: bfann
Final results (ef_search, recall, QPS):
[50, 0.98935, 40.242619502178655]

dataset: Redcaps_4M
attr: [0,1]
sel: [0.15,8]
M: 40
K: 100
algo: bfann
Final results (ef_search, recall, QPS):
[50, 0.99007, 96.48728685797386]

dataset: Redcaps_4M
attr: [0,1]
sel: [0.177,7]
M: 40
K: 100
algo: bfann
Final results (ef_search, recall, QPS):
[50, 0.98796, 142.4878214695171]

dataset: Redcaps_4M
attr: [0,1]
sel: [0.233,7]
M: 40
K: 100
algo: bfann
Final results (ef_search, recall, QPS):
[50, 0.9874, 164.74589002740186]

dataset: Redcaps_4M
attr: [0,1]
sel: [0.333,7]
M: 40
K: 100
algo: bfann
Final results (ef_search, recall, QPS):
[50, 0.98635, 213.87909445647108]

dataset: Redcaps_4M
attr: [0,1]
sel: [0.1,9]
M: 40
K: 100
algo: bfann
Final results (ef_search, recall, QPS):
[50, 0.99198, 33.4302205446367]

dataset: Redcaps_4M
attr: [0,1]
sel: [0.1,9]
M: 40
K: 100
algo: navix
efs, recall, qps: 
[50, 0.613, 347.550]
[60, 0.658, 297.696]
[70, 0.690, 262.262]
[80, 0.718, 231.913]
[90, 0.741, 209.145]
[100, 0.761, 192.984]

dataset: Redcaps_4M
attr: [0,1]
sel: [0.1,9]
M: 40
K: 100
algo: acorn
efs, recall, qps: 
[60, 0.000, 3150.580]
[70, 0.000, 3330.504]
[80, 0.000, 3379.396]
[90, 0.000, 3418.452]
[100, 0.000, 3275.725]

dataset: Redcaps_4M
attr: [0,1]
sel: [0.1,8]
M: 40
K: 100
algo: bfann
Final results (ef_search, recall, QPS):
[50, 0.98935, 40.03766780821751]

dataset: Redcaps_4M
attr: [0,1]
sel: [0.1,8]
M: 40
K: 100
algo: navix
efs, recall, qps: 
[50, 0.754, 354.960]
[60, 0.786, 302.511]
[70, 0.815, 270.042]
[80, 0.835, 239.889]
[90, 0.853, 217.141]
[100, 0.867, 200.974]

dataset: Redcaps_4M
attr: [0,1]
sel: [0.1,8]
M: 40
K: 100
algo: acorn
efs, recall, qps: 
[60, 0.002, 2964.214]
[70, 0.003, 2947.529]
[80, 0.003, 2875.923]
[90, 0.003, 2822.300]
[100, 0.003, 2810.273]

dataset: Redcaps_4M
attr: [0,1]
sel: [0.15,8]
M: 40
K: 100
algo: bfann
Final results (ef_search, recall, QPS):
[50, 0.99007, 92.97608807943635]

dataset: Redcaps_4M
attr: [0,1]
sel: [0.15,8]
M: 40
K: 100
algo: navix
efs, recall, qps: 
[50, 0.812, 364.248]
[60, 0.842, 314.406]
[70, 0.863, 278.230]
[80, 0.880, 249.335]
[90, 0.892, 223.760]
[100, 0.905, 206.141]

dataset: Redcaps_4M
attr: [0,1]
sel: [0.15,8]
M: 40
K: 100
algo: acorn
efs, recall, qps: 
[60, 0.015, 1974.106]
[70, 0.016, 1950.204]
[80, 0.016, 1962.376]
[90, 0.016, 1956.344]
[100, 0.016, 1949.615]

dataset: Redcaps_4M
attr: [0,1]
sel: [0.177,7]
M: 40
K: 100
algo: bfann
Final results (ef_search, recall, QPS):
[50, 0.98796, 146.8827070404912]

dataset: Redcaps_4M
attr: [0,1]
sel: [0.177,7]
M: 40
K: 100
algo: navix
efs, recall, qps: 
[50, 0.872, 308.269]
[60, 0.893, 323.425]
[70, 0.909, 294.052]
[80, 0.923, 257.295]
[90, 0.933, 232.157]
[100, 0.941, 212.380]

dataset: Redcaps_4M
attr: [0,1]
sel: [0.177,7]
M: 40
K: 100
algo: acorn
efs, recall, qps: 
[60, 0.149, 430.578]
[70, 0.153, 561.277]
[80, 0.155, 559.381]
[90, 0.156, 574.965]
[100, 0.156, 575.482]

dataset: Redcaps_4M
attr: [0,1]
sel: [0.233,7]
M: 40
K: 100
algo: bfann
Final results (ef_search, recall, QPS):
[50, 0.9874, 172.07627636860366]

dataset: Redcaps_4M
attr: [0,1]
sel: [0.233,7]
M: 40
K: 100
algo: navix
efs, recall, qps: 
[50, 0.890, 383.361]
[60, 0.909, 334.802]
[70, 0.923, 297.065]
[80, 0.933, 267.868]
[90, 0.941, 240.081]
[100, 0.947, 223.812]

dataset: Redcaps_4M
attr: [0,1]
sel: [0.233,7]
M: 40
K: 100
algo: acorn
efs, recall, qps: 
[60, 0.249, 595.988]
[70, 0.261, 575.133]
[80, 0.266, 562.578]
[90, 0.267, 555.644]
[100, 0.267, 551.600]

dataset: Redcaps_4M
attr: [0,1]
sel: [0.333,7]
M: 40
K: 100
algo: bfann
Final results (ef_search, recall, QPS):
[50, 0.98635, 120.11679982322288]

dataset: Redcaps_4M
attr: [0,1]
sel: [0.333,7]
M: 40
K: 100
algo: navix
efs, recall, qps: 
[50, 0.903, 398.358]
[60, 0.919, 345.919]
[70, 0.932, 306.633]
[80, 0.941, 275.719]
[90, 0.948, 247.440]
[100, 0.954, 226.747]

dataset: Redcaps_4M
attr: [0,1]
sel: [0.333,7]
M: 40
K: 100
algo: acorn
efs, recall, qps: 
[60, 0.355, 575.223]
[70, 0.369, 553.365]
[80, 0.378, 538.613]
[90, 0.383, 525.774]
[100, 0.383, 524.395]

dataset: Redcaps_4M
attr: [0,1]
sel: [0.1,9]
M: 40
K: 100
algo: bfann
Final results (ef_search, recall, QPS):
[25, 0.99198, 35.406420631657774]

dataset: Redcaps_4M
attr: [0,1]
sel: [0.1,9]
M: 40
K: 100
algo: bfann
Final results (ef_search, recall, QPS):
[25, 0.99198, 29.13460335761761]

dataset: Redcaps_4M
attr: [0,1]
sel: [0.1,8]
M: 40
K: 100
algo: bfann
Final results (ef_search, recall, QPS):
[25, 0.99034, 51.725860427968776]

dataset: Redcaps_4M
attr: [0,1]
sel: [0.15,8]
M: 40
K: 100
algo: bfann
Final results (ef_search, recall, QPS):
[25, 0.99007, 92.54865645595493]

dataset: Redcaps_4M
attr: [0,1]
sel: [0.177,7]
M: 40
K: 100
algo: bfann
Final results (ef_search, recall, QPS):
[25, 0.98795, 146.6897300954208]

dataset: Redcaps_4M
attr: [0,1]
sel: [0.1,9]
M: 40
K: 100
algo: bfann
Final results (ef_search, recall, QPS):
[10, 0.99198, 32.955592760217186]

dataset: Redcaps_4M
attr: [0,1]
sel: [0.1,8]
M: 40
K: 100
algo: bfann
Final results (ef_search, recall, QPS):
[10, 0.99034, 61.24602415219758]

dataset: Redcaps_4M
attr: [0,1]
sel: [0.15,8]
M: 40
K: 100
algo: bfann
Final results (ef_search, recall, QPS):
[10, 0.99007, 60.3405990003234]

dataset: Redcaps_4M
attr: [0,1]
sel: [0.177,7]
M: 40
K: 100
algo: bfann
Final results (ef_search, recall, QPS):
[10, 0.98795, 139.79737449295462]

dataset: Redcaps_4M
attr: [0,1]
sel: [0.233,7]
M: 40
K: 100
algo: bfann
Final results (ef_search, recall, QPS):
[10, 0.98737, 224.35695953629838]

dataset: Redcaps_4M
attr: [0,1]
sel: [0.333,7]
M: 40
K: 100
algo: bfann
Final results (ef_search, recall, QPS):
[10, 0.98633, 291.72589963339374]

dataset: Redcaps_4M
attr: [0,1]
sel: [0.1,9]
M: 40
K: 100
algo: bfann
Final results (ef_search, recall, QPS):
[5, 0.99198, 28.40397221279762]

dataset: youtube_rgb
attr: [0,1]
sel: [0.1,9]
M: 40
K: 100
algo: navix
efs, recall, qps: 
[600, 0.793, 35.258]
[800, 0.821, 27.135]
[1000, 0.844, 22.197]
[1200, 0.859, 18.521]
[1500, 0.875, 16.186]
[2000, 0.894, 13.026]
[2500, 0.906, 10.256]
[3000, 0.916, 9.346]

dataset: youtube_rgb
attr: [0,1]
sel: [0.1,9]
M: 40
K: 100
algo: acorn
efs, recall, qps: 
[800, 0.017, 1003.302]
[1000, 0.017, 1017.272]
[1200, 0.017, 1019.897]
[1500, 0.017, 991.737]
[2000, 0.017, 1031.112]
[2500, 0.017, 1005.850]
[3000, 0.017, 1011.756]
[4000, 0.017, 1027.162]

dataset: youtube_rgb
attr: [0,1]
sel: [0.1,8]
M: 40
K: 100
algo: navix
efs, recall, qps: 
[600, 0.870, 28.088]
[800, 0.891, 19.818]
[1000, 0.906, 15.485]
[1200, 0.917, 15.330]
[1500, 0.931, 12.630]
[2000, 0.943, 9.919]

dataset: youtube_rgb
attr: [0,1]
sel: [0.1,8]
M: 40
K: 100
algo: acorn
efs, recall, qps: 
[800, 0.098, 183.913]
[1000, 0.104, 149.541]
[1200, 0.111, 132.173]
[1500, 0.120, 108.912]
[2000, 0.133, 84.543]
[2500, 0.140, 69.441]
[3000, 0.148, 59.737]
[4000, 0.162, 45.950]

dataset: youtube_rgb
attr: [0,1]
sel: [0.15,8]
M: 40
K: 100
algo: navix
efs, recall, qps: 
[600, 0.898, 39.895]
[800, 0.917, 30.266]
[1000, 0.927, 24.893]
[1200, 0.935, 21.031]
[1500, 0.944, 17.049]
[2000, 0.955, 13.269]
[2500, 0.963, 10.964]
[3000, 0.968, 9.481]

dataset: youtube_rgb
attr: [0,1]
sel: [0.15,8]
M: 40
K: 100
algo: acorn
efs, recall, qps: 
[800, 0.245, 103.694]
[1000, 0.258, 87.600]
[1200, 0.270, 75.358]
[1500, 0.282, 61.865]
[2000, 0.296, 49.096]
[2500, 0.304, 40.584]
[3000, 0.316, 34.315]
[4000, 0.330, 25.843]

dataset: youtube_rgb
attr: [0,1]
sel: [0.177,7]
M: 40
K: 100
algo: navix
efs, recall, qps: 
[600, 0.919, 31.840]
[800, 0.932, 21.512]
[1000, 0.941, 16.697]
[1200, 0.947, 20.649]
[1500, 0.956, 16.936]
[2000, 0.965, 13.066]
[2500, 0.971, 10.812]

dataset: youtube_rgb
attr: [0,1]
sel: [0.177,7]
M: 40
K: 100
algo: acorn
efs, recall, qps: 
[800, 0.515, 75.592]
[1000, 0.535, 63.231]
[1200, 0.550, 52.521]
[1500, 0.561, 43.559]
[2000, 0.579, 28.548]
[2500, 0.592, 21.295]
[3000, 0.602, 18.025]
[4000, 0.613, 13.922]

dataset: youtube_rgb
attr: [0,1]
sel: [0.233,7]
M: 40
K: 100
algo: navix
efs, recall, qps: 
[600, 0.922, 41.934]
[800, 0.933, 32.013]
[1000, 0.942, 20.954]
[1200, 0.949, 16.471]
[1500, 0.957, 13.387]
[2000, 0.966, 10.667]
[2500, 0.971, 9.082]

dataset: youtube_rgb
attr: [0,1]
sel: [0.233,7]
M: 40
K: 100
algo: acorn
efs, recall, qps: 
[800, 0.606, 69.470]
[1000, 0.624, 56.834]
[1200, 0.637, 47.364]
[1500, 0.650, 39.011]
[2000, 0.668, 29.730]
[2500, 0.680, 23.877]
[3000, 0.689, 19.841]
[4000, 0.701, 15.013]

dataset: youtube_rgb
attr: [0,1]
sel: [0.333,7]
M: 40
K: 100
algo: navix
efs, recall, qps: 
[600, 0.929, 42.118]
[800, 0.939, 32.161]
[1000, 0.947, 26.423]
[1200, 0.953, 18.552]
[1500, 0.958, 13.584]
[2000, 0.967, 10.528]
[2500, 0.972, 8.865]

dataset: youtube_rgb
attr: [0,1]
sel: [0.333,7]
M: 40
K: 100
algo: acorn
efs, recall, qps: 
[800, 0.704, 57.183]
[1000, 0.718, 47.776]
[1200, 0.730, 39.787]
[1500, 0.745, 32.709]
[2000, 0.760, 23.792]
[2500, 0.767, 18.994]
[3000, 0.776, 17.560]
[4000, 0.782, 13.418]

dataset: sift
attr: [0,1]
sel: [0.333,7]
M: 40
K: 10
algo: bfann
predicate: /mnt/data/mocheng/dataset/sift/label/arbi_0_1_random/predicate_dnf_or_0_0.5_1_[1]__1_[2,3].json
[200, 0.99886, 445.2893074559798, -1.0]
[400, 0.99935, 285.54482688006135, -1.0]
[800, 0.9995, 150.04770305386475, -1.0]

dataset: sift
attr: [0,1]
sel: [0.333,7]
M: 40
K: 10
algo: bfann
predicate: /mnt/data/mocheng/dataset/sift/label/arbi_0_1_random/predicate_dnf_or_0_0.5_1_[1]__1_[2,3].json
[200, 0.99707, 539.3681329502408, -1.0]
[400, 0.99839, 306.3829881729398, -1.0]
[800, 0.99898, 164.06084255651038, -1.0]

dataset: sift
attr: [0,1]
sel: [0.333,7]
M: 40
K: 10
algo: bfann
predicate: /mnt/data/mocheng/dataset/sift/label/arbi_0_1_random/predicate_dnf_or_0_0.5_1_[1]__1_[2,3].json
[200, np.float64(0.99467), 571.9640490057751, -1.0]
[400, np.float64(0.99696), 319.1432933911409, -1.0]
[800, np.float64(0.99794), 168.62082117365085, -1.0]

dataset: sift
attr: [0,1]
sel: [0.333,7]
M: 40
K: 10
algo: bfann
predicate: /mnt/data/mocheng/dataset/sift/label/arbi_0_1_random/predicate_dnf_or_0_0.5_1_[1]__1_[2,3].json
[200, np.float64(0.99825), 490.39857148855145, -1.0]
[400, np.float64(0.99898), 278.4108074295356, -1.0]
[800, np.float64(0.99927), 147.73615437792427, -1.0]

dataset: sift
attr: [0,1]
sel: [0.333,7]
M: 40
K: 10
algo: bfann
predicate: /mnt/data/mocheng/dataset/sift/label/arbi_0_1_random/predicate_dnf_or_0_0.05_1_[1]__1_[4].json
[80, np.float64(0.99542), 515.1893946577676, -1.0]
[100, np.float64(0.99637), 489.62953081843324, -1.0]
[120, np.float64(0.99705), 393.05226179746506, -1.0]
[150, np.float64(0.99756), 335.3288135607313, -1.0]
[200, np.float64(0.99806), 242.30184721375036, -1.0]
[300, np.float64(0.99839), 167.198116699558, -1.0]
[400, np.float64(0.99873), 127.71072748534992, -1.0]
[600, np.float64(0.99895), 84.37017632915543, -1.0]
[800, np.float64(0.99913), 64.5579254395475, -1.0]
[1000, np.float64(0.9992), 51.728141100253715, -1.0]
[1500, np.float64(0.99931), 34.69974192535199, -1.0]
[2000, np.float64(0.99942), 26.064023405193545, -1.0]

dataset: sift
attr: [0,1]
sel: [0.333,7]
M: 40
K: 10
algo: bfann
predicate: /mnt/data/mocheng/dataset/sift/label/arbi_0_1_random/predicate_dnf_or_0_0.05_1_[1]__1_[4].json
[10, np.float64(0.86606), 4138.707092148335, -1.0]
[20, np.float64(0.94709), 2072.0909918939888, -1.0]
[30, np.float64(0.97131), 1438.6549050803544, -1.0]
[50, np.float64(0.98603), 831.4841552789777, -1.0]
[80, np.float64(0.99179), 590.5760330610746, -1.0]
[100, np.float64(0.99322), 469.4785505603728, -1.0]
[120, np.float64(0.99423), 408.20816562512516, -1.0]
[150, np.float64(0.99509), 315.06429399735, -1.0]
[200, np.float64(0.99607), 247.04153714147847, -1.0]

dataset: sift
attr: [0,1]
sel: [0.333,7]
M: 40
K: 10
algo: bfann
predicate: /mnt/data/mocheng/dataset/sift/label/arbi_0_1_random/predicate_dnf_or_0_0.05_1_[1]__1_[4].json
[10, np.float64(0.85422), 4321.792113373184, -1.0]
[20, np.float64(0.93543), 2293.582928230494, -1.0]
[30, np.float64(0.96056), 1593.2735755964343, -1.0]
[50, np.float64(0.97754), 995.9770099384842, -1.0]
[80, np.float64(0.98541), 596.2099884175343, -1.0]
[100, np.float64(0.98765), 526.9724768429093, -1.0]
[120, np.float64(0.98931), 435.2460623904395, -1.0]
[150, np.float64(0.99075), 358.12843486257236, -1.0]
[200, np.float64(0.9923), 262.5280128507975, -1.0]

dataset: sift
attr: [0,1]
sel: [0.333,7]
M: 40
K: 10
algo: bfann
predicate: /mnt/data/mocheng/dataset/sift/label/arbi_0_1_random/predicate_dnf_or_0_0.05_1_[1]__1_[4].json
[10, np.float64(0.83214), 4533.574501151092, -1.0]
[20, np.float64(0.9143), 2086.9366537734445, -1.0]
[30, np.float64(0.94235), 1673.2415960211492, -1.0]
[50, np.float64(0.96238), 1036.227356311883, -1.0]
[80, np.float64(0.97383), 674.6208142623483, -1.0]
[100, np.float64(0.97765), 547.0040170059752, -1.0]
[120, np.float64(0.9802), 437.4811021392496, -1.0]
[150, np.float64(0.98277), 366.62604615134234, -1.0]
[200, np.float64(0.98579), 282.3635167053612, -1.0]

dataset: sift
attr: [0,1]
sel: [0.333,7]
M: 40
K: 10
algo: bfann
predicate: /mnt/data/mocheng/dataset/sift/label/arbi_0_1_random/predicate_dnf_or_0_0.05_1_[1]__1_[4].json
[10, np.float64(0.87299), 3019.6992657997334, -1.0]
[20, np.float64(0.95281), 1802.5380595257725, -1.0]
[30, np.float64(0.97698), 1332.3449156031472, -1.0]
[50, np.float64(0.99078), 837.6258045138248, -1.0]

dataset: sift
attr: [0,1]
sel: [0.333,7]
M: 40
K: 10
algo: bfann
predicate: /mnt/data/mocheng/dataset/sift/label/arbi_0_1_random/predicate_dnf_or_0_0.05_1_[1]__1_[4].json
[10, np.float64(0.87299), 2959.578294188562, -1.0]
[20, np.float64(0.95281), 1906.0265244766692, -1.0]
[30, np.float64(0.97698), 1443.4884598123945, -1.0]
[50, np.float64(0.99078), 913.5891392100461, -1.0]
[80, np.float64(0.99542), 610.0437307401635, -1.0]
[100, np.float64(0.99637), 432.56613138614165, -1.0]
[120, np.float64(0.99705), 407.054209829175, -1.0]
[150, np.float64(0.99756), 325.8885169879998, -1.0]
[200, np.float64(0.99806), 241.66881784724737, -1.0]

dataset: sift
attr: [0,1]
sel: [0.333,7]
M: 40
K: 10
algo: bfann
predicate: /mnt/data/mocheng/dataset/sift/label/arbi_0_1_random/predicate_dnf_or_0_0.05_1_[1]__1_[4].json
[10, np.float64(0.87299), 3855.897693919256, -1.0]
[20, np.float64(0.95281), 1882.535346258391, -1.0]
[30, np.float64(0.97698), 1387.433587716314, -1.0]
[50, np.float64(0.99078), 833.5753322194893, -1.0]
[80, np.float64(0.99542), 589.696104129016, -1.0]
[100, np.float64(0.99637), 474.75459236030343, -1.0]
[120, np.float64(0.99705), 382.2349977030198, -1.0]
[150, np.float64(0.99756), 325.6438330668835, -1.0]
[200, np.float64(0.99806), 253.12247606857906, -1.0]

dataset: sift
attr: [0,1]
sel: [0.333,7]
M: 40
K: 10
algo: bfann
predicate: /mnt/data/mocheng/dataset/sift/label/arbi_0_1_random/predicate_dnf_or_0_0.05_1_[1]__1_[4].json
[10, np.float64(0.87299), 3395.8610094027927, -1.0]
[20, np.float64(0.95281), 1918.4224593390466, -1.0]
[30, np.float64(0.97698), 1431.3758599747655, -1.0]
[50, np.float64(0.99078), 855.845167160626, -1.0]
[80, np.float64(0.99542), 589.476935322694, -1.0]
[100, np.float64(0.99637), 494.14788812034993, -1.0]
[120, np.float64(0.99705), 390.9607186593685, -1.0]
[150, np.float64(0.99756), 331.6509710817835, -1.0]
[200, np.float64(0.99806), 256.407602639863, -1.0]

dataset: sift
attr: [0,1]
sel: [0.333,7]
M: 40
K: 10
algo: bfann
predicate: /mnt/data/mocheng/dataset/sift/label/arbi_0_1_random/predicate_dnf_or_0_0.05_1_[1]__1_[4].json
[10, np.float64(0.87299), 3006.406177179318, -1.0]
[20, np.float64(0.95281), 1788.1324868357542, -1.0]
[30, np.float64(0.97698), 1410.2897151871814, -1.0]
[50, np.float64(0.99078), 876.5053368702518, -1.0]
[80, np.float64(0.99542), 544.0214039915332, -1.0]
[100, np.float64(0.99637), 486.34141194854703, -1.0]
[120, np.float64(0.99705), 398.1861457840275, -1.0]
[150, np.float64(0.99756), 323.1149238099927, -1.0]
[200, np.float64(0.99806), 245.18644282482433, -1.0]

dataset: sift
attr: [0,1]
sel: [0.333,7]
M: 40
K: 10
algo: bfann
predicate: /mnt/data/mocheng/dataset/sift/label/arbi_0_1_random/predicate_dnf_or_0_0.05_1_[1]__1_[4].json
[10, np.float64(0.87299), 3433.4548653334355, -1.0]
[20, np.float64(0.95281), 1831.9067421773336, -1.0]
[30, np.float64(0.97698), 1384.8322858202891, -1.0]
[50, np.float64(0.99078), 879.2309714060182, -1.0]
[80, np.float64(0.99542), 534.861380456485, -1.0]
[100, np.float64(0.99637), 481.7200989413986, -1.0]
[120, np.float64(0.99705), 398.3483701951405, -1.0]
[150, np.float64(0.99756), 325.7561958857909, -1.0]
[200, np.float64(0.99806), 240.7157004744734, -1.0]

dataset: sift
attr: [0,1]
sel: [0.333,7]
M: 40
K: 10
algo: bfann
predicate: /mnt/data/mocheng/dataset/sift/label/arbi_0_1_random/predicate_dnf_or_0_0.05_1_[1]__1_[4].json
[10, np.float64(0.87299), 2737.741125195321, -1.0]
[20, np.float64(0.95281), 1878.4115397227479, -1.0]
[30, np.float64(0.97698), 1305.4524991658657, -1.0]
[50, np.float64(0.99078), 897.9941647455787, -1.0]
[80, np.float64(0.99542), 602.6611524342161, -1.0]
[100, np.float64(0.99637), 439.90290492227734, -1.0]
[120, np.float64(0.99705), 406.50593801167855, -1.0]
[150, np.float64(0.99756), 325.847750462095, -1.0]
[200, np.float64(0.99806), 241.07980428244758, -1.0]

dataset: sift
attr: [0,1]
sel: [0.333,7]
M: 40
K: 10
algo: bfann
predicate: /mnt/data/mocheng/dataset/sift/label/arbi_0_1_random/predicate_dnf_or_0_0.05_1_[1]__1_[4].json
[10, np.float64(0.87299), 4092.062987836312, -1.0]
[20, np.float64(0.95281), 1921.4980624695406, -1.0]
[30, np.float64(0.97698), 1177.2892715122932, -1.0]
[50, np.float64(0.99078), 864.7842292933105, -1.0]
[80, np.float64(0.99542), 597.553964622098, -1.0]
[100, np.float64(0.99637), 459.9848391475359, -1.0]
[120, np.float64(0.99705), 411.8126363177515, -1.0]
[150, np.float64(0.99756), 319.5104327525983, -1.0]
[200, np.float64(0.99806), 252.13463780848434, -1.0]

dataset: Redcaps_4M
attr: [0,1]
sel: [0.1,9]
M: 40
K: 10
algo: bfann
predicate: /mnt/data/mocheng/dataset/redcaps4m/label/arbi_0_1_random/predicate_arbi_0_1_[0.1,9].json
[10, np.float64(0.9868), 127.73692461868845, 33780.823]
[20, np.float64(0.9932), 85.5063605475419, 66455.905]
[30, np.float64(0.9949), 64.2202357413084, 99668.735]
[50, np.float64(0.9957), 44.70754156231577, 164875.679]
[80, np.float64(0.9964), 31.040795328019517, 261092.898]
[100, np.float64(0.9967), 25.570285467948093, 325208.382]
[120, np.float64(0.9968), 21.724207074967147, 389621.209]
[150, np.float64(0.9969), 17.963861018738438, 485154.532]
[200, np.float64(0.9972), 13.811689478637556, 644196.421]

dataset: Redcaps_4M
attr: [0,1]
sel: [0.177,7]
M: 40
K: 10
algo: bfann
predicate: /mnt/data/mocheng/dataset/redcaps4m/label/arbi_0_1_random/predicate_arbi_0_1_[0.177,7].json
[10, np.float64(0.9808), 743.843298438131, 6763.509]
[20, np.float64(0.9931), 412.721204106052, 13270.154]
[30, np.float64(0.9962), 286.3544059607648, 19688.035]
[50, np.float64(0.9973), 185.99674613541498, 32444.46]
[80, np.float64(0.998), 128.58170980800716, 51431.66]
[100, np.float64(0.9983), 107.56583339193374, 63911.84]
[120, np.float64(0.9985), 94.94860028764579, 76626.978]
[150, np.float64(0.9984), 79.28235651973186, 95348.609]
[200, np.float64(0.9986), 62.66236091614994, 126878.0]

dataset: Redcaps_4M
attr: [0,1]
sel: [0.75,2]
M: 40
K: 10
algo: bfann
predicate: /mnt/data/mocheng/dataset/redcaps4m/label/arbi_0_1_random/predicate_arbi_0_1_[0.75,2].json
[10, np.float64(0.9473), 1908.0742448208455, 993.876]
[20, np.float64(0.9736), 1395.704443568911, 1579.443]
[30, np.float64(0.9835), 1227.947511829922, 2162.107]
[50, np.float64(0.9921), 830.1012396784174, 3344.209]
[80, np.float64(0.9967), 597.5496824981636, 5109.199]
[100, np.float64(0.9968), 550.6171348454734, 6285.333]
[120, np.float64(0.9974), 484.41255145066657, 7465.041]
[150, np.float64(0.9983), 403.9029955797302, 9227.55]
[200, np.float64(0.9986), 326.4555366940094, 12188.006]

dataset: Redcaps_4M
attr: [0,1]
sel: [0.1,9]
M: 40
K: 10
algo: bfann
predicate: /mnt/data/mocheng/dataset/redcaps4m/label/arbi_0_1_random/predicate_arbi_0_1_[0.1,9].json
[5, np.float64(0.9868), 118.59205077475514, 33780.823]
[8, np.float64(0.9868), 176.22079831983083, 33780.823]
[10, np.float64(0.9868), 179.45948786042845, 33780.823]
[12, np.float64(0.9895), 159.12090893715924, 40507.686]
[15, np.float64(0.9912), 135.71783789132417, 50520.628]
[18, np.float64(0.9925), 117.02692900264262, 59999.542]
[20, np.float64(0.9932), 111.93291002417858, 66455.905]
[25, np.float64(0.9941), 92.75413393279032, 82940.254]
[30, np.float64(0.9949), 81.25654664481281, 99668.735]
[40, np.float64(0.9954), 64.51211015568809, 132035.935]
[50, np.float64(0.9957), 53.56678893415384, 164875.679]
[80, np.float64(0.9964), 36.141030831036716, 261092.898]
[100, np.float64(0.9967), 30.155272291647098, 325208.382]
[150, np.float64(0.9969), 21.149829133465254, 485154.532]
[200, np.float64(0.9972), 16.304991552088055, 644196.421]

dataset: Redcaps_4M
attr: [0,1]
sel: [0.177,7]
M: 40
K: 10
algo: bfann
predicate: /mnt/data/mocheng/dataset/redcaps4m/label/arbi_0_1_random/predicate_arbi_0_1_[0.177,7].json
[5, np.float64(0.9808), 597.7326852142284, 6763.509]
[8, np.float64(0.9808), 574.6875208949677, 6763.509]
[10, np.float64(0.9808), 583.5076031345192, 6763.509]
[12, np.float64(0.9843), 513.1827886024906, 8043.963]
[15, np.float64(0.9886), 429.7716954678562, 10005.378]
[18, np.float64(0.9917), 361.3143273144774, 11959.711]
[20, np.float64(0.9931), 345.7958957810105, 13270.154]
[25, np.float64(0.9951), 296.53413904081765, 16498.372]
[30, np.float64(0.9962), 250.2329879704169, 19688.035]
[40, np.float64(0.9966), 204.43076689124476, 26144.718]
[50, np.float64(0.9973), 172.46700861783222, 32444.46]
[80, np.float64(0.998), 117.51724512023574, 51431.66]
[100, np.float64(0.9983), 98.57330071735198, 63911.84]
[150, np.float64(0.9984), 72.4504039171374, 95348.609]
[200, np.float64(0.9986), 57.45976515400026, 126878.0]

dataset: Redcaps_4M
attr: [0,1]
sel: [0.75,2]
M: 40
K: 10
algo: bfann
predicate: /mnt/data/mocheng/dataset/redcaps4m/label/arbi_0_1_random/predicate_arbi_0_1_[0.75,2].json
[5, np.float64(0.9473), 3983.1265942272594, 993.876]
[8, np.float64(0.9473), 3956.797245347987, 993.876]
[10, np.float64(0.9473), 3932.803996654452, 993.876]
[12, np.float64(0.9543), 3504.7980667350753, 1105.668]
[15, np.float64(0.9642), 2938.5190629087547, 1283.611]
[18, np.float64(0.9699), 2623.42724613895, 1457.548]
[20, np.float64(0.9736), 2566.218192274983, 1579.443]
[25, np.float64(0.9804), 2195.421250598018, 1867.849]
[30, np.float64(0.9835), 1779.702844263102, 2162.107]
[40, np.float64(0.9887), 1372.2688300309442, 2753.067]
[50, np.float64(0.9921), 1159.62807224562, 3344.209]
[80, np.float64(0.9967), 787.1418051227695, 5109.199]
[100, np.float64(0.9968), 676.5767054780191, 6285.333]
[150, np.float64(0.9983), 484.40348833005976, 9227.55]
[200, np.float64(0.9986), 387.388490722284, 12188.006]

dataset: Redcaps_4M
attr: [0,0]
sel: [0.1,0.1]
M: 40
K: 10
algo: bfann
predicate: /mnt/data/mocheng/dataset/redcaps4m/label/arbi_0_0_random/predicate_arbi_0_0_[0.1,0.1].json
[5, np.float64(0.9831), 176.43826410288003, 33996.555]
[8, np.float64(0.9831), 180.17217868090447, 33996.555]
[10, np.float64(0.9831), 187.801405229402, 33996.555]
[12, np.float64(0.9863), 161.77348278155245, 40664.969]
[15, np.float64(0.9887), 138.78010278446362, 50593.876]
[18, np.float64(0.9905), 120.41075637392954, 60511.528]
[20, np.float64(0.9911), 111.83478490708853, 67300.119]
[25, np.float64(0.9923), 93.30208540628468, 83810.885]
[30, np.float64(0.9928), 80.92408373912707, 100434.589]
[40, np.float64(0.9937), 64.52040348326472, 133026.936]
[50, np.float64(0.9944), 53.29404277412414, 165784.471]
[80, np.float64(0.995), 36.08297412342299, 263088.237]
[100, np.float64(0.9952), 29.85242469385547, 327533.559]
[150, np.float64(0.9955), 20.790394498933185, 488977.167]
[200, np.float64(0.9957), 16.159246967403874, 647758.324]

dataset: Redcaps_4M
attr: [0,0]
sel: [0.2236,0.2236]
M: 40
K: 10
algo: bfann
predicate: /mnt/data/mocheng/dataset/redcaps4m/label/arbi_0_0_random/predicate_arbi_0_0_[0.2236,0.2236].json
[5, np.float64(0.9785), 554.5805042720363, 7398.479]
[8, np.float64(0.9785), 627.8729016283993, 7398.479]
[10, np.float64(0.9785), 628.689046014784, 7398.479]
[12, np.float64(0.9832), 533.8703725837084, 8770.871]
[15, np.float64(0.9883), 463.2128629107472, 10888.052]
[18, np.float64(0.9902), 403.10981389766926, 12921.812]
[20, np.float64(0.992), 368.2568079330499, 14329.14]
[25, np.float64(0.9931), 302.17226951236506, 17701.292]
[30, np.float64(0.9952), 274.16102609583254, 21128.449]
[40, np.float64(0.9964), 219.125374880199, 27881.795]
[50, np.float64(0.9973), 180.71788574536956, 34740.455]
[80, np.float64(0.998), 126.30301903164826, 55179.913]
[100, np.float64(0.9983), 104.81286586884718, 68683.508]
[150, np.float64(0.9985), 76.75741472021086, 101967.917]
[200, np.float64(0.9987), 60.4649048003377, 135485.538]

dataset: Redcaps_4M
attr: [0,0]
sel: [0.316,0.316]
M: 40
K: 10
algo: bfann
predicate: /mnt/data/mocheng/dataset/redcaps4m/label/arbi_0_0_random/predicate_arbi_0_0_[0.316,0.316].json
[5, np.float64(0.9749), 898.4820951752181, 3865.113]
[8, np.float64(0.9749), 1099.6682357345824, 3865.113]
[10, np.float64(0.9749), 1114.8635573956294, 3865.113]
[12, np.float64(0.9812), 933.8717958651671, 4552.149]
[15, np.float64(0.986), 774.1730662672908, 5593.795]
[18, np.float64(0.9892), 670.6168476353516, 6641.749]
[20, np.float64(0.9907), 656.9656651459708, 7342.409]
[25, np.float64(0.993), 524.2979616612715, 9097.774]
[30, np.float64(0.995), 454.70229348916547, 10847.985]
[40, np.float64(0.9962), 356.8914539796554, 14339.109]
[50, np.float64(0.9972), 306.1911912244402, 17789.786]
[80, np.float64(0.9983), 212.37384444647205, 28178.527]
[100, np.float64(0.9986), 177.67519997919226, 35139.208]
[150, np.float64(0.9987), 131.45365102820082, 52252.937]
[200, np.float64(0.9989), 103.8076479258191, 69314.277]

dataset: Redcaps_4M
attr: [0,1]
sel: [0.1,9]
M: 40
K: 10
algo: bfann
predicate: /mnt/data/mocheng/dataset/redcaps4m/label/arbi_0_1_random/predicate_arbi_0_1_[0.1,9].json
[1, np.float64(0.9868), 190.53028630529045, 29301.604]
[2, np.float64(0.9868), 184.74707606306, 29301.604]
[3, np.float64(0.9868), 181.40594119785416, 29301.604]
[5, np.float64(0.9868), 187.32829763121018, 29301.604]

dataset: Redcaps_4M
attr: [0,1]
sel: [0.1,9]
M: 40
K: 10
algo: navix
predicate: /mnt/data/mocheng/dataset/redcaps4m/label/arbi_0_1_random/predicate_arbi_0_1_[0.1,9].json
[100, 0.892, 152.557, 606.459]
[200, 0.935, 90.164, 893.604]
[300, 0.950, 69.475, 1156.833]
[500, 0.965, 43.931, 1644.179]
[800, 0.973, 28.626, 2324.367]

dataset: Redcaps_4M
attr: [0,1]
sel: [0.1,9]
M: 40
K: 10
algo: bfann
predicate: /mnt/data/mocheng/dataset/redcaps4m/label/arbi_0_1_random/predicate_arbi_0_1_[0.1,9].json
[1, np.float64(0.0999), 1078.7341712249356, 3269.288]
[2, np.float64(0.2), 641.5875218588965, 6192.101]
[3, np.float64(0.3), 431.9252191238588, 9123.588]
[5, np.float64(0.5), 296.2120933911496, 14779.171]
[8, np.float64(0.7997), 217.69687072270798, 23426.505]
[10, np.float64(0.9868), 177.4175127579918, 29301.604]
[12, np.float64(0.9895), 166.71806834110652, 35127.089]
[15, np.float64(0.9912), 140.13882895665117, 43795.363]
[20, np.float64(0.9932), 110.62695325569277, 57585.39]

dataset: Redcaps_4M
attr: [0,1]
sel: [0.1,9]
M: 40
K: 10
algo: vanilla_postfilter
predicate: /mnt/data/mocheng/dataset/redcaps4m/label/arbi_0_1_random/predicate_arbi_0_1_[0.1,9].json
[1500, 0.9829, 155.010309988541, 53771.815]

dataset: Redcaps_4M
attr: [0,1]
sel: [0.1,9]
M: 40
K: 10
algo: vanilla_postfilter
predicate: /mnt/data/mocheng/dataset/redcaps4m/label/arbi_0_1_random/predicate_arbi_0_1_[0.1,9].json
[500, 0.4956, 380.36673619298085, 18242.932]
[1000, 0.877, 212.98337666914384, 36057.208]
[1500, 0.9829, 152.11111038175926, 53771.815]
[2000, 0.996, 120.07482346572947, 71408.858]
[3000, 0.9988, 84.04758415676396, 106484.364]

dataset: Redcaps_4M
attr: [0,1]
sel: [0.1,9]
M: 40
K: 10
algo: bfann
predicate: /mnt/data/mocheng/dataset/redcaps4m/label/arbi_0_1_random/predicate_arbi_0_1_[0.1,9].json
[1, np.float64(0.0999), 1115.0277513854426, 3269.288]
[2, np.float64(0.1991), 610.4844339207959, 6151.913]
[3, np.float64(0.2982), 433.4331962409991, 9042.344]
[5, np.float64(0.4964), 284.4046930560717, 14639.141]
[8, np.float64(0.7934), 195.1061218505251, 23213.38]
[10, np.float64(0.9788), 162.00084741082006, 29028.112]
[12, np.float64(0.9815), 141.5814541872887, 34795.468]
[15, np.float64(0.9831), 118.55298284142027, 43376.526]
[20, np.float64(0.9851), 94.50680374883164, 57064.314]

dataset: Redcaps_4M
attr: [0,1]
sel: [0.1,9]
M: 40
K: 10
algo: bfann
predicate: /mnt/data/mocheng/dataset/redcaps4m/label/arbi_0_1_random/predicate_arbi_0_1_[0.1,9].json
[1, np.float64(0.0984), 1073.5373537814494, 3231.734]
[2, np.float64(0.1961), 636.7191514548524, 6093.71]
[3, np.float64(0.2937), 459.9766014557632, 8952.312]
[5, np.float64(0.4889), 297.8972140177399, 14479.795]
[8, np.float64(0.7815), 203.9193035936106, 22946.756]
[10, np.float64(0.9646), 171.25620304499552, 28681.321]
[12, np.float64(0.9672), 148.26636720492343, 34383.382]
[15, np.float64(0.9686), 125.58655584670987, 42839.863]
[20, np.float64(0.9705), 99.37830509909045, 56329.554]

dataset: Redcaps_4M
attr: [0,1]
sel: [0.1,9]
M: 40
K: 10
algo: bfann
predicate: /mnt/data/mocheng/dataset/redcaps4m/label/arbi_0_1_random/predicate_arbi_0_1_[0.1,9].json
[5, 0.5, 246.33996703723832, 14779.171]
[8, 0.7997, 170.23268276881856, 23426.505]
[10, 0.9868, 152.48078877677318, 29301.604]
[12, 0.9895, 179.0303091199087, 35127.089]
[15, 0.9912, 151.31215722740606, 43795.363]
[20, 0.9932, 120.02482851558048, 57585.39]
[30, 0.9949, 84.34781512258776, 86315.682]
[40, 0.9954, 66.15136897543341, 114291.664]
[50, 0.9957, 54.46564279285754, 142657.442]
[80, 0.9964, 36.13440324192908, 225682.952]
[100, 0.9967, 29.632549599784337, 280972.727]
[120, 0.9968, 25.312483924358116, 336499.456]
[150, 0.9969, 20.757109129886203, 418817.076]
[200, 0.9972, 16.06054532244387, 555777.689]
[300, 0.9978, 11.097178467742596, 825613.253]
[400, 0.998, 8.506614736946075, 1093285.23]
[600, 0.9983, 5.7900748126704205, 1631775.702]

dataset: Redcaps_4M
attr: [0,1]
sel: [0.1,9]
M: 40
K: 10
algo: bfann
predicate: /mnt/data/mocheng/dataset/redcaps4m/label/arbi_0_1_random/predicate_arbi_0_1_[0.1,9].json
[5, 0.5, 396.9871296143806, 18167.979]
[8, 0.8, 268.67298871463066, 28795.168]
[10, 0.9935, 222.5627457816167, 36043.338]
[12, 0.9951, 190.8805746718107, 43258.237]
[15, 0.9966, 124.77124698245922, 53987.006]
[20, 0.9975, 120.2538301538048, 71020.003]
[30, 0.9987, 88.29624987703312, 106397.456]
[40, 0.999, 69.45955424340868, 140770.747]
[50, 0.9991, 57.28766630760438, 175914.72]
[80, 0.9994, 38.43706112506856, 278517.168]
[100, 0.9996, 31.753875005486876, 346692.324]
[120, 0.9997, 27.074784183972284, 415547.098]
[150, 0.9996, 22.326298668954536, 516944.43]
[200, 0.9996, 17.40780647840137, 686224.877]
[300, 0.9997, 12.218843885224617, 1019340.943]
[400, 0.9999, 9.507963203449023, 1350064.176]
[600, 1.0, 6.59751058732862, 2014738.299]

dataset: Redcaps_4M
attr: [0,1]
sel: [0.1,9]
M: 40
K: 10
algo: bfann
predicate: /mnt/data/mocheng/dataset/redcaps4m/label/arbi_0_1_random/predicate_arbi_0_1_[0.1,9].json
[5, 0.5, 324.5025621775035, 14779.171]
[8, 0.7997, 210.25543030261954, 23426.505]
[10, 0.9868, 173.75295926157114, 29301.604]
[12, 0.9895, 188.39478792434716, 35127.089]
[15, 0.9912, 165.86183634815, 43795.363]
[20, 0.9932, 130.8955078600738, 57585.39]
[30, 0.9949, 92.65353365987691, 86315.682]
[40, 0.9954, 72.57531574376382, 114291.664]
[50, 0.9957, 59.742077078330205, 142657.442]
[80, 0.9964, 39.80814396800895, 225682.952]
[100, 0.9967, 32.77145303583667, 280972.727]
[120, 0.9968, 27.829683164969317, 336499.456]
[150, 0.9969, 22.878600272391616, 418817.076]
[200, 0.9972, 17.687269304132894, 555777.689]
[300, 0.9978, 12.313268209203024, 825613.253]
[400, 0.998, 9.502594297752415, 1093285.23]
[600, 0.9983, 6.466755714561872, 1631775.702]

dataset: Redcaps_4M
attr: [0,1]
sel: [0.1,9]
M: 40
K: 10
algo: bfann
predicate: /mnt/data/mocheng/dataset/redcaps4m/label/arbi_0_1_random/predicate_arbi_0_1_[0.1,9].json
[1, 0.0999, 1189.8765131598918, 3269.288]
[2, 0.2, 664.1593854326549, 6192.101]
[3, 0.3, 493.82236963869514, 9123.588]
[5, 0.5, 327.97479296821086, 14779.171]
[8, 0.7997, 221.96116363358487, 23426.505]
[10, 0.9868, 183.8564358019772, 29301.604]
[12, 0.9895, 157.5125604721399, 35127.089]
[15, 0.9912, 130.788691259, 43795.363]
[20, 0.9932, 78.32776917803449, 57585.39]

dataset: Redcaps_4M
attr: [0,1]
sel: [0.1,9]
M: 40
K: 10
algo: bfann
predicate: /mnt/data/mocheng/dataset/redcaps4m/label/arbi_0_1_random/predicate_arbi_0_1_[0.1,9].json
[1, 0.0998, 1502.8219761572395, 3972.931]
[2, 0.2, 847.657792571305, 7585.441]
[3, 0.3, 609.2583710303389, 11189.514]
[5, 0.5, 401.6883093997829, 18167.979]
[8, 0.8, 272.8948814707721, 28795.168]
[10, 0.9935, 225.92293386798244, 36043.338]
[12, 0.9951, 193.3622455170318, 43258.237]
[15, 0.9966, 160.70852532951002, 53987.006]
[20, 0.9975, 127.36606154863476, 71020.003]

dataset: Redcaps_4M
attr: [0,1]
sel: [0.1,9]
M: 40
K: 10
algo: bfann
predicate: /mnt/data/mocheng/dataset/redcaps4m/label/arbi_0_1_random/predicate_arbi_0_1_[0.1,9].json
[1, 0.0999, 1608.8906823825814, 3269.288]
[2, 0.2, 910.9613898951428, 6192.101]
[3, 0.3, 648.299912654333, 9123.588]
[5, 0.5, 429.24508895904864, 14779.171]
[8, 0.7997, 288.9064917281197, 23426.505]
[10, 0.9868, 238.62798738424195, 29301.604]
[12, 0.9895, 204.5636031837622, 35127.089]
[15, 0.9912, 169.7943014620602, 43795.363]
[20, 0.9932, 133.86527038138527, 57585.39]

dataset: Redcaps_4M
attr: [0,1]
sel: [0.1,9]
M: 40
K: 10
algo: bfann
predicate: /mnt/data/mocheng/dataset/redcaps4m/label/arbi_0_1_random/predicate_arbi_0_1_[0.1,9].json
[1, 0.0998, 1493.8038700036077, 3972.931]
[2, 0.2, 845.7743285161567, 7585.441]
[3, 0.3, 600.7615683696321, 11189.514]
[5, 0.5, 401.2705021544961, 18167.979]
[8, 0.8, 271.39669354856454, 28795.168]
[10, 0.9935, 224.74894939892854, 36043.338]
[12, 0.9951, 192.58448285631033, 43258.237]
[15, 0.9966, 159.9250839221739, 53987.006]
[20, 0.9975, 118.10855952411727, 71020.003]

